ISO-10303-21;
HEADER;
/* Generated by software containing ST-Developer
 * from STEP Tools, Inc. (www.steptools.com) 
 */

FILE_DESCRIPTION(
/* description */ (''),
/* implementation_level */ '2;1');

FILE_NAME(
/* name */ 'bandiera 46.step',
/* time_stamp */ '2025-10-15T17:31:51+02:00',
/* author */ (''),
/* organization */ (''),
/* preprocessor_version */ 'ST-DEVELOPER v20.1',
/* originating_system */ 'Autodesk Translation Framework v14.17.0.0',
/* authorisation */ '');

FILE_SCHEMA (('AUTOMOTIVE_DESIGN { 1 0 10303 214 3 1 1 }'));
ENDSEC;

DATA;
#10=MECHANICAL_DESIGN_GEOMETRIC_PRESENTATION_REPRESENTATION('',(#19,#20,
#21),#4155);
#11=ITEM_DEFINED_TRANSFORMATION($,$,#2100,#2167);
#12=(
REPRESENTATION_RELATIONSHIP($,$,#4166,#4165)
REPRESENTATION_RELATIONSHIP_WITH_TRANSFORMATION(#11)
SHAPE_REPRESENTATION_RELATIONSHIP()
);
#13=CONTEXT_DEPENDENT_SHAPE_REPRESENTATION(#12,#4164);
#14=NEXT_ASSEMBLY_USAGE_OCCURRENCE('Componente1:1','Componente1:1',
'Componente1:1',#4168,#4169,'Componente1:1');
#15=SHAPE_REPRESENTATION_RELATIONSHIP('SRR','None',#4166,#17);
#16=SHAPE_REPRESENTATION_RELATIONSHIP('SRR','None',#4165,#18);
#17=ADVANCED_BREP_SHAPE_REPRESENTATION('',(#22),#4154);
#18=ADVANCED_BREP_SHAPE_REPRESENTATION('',(#23,#24),#4153);
#19=STYLED_ITEM('',(#4181),#22);
#20=STYLED_ITEM('',(#4180),#23);
#21=STYLED_ITEM('',(#4180),#24);
#22=MANIFOLD_SOLID_BREP('Corpo1',#2084);
#23=MANIFOLD_SOLID_BREP('Corpo3',#2085);
#24=MANIFOLD_SOLID_BREP('Corpo4',#2086);
#25=(
BOUNDED_SURFACE()
B_SPLINE_SURFACE(5,1,((#3330,#3331),(#3332,#3333),(#3334,#3335),(#3336,
#3337),(#3338,#3339),(#3340,#3341),(#3342,#3343),(#3344,#3345),(#3346,#3347),
(#3348,#3349),(#3350,#3351),(#3352,#3353),(#3354,#3355),(#3356,#3357),(#3358,
#3359),(#3360,#3361),(#3362,#3363),(#3364,#3365),(#3366,#3367),(#3368,#3369),
(#3370,#3371),(#3372,#3373),(#3374,#3375),(#3376,#3377),(#3378,#3379)),
 .UNSPECIFIED.,.F.,.F.,.F.)
B_SPLINE_SURFACE_WITH_KNOTS((6,1,1,1,1,1,1,1,1,1,1,1,1,1,1,1,1,1,1,1,6),
(2,2),(0.,0.05,0.1,0.15,0.2,0.25,0.3,0.35,0.4,0.45,0.5,0.55,0.6,0.65,0.7,
0.75,0.8,0.85,0.9,0.95,1.),(0.,0.2),.UNSPECIFIED.)
GEOMETRIC_REPRESENTATION_ITEM()
RATIONAL_B_SPLINE_SURFACE(((1.,1.),(1.,1.),(1.,1.),(1.,1.),(1.,1.),(1.,
1.),(1.,1.),(1.,1.),(1.,1.),(1.,1.),(1.,1.),(1.,1.),(1.,1.),(1.,1.),(1.,
1.),(1.,1.),(1.,1.),(1.,1.),(1.,1.),(1.,1.),(1.,1.),(1.,1.),(1.,1.),(1.,
1.),(1.,1.)))
REPRESENTATION_ITEM('')
SURFACE()
);
#26=CYLINDRICAL_SURFACE('',#2122,5.);
#27=CYLINDRICAL_SURFACE('',#2125,5.);
#28=CYLINDRICAL_SURFACE('',#2132,5.);
#29=CYLINDRICAL_SURFACE('',#2134,5.);
#30=CYLINDRICAL_SURFACE('',#2138,2.75);
#31=(
BOUNDED_CURVE()
B_SPLINE_CURVE(5,(#3224,#3225,#3226,#3227,#3228,#3229,#3230,#3231,#3232,
#3233,#3234,#3235,#3236,#3237,#3238,#3239,#3240,#3241,#3242,#3243,#3244,
#3245,#3246,#3247,#3248),.UNSPECIFIED.,.F.,.F.)
B_SPLINE_CURVE_WITH_KNOTS((6,1,1,1,1,1,1,1,1,1,1,1,1,1,1,1,1,1,1,1,6),(0.00606782933370901,
0.05,0.1,0.15,0.2,0.25,0.3,0.35,0.4,0.45,0.5,0.55,0.6,0.65,0.7,0.75,0.8,
0.85,0.9,0.95,0.981996421301759),.UNSPECIFIED.)
CURVE()
GEOMETRIC_REPRESENTATION_ITEM()
RATIONAL_B_SPLINE_CURVE((1.,1.,1.,1.,1.,1.,1.,1.,1.,1.,1.,1.,1.,1.,1.,1.,
1.,1.,1.,1.,1.,1.,1.,1.,1.))
REPRESENTATION_ITEM('')
);
#32=(
BOUNDED_CURVE()
B_SPLINE_CURVE(5,(#3380,#3381,#3382,#3383,#3384,#3385,#3386,#3387,#3388,
#3389,#3390,#3391,#3392,#3393,#3394,#3395,#3396,#3397,#3398,#3399,#3400,
#3401,#3402,#3403,#3404),.UNSPECIFIED.,.F.,.F.)
B_SPLINE_CURVE_WITH_KNOTS((6,1,1,1,1,1,1,1,1,1,1,1,1,1,1,1,1,1,1,1,6),(0.00606782933370899,
0.05,0.1,0.15,0.2,0.25,0.3,0.35,0.4,0.45,0.5,0.55,0.6,0.65,0.7,0.75,0.8,
0.85,0.9,0.95,1.),.UNSPECIFIED.)
CURVE()
GEOMETRIC_REPRESENTATION_ITEM()
RATIONAL_B_SPLINE_CURVE((1.,1.,1.,1.,1.,1.,1.,1.,1.,1.,1.,1.,1.,1.,1.,1.,
1.,1.,1.,1.,1.,1.,1.,1.,1.))
REPRESENTATION_ITEM('')
);
#33=(
BOUNDED_CURVE()
B_SPLINE_CURVE(5,(#3405,#3406,#3407,#3408,#3409,#3410),.UNSPECIFIED.,.F.,
 .F.)
B_SPLINE_CURVE_WITH_KNOTS((6,6),(0.981996421301759,1.),.UNSPECIFIED.)
CURVE()
GEOMETRIC_REPRESENTATION_ITEM()
RATIONAL_B_SPLINE_CURVE((1.,1.,1.,1.,1.,1.))
REPRESENTATION_ITEM('')
);
#34=CIRCLE('',#2119,5.);
#35=CIRCLE('',#2120,5.);
#36=CIRCLE('',#2123,5.);
#37=CIRCLE('',#2126,5.);
#38=CIRCLE('',#2127,5.);
#39=CIRCLE('',#2130,5.);
#40=CIRCLE('',#2131,2.75);
#41=CIRCLE('',#2133,5.);
#42=CIRCLE('',#2135,5.);
#43=CIRCLE('',#2139,2.75);
#44=FACE_BOUND('',#246,.T.);
#45=FACE_BOUND('',#262,.T.);
#46=FACE_BOUND('',#264,.T.);
#47=FACE_BOUND('',#265,.T.);
#48=FACE_BOUND('',#272,.T.);
#49=FACE_BOUND('',#283,.T.);
#50=FACE_BOUND('',#318,.T.);
#51=FACE_BOUND('',#320,.T.);
#52=FACE_BOUND('',#336,.T.);
#53=FACE_BOUND('',#338,.T.);
#54=PLANE('',#2101);
#55=PLANE('',#2102);
#56=PLANE('',#2103);
#57=PLANE('',#2104);
#58=PLANE('',#2105);
#59=PLANE('',#2106);
#60=PLANE('',#2107);
#61=PLANE('',#2108);
#62=PLANE('',#2109);
#63=PLANE('',#2110);
#64=PLANE('',#2111);
#65=PLANE('',#2112);
#66=PLANE('',#2113);
#67=PLANE('',#2114);
#68=PLANE('',#2115);
#69=PLANE('',#2116);
#70=PLANE('',#2117);
#71=PLANE('',#2118);
#72=PLANE('',#2121);
#73=PLANE('',#2124);
#74=PLANE('',#2128);
#75=PLANE('',#2129);
#76=PLANE('',#2136);
#77=PLANE('',#2137);
#78=PLANE('',#2140);
#79=PLANE('',#2141);
#80=PLANE('',#2142);
#81=PLANE('',#2143);
#82=PLANE('',#2144);
#83=PLANE('',#2145);
#84=PLANE('',#2146);
#85=PLANE('',#2147);
#86=PLANE('',#2148);
#87=PLANE('',#2149);
#88=PLANE('',#2150);
#89=PLANE('',#2151);
#90=PLANE('',#2152);
#91=PLANE('',#2153);
#92=PLANE('',#2154);
#93=PLANE('',#2155);
#94=PLANE('',#2156);
#95=PLANE('',#2157);
#96=PLANE('',#2158);
#97=PLANE('',#2159);
#98=PLANE('',#2160);
#99=PLANE('',#2161);
#100=PLANE('',#2162);
#101=PLANE('',#2163);
#102=PLANE('',#2164);
#103=PLANE('',#2165);
#104=PLANE('',#2166);
#105=FACE_OUTER_BOUND('',#217,.T.);
#106=FACE_OUTER_BOUND('',#218,.T.);
#107=FACE_OUTER_BOUND('',#219,.T.);
#108=FACE_OUTER_BOUND('',#220,.T.);
#109=FACE_OUTER_BOUND('',#221,.T.);
#110=FACE_OUTER_BOUND('',#222,.T.);
#111=FACE_OUTER_BOUND('',#223,.T.);
#112=FACE_OUTER_BOUND('',#224,.T.);
#113=FACE_OUTER_BOUND('',#225,.T.);
#114=FACE_OUTER_BOUND('',#226,.T.);
#115=FACE_OUTER_BOUND('',#227,.T.);
#116=FACE_OUTER_BOUND('',#228,.T.);
#117=FACE_OUTER_BOUND('',#229,.T.);
#118=FACE_OUTER_BOUND('',#230,.T.);
#119=FACE_OUTER_BOUND('',#231,.T.);
#120=FACE_OUTER_BOUND('',#232,.T.);
#121=FACE_OUTER_BOUND('',#233,.T.);
#122=FACE_OUTER_BOUND('',#234,.T.);
#123=FACE_OUTER_BOUND('',#235,.T.);
#124=FACE_OUTER_BOUND('',#236,.T.);
#125=FACE_OUTER_BOUND('',#237,.T.);
#126=FACE_OUTER_BOUND('',#238,.T.);
#127=FACE_OUTER_BOUND('',#239,.T.);
#128=FACE_OUTER_BOUND('',#240,.T.);
#129=FACE_OUTER_BOUND('',#241,.T.);
#130=FACE_OUTER_BOUND('',#242,.T.);
#131=FACE_OUTER_BOUND('',#243,.T.);
#132=FACE_OUTER_BOUND('',#244,.T.);
#133=FACE_OUTER_BOUND('',#245,.T.);
#134=FACE_OUTER_BOUND('',#247,.T.);
#135=FACE_OUTER_BOUND('',#248,.T.);
#136=FACE_OUTER_BOUND('',#249,.T.);
#137=FACE_OUTER_BOUND('',#250,.T.);
#138=FACE_OUTER_BOUND('',#251,.T.);
#139=FACE_OUTER_BOUND('',#252,.T.);
#140=FACE_OUTER_BOUND('',#253,.T.);
#141=FACE_OUTER_BOUND('',#254,.T.);
#142=FACE_OUTER_BOUND('',#255,.T.);
#143=FACE_OUTER_BOUND('',#256,.T.);
#144=FACE_OUTER_BOUND('',#257,.T.);
#145=FACE_OUTER_BOUND('',#258,.T.);
#146=FACE_OUTER_BOUND('',#259,.T.);
#147=FACE_OUTER_BOUND('',#260,.T.);
#148=FACE_OUTER_BOUND('',#261,.T.);
#149=FACE_OUTER_BOUND('',#263,.T.);
#150=FACE_OUTER_BOUND('',#266,.T.);
#151=FACE_OUTER_BOUND('',#267,.T.);
#152=FACE_OUTER_BOUND('',#268,.T.);
#153=FACE_OUTER_BOUND('',#269,.T.);
#154=FACE_OUTER_BOUND('',#270,.T.);
#155=FACE_OUTER_BOUND('',#271,.T.);
#156=FACE_OUTER_BOUND('',#273,.T.);
#157=FACE_OUTER_BOUND('',#274,.T.);
#158=FACE_OUTER_BOUND('',#275,.T.);
#159=FACE_OUTER_BOUND('',#276,.T.);
#160=FACE_OUTER_BOUND('',#277,.T.);
#161=FACE_OUTER_BOUND('',#278,.T.);
#162=FACE_OUTER_BOUND('',#279,.T.);
#163=FACE_OUTER_BOUND('',#280,.T.);
#164=FACE_OUTER_BOUND('',#281,.T.);
#165=FACE_OUTER_BOUND('',#282,.T.);
#166=FACE_OUTER_BOUND('',#284,.T.);
#167=FACE_OUTER_BOUND('',#285,.T.);
#168=FACE_OUTER_BOUND('',#286,.T.);
#169=FACE_OUTER_BOUND('',#287,.T.);
#170=FACE_OUTER_BOUND('',#288,.T.);
#171=FACE_OUTER_BOUND('',#289,.T.);
#172=FACE_OUTER_BOUND('',#290,.T.);
#173=FACE_OUTER_BOUND('',#291,.T.);
#174=FACE_OUTER_BOUND('',#292,.T.);
#175=FACE_OUTER_BOUND('',#293,.T.);
#176=FACE_OUTER_BOUND('',#294,.T.);
#177=FACE_OUTER_BOUND('',#295,.T.);
#178=FACE_OUTER_BOUND('',#296,.T.);
#179=FACE_OUTER_BOUND('',#297,.T.);
#180=FACE_OUTER_BOUND('',#298,.T.);
#181=FACE_OUTER_BOUND('',#299,.T.);
#182=FACE_OUTER_BOUND('',#300,.T.);
#183=FACE_OUTER_BOUND('',#301,.T.);
#184=FACE_OUTER_BOUND('',#302,.T.);
#185=FACE_OUTER_BOUND('',#303,.T.);
#186=FACE_OUTER_BOUND('',#304,.T.);
#187=FACE_OUTER_BOUND('',#305,.T.);
#188=FACE_OUTER_BOUND('',#306,.T.);
#189=FACE_OUTER_BOUND('',#307,.T.);
#190=FACE_OUTER_BOUND('',#308,.T.);
#191=FACE_OUTER_BOUND('',#309,.T.);
#192=FACE_OUTER_BOUND('',#310,.T.);
#193=FACE_OUTER_BOUND('',#311,.T.);
#194=FACE_OUTER_BOUND('',#312,.T.);
#195=FACE_OUTER_BOUND('',#313,.T.);
#196=FACE_OUTER_BOUND('',#314,.T.);
#197=FACE_OUTER_BOUND('',#315,.T.);
#198=FACE_OUTER_BOUND('',#316,.T.);
#199=FACE_OUTER_BOUND('',#317,.T.);
#200=FACE_OUTER_BOUND('',#319,.T.);
#201=FACE_OUTER_BOUND('',#321,.T.);
#202=FACE_OUTER_BOUND('',#322,.T.);
#203=FACE_OUTER_BOUND('',#323,.T.);
#204=FACE_OUTER_BOUND('',#324,.T.);
#205=FACE_OUTER_BOUND('',#325,.T.);
#206=FACE_OUTER_BOUND('',#326,.T.);
#207=FACE_OUTER_BOUND('',#327,.T.);
#208=FACE_OUTER_BOUND('',#328,.T.);
#209=FACE_OUTER_BOUND('',#329,.T.);
#210=FACE_OUTER_BOUND('',#330,.T.);
#211=FACE_OUTER_BOUND('',#331,.T.);
#212=FACE_OUTER_BOUND('',#332,.T.);
#213=FACE_OUTER_BOUND('',#333,.T.);
#214=FACE_OUTER_BOUND('',#334,.T.);
#215=FACE_OUTER_BOUND('',#335,.T.);
#216=FACE_OUTER_BOUND('',#337,.T.);
#217=EDGE_LOOP('',(#1311,#1312,#1313,#1314));
#218=EDGE_LOOP('',(#1315,#1316,#1317,#1318));
#219=EDGE_LOOP('',(#1319,#1320,#1321,#1322));
#220=EDGE_LOOP('',(#1323,#1324,#1325,#1326));
#221=EDGE_LOOP('',(#1327,#1328,#1329,#1330));
#222=EDGE_LOOP('',(#1331,#1332,#1333,#1334));
#223=EDGE_LOOP('',(#1335,#1336,#1337,#1338));
#224=EDGE_LOOP('',(#1339,#1340,#1341,#1342));
#225=EDGE_LOOP('',(#1343,#1344,#1345,#1346));
#226=EDGE_LOOP('',(#1347,#1348,#1349,#1350));
#227=EDGE_LOOP('',(#1351,#1352,#1353,#1354));
#228=EDGE_LOOP('',(#1355,#1356,#1357,#1358));
#229=EDGE_LOOP('',(#1359,#1360,#1361,#1362));
#230=EDGE_LOOP('',(#1363,#1364,#1365,#1366));
#231=EDGE_LOOP('',(#1367,#1368,#1369,#1370));
#232=EDGE_LOOP('',(#1371,#1372,#1373,#1374));
#233=EDGE_LOOP('',(#1375,#1376,#1377,#1378));
#234=EDGE_LOOP('',(#1379,#1380,#1381,#1382));
#235=EDGE_LOOP('',(#1383,#1384,#1385,#1386));
#236=EDGE_LOOP('',(#1387,#1388,#1389,#1390));
#237=EDGE_LOOP('',(#1391,#1392,#1393,#1394));
#238=EDGE_LOOP('',(#1395,#1396,#1397,#1398));
#239=EDGE_LOOP('',(#1399,#1400,#1401,#1402));
#240=EDGE_LOOP('',(#1403,#1404,#1405,#1406));
#241=EDGE_LOOP('',(#1407,#1408,#1409,#1410));
#242=EDGE_LOOP('',(#1411,#1412,#1413,#1414));
#243=EDGE_LOOP('',(#1415,#1416,#1417,#1418));
#244=EDGE_LOOP('',(#1419,#1420,#1421,#1422));
#245=EDGE_LOOP('',(#1423,#1424,#1425,#1426,#1427,#1428,#1429,#1430,#1431,
#1432,#1433,#1434,#1435,#1436,#1437,#1438,#1439,#1440,#1441));
#246=EDGE_LOOP('',(#1442,#1443,#1444,#1445,#1446,#1447,#1448,#1449,#1450));
#247=EDGE_LOOP('',(#1451,#1452,#1453,#1454));
#248=EDGE_LOOP('',(#1455,#1456,#1457,#1458));
#249=EDGE_LOOP('',(#1459,#1460,#1461,#1462));
#250=EDGE_LOOP('',(#1463,#1464,#1465,#1466));
#251=EDGE_LOOP('',(#1467,#1468,#1469,#1470));
#252=EDGE_LOOP('',(#1471,#1472,#1473,#1474));
#253=EDGE_LOOP('',(#1475,#1476,#1477,#1478));
#254=EDGE_LOOP('',(#1479,#1480,#1481,#1482));
#255=EDGE_LOOP('',(#1483,#1484,#1485,#1486));
#256=EDGE_LOOP('',(#1487,#1488,#1489,#1490));
#257=EDGE_LOOP('',(#1491,#1492,#1493,#1494));
#258=EDGE_LOOP('',(#1495,#1496,#1497,#1498));
#259=EDGE_LOOP('',(#1499,#1500,#1501,#1502));
#260=EDGE_LOOP('',(#1503,#1504,#1505,#1506));
#261=EDGE_LOOP('',(#1507,#1508,#1509,#1510,#1511,#1512,#1513,#1514,#1515,
#1516,#1517));
#262=EDGE_LOOP('',(#1518,#1519,#1520));
#263=EDGE_LOOP('',(#1521,#1522,#1523,#1524,#1525,#1526,#1527,#1528,#1529,
#1530,#1531));
#264=EDGE_LOOP('',(#1532,#1533,#1534,#1535,#1536,#1537,#1538,#1539,#1540,
#1541,#1542,#1543,#1544,#1545,#1546,#1547,#1548,#1549,#1550));
#265=EDGE_LOOP('',(#1551,#1552,#1553,#1554,#1555,#1556,#1557,#1558,#1559,
#1560,#1561));
#266=EDGE_LOOP('',(#1562,#1563,#1564));
#267=EDGE_LOOP('',(#1565,#1566,#1567,#1568));
#268=EDGE_LOOP('',(#1569,#1570,#1571,#1572));
#269=EDGE_LOOP('',(#1573,#1574,#1575,#1576));
#270=EDGE_LOOP('',(#1577,#1578,#1579,#1580));
#271=EDGE_LOOP('',(#1581,#1582,#1583,#1584,#1585,#1586,#1587,#1588));
#272=EDGE_LOOP('',(#1589));
#273=EDGE_LOOP('',(#1590,#1591,#1592,#1593));
#274=EDGE_LOOP('',(#1594,#1595,#1596,#1597));
#275=EDGE_LOOP('',(#1598,#1599,#1600,#1601));
#276=EDGE_LOOP('',(#1602,#1603,#1604,#1605));
#277=EDGE_LOOP('',(#1606,#1607,#1608,#1609,#1610));
#278=EDGE_LOOP('',(#1611,#1612,#1613));
#279=EDGE_LOOP('',(#1614,#1615,#1616,#1617));
#280=EDGE_LOOP('',(#1618,#1619,#1620,#1621));
#281=EDGE_LOOP('',(#1622,#1623,#1624,#1625));
#282=EDGE_LOOP('',(#1626,#1627,#1628,#1629,#1630,#1631,#1632));
#283=EDGE_LOOP('',(#1633));
#284=EDGE_LOOP('',(#1634,#1635,#1636,#1637,#1638,#1639,#1640,#1641,#1642));
#285=EDGE_LOOP('',(#1643,#1644,#1645,#1646));
#286=EDGE_LOOP('',(#1647,#1648,#1649,#1650));
#287=EDGE_LOOP('',(#1651,#1652,#1653,#1654));
#288=EDGE_LOOP('',(#1655,#1656,#1657,#1658,#1659,#1660,#1661,#1662,#1663,
#1664));
#289=EDGE_LOOP('',(#1665,#1666,#1667,#1668));
#290=EDGE_LOOP('',(#1669,#1670,#1671,#1672));
#291=EDGE_LOOP('',(#1673,#1674,#1675,#1676));
#292=EDGE_LOOP('',(#1677,#1678,#1679,#1680));
#293=EDGE_LOOP('',(#1681,#1682,#1683,#1684));
#294=EDGE_LOOP('',(#1685,#1686,#1687,#1688));
#295=EDGE_LOOP('',(#1689,#1690,#1691,#1692));
#296=EDGE_LOOP('',(#1693,#1694,#1695,#1696));
#297=EDGE_LOOP('',(#1697,#1698,#1699,#1700));
#298=EDGE_LOOP('',(#1701,#1702,#1703,#1704));
#299=EDGE_LOOP('',(#1705,#1706,#1707,#1708));
#300=EDGE_LOOP('',(#1709,#1710,#1711,#1712));
#301=EDGE_LOOP('',(#1713,#1714,#1715,#1716));
#302=EDGE_LOOP('',(#1717,#1718,#1719,#1720));
#303=EDGE_LOOP('',(#1721,#1722,#1723,#1724));
#304=EDGE_LOOP('',(#1725,#1726,#1727,#1728));
#305=EDGE_LOOP('',(#1729,#1730,#1731,#1732));
#306=EDGE_LOOP('',(#1733,#1734,#1735,#1736));
#307=EDGE_LOOP('',(#1737,#1738,#1739,#1740));
#308=EDGE_LOOP('',(#1741,#1742,#1743,#1744));
#309=EDGE_LOOP('',(#1745,#1746,#1747,#1748));
#310=EDGE_LOOP('',(#1749,#1750,#1751,#1752));
#311=EDGE_LOOP('',(#1753,#1754,#1755,#1756));
#312=EDGE_LOOP('',(#1757,#1758,#1759,#1760));
#313=EDGE_LOOP('',(#1761,#1762,#1763,#1764));
#314=EDGE_LOOP('',(#1765,#1766,#1767,#1768));
#315=EDGE_LOOP('',(#1769,#1770,#1771,#1772));
#316=EDGE_LOOP('',(#1773,#1774,#1775,#1776));
#317=EDGE_LOOP('',(#1777,#1778,#1779,#1780,#1781,#1782,#1783,#1784,#1785,
#1786,#1787,#1788,#1789,#1790,#1791,#1792,#1793,#1794,#1795));
#318=EDGE_LOOP('',(#1796,#1797,#1798,#1799,#1800,#1801,#1802,#1803,#1804));
#319=EDGE_LOOP('',(#1805,#1806,#1807,#1808,#1809,#1810,#1811,#1812,#1813,
#1814,#1815,#1816,#1817,#1818,#1819,#1820,#1821,#1822,#1823));
#320=EDGE_LOOP('',(#1824,#1825,#1826,#1827,#1828,#1829,#1830,#1831,#1832));
#321=EDGE_LOOP('',(#1833,#1834,#1835,#1836));
#322=EDGE_LOOP('',(#1837,#1838,#1839,#1840));
#323=EDGE_LOOP('',(#1841,#1842,#1843,#1844));
#324=EDGE_LOOP('',(#1845,#1846,#1847,#1848));
#325=EDGE_LOOP('',(#1849,#1850,#1851,#1852));
#326=EDGE_LOOP('',(#1853,#1854,#1855,#1856));
#327=EDGE_LOOP('',(#1857,#1858,#1859,#1860));
#328=EDGE_LOOP('',(#1861,#1862,#1863,#1864));
#329=EDGE_LOOP('',(#1865,#1866,#1867,#1868));
#330=EDGE_LOOP('',(#1869,#1870,#1871,#1872));
#331=EDGE_LOOP('',(#1873,#1874,#1875,#1876));
#332=EDGE_LOOP('',(#1877,#1878,#1879,#1880));
#333=EDGE_LOOP('',(#1881,#1882,#1883,#1884));
#334=EDGE_LOOP('',(#1885,#1886,#1887,#1888));
#335=EDGE_LOOP('',(#1889,#1890,#1891,#1892,#1893,#1894,#1895,#1896,#1897,
#1898,#1899));
#336=EDGE_LOOP('',(#1900,#1901,#1902));
#337=EDGE_LOOP('',(#1903,#1904,#1905,#1906,#1907,#1908,#1909,#1910,#1911,
#1912,#1913));
#338=EDGE_LOOP('',(#1914,#1915,#1916));
#339=LINE('',#2504,#517);
#340=LINE('',#2511,#518);
#341=LINE('',#2529,#519);
#342=LINE('',#2552,#520);
#343=LINE('',#2575,#521);
#344=LINE('',#2598,#522);
#345=LINE('',#2621,#523);
#346=LINE('',#2644,#524);
#347=LINE('',#2667,#525);
#348=LINE('',#2711,#526);
#349=LINE('',#2718,#527);
#350=LINE('',#2736,#528);
#351=LINE('',#2759,#529);
#352=LINE('',#2782,#530);
#353=LINE('',#2805,#531);
#354=LINE('',#2828,#532);
#355=LINE('',#2851,#533);
#356=LINE('',#2874,#534);
#357=LINE('',#2897,#535);
#358=LINE('',#2920,#536);
#359=LINE('',#2943,#537);
#360=LINE('',#2966,#538);
#361=LINE('',#2989,#539);
#362=LINE('',#3012,#540);
#363=LINE('',#3035,#541);
#364=LINE('',#3058,#542);
#365=LINE('',#3081,#543);
#366=LINE('',#3089,#544);
#367=LINE('',#3091,#545);
#368=LINE('',#3092,#546);
#369=LINE('',#3117,#547);
#370=LINE('',#3119,#548);
#371=LINE('',#3121,#549);
#372=LINE('',#3122,#550);
#373=LINE('',#3125,#551);
#374=LINE('',#3127,#552);
#375=LINE('',#3128,#553);
#376=LINE('',#3130,#554);
#377=LINE('',#3131,#555);
#378=LINE('',#3135,#556);
#379=LINE('',#3137,#557);
#380=LINE('',#3139,#558);
#381=LINE('',#3140,#559);
#382=LINE('',#3143,#560);
#383=LINE('',#3145,#561);
#384=LINE('',#3146,#562);
#385=LINE('',#3149,#563);
#386=LINE('',#3151,#564);
#387=LINE('',#3152,#565);
#388=LINE('',#3155,#566);
#389=LINE('',#3157,#567);
#390=LINE('',#3158,#568);
#391=LINE('',#3161,#569);
#392=LINE('',#3163,#570);
#393=LINE('',#3164,#571);
#394=LINE('',#3167,#572);
#395=LINE('',#3169,#573);
#396=LINE('',#3170,#574);
#397=LINE('',#3173,#575);
#398=LINE('',#3175,#576);
#399=LINE('',#3176,#577);
#400=LINE('',#3179,#578);
#401=LINE('',#3181,#579);
#402=LINE('',#3182,#580);
#403=LINE('',#3185,#581);
#404=LINE('',#3187,#582);
#405=LINE('',#3188,#583);
#406=LINE('',#3191,#584);
#407=LINE('',#3193,#585);
#408=LINE('',#3194,#586);
#409=LINE('',#3196,#587);
#410=LINE('',#3197,#588);
#411=LINE('',#3202,#589);
#412=LINE('',#3204,#590);
#413=LINE('',#3206,#591);
#414=LINE('',#3210,#592);
#415=LINE('',#3214,#593);
#416=LINE('',#3216,#594);
#417=LINE('',#3218,#595);
#418=LINE('',#3254,#596);
#419=LINE('',#3255,#597);
#420=LINE('',#3258,#598);
#421=LINE('',#3259,#599);
#422=LINE('',#3265,#600);
#423=LINE('',#3268,#601);
#424=LINE('',#3271,#602);
#425=LINE('',#3273,#603);
#426=LINE('',#3274,#604);
#427=LINE('',#3277,#605);
#428=LINE('',#3279,#606);
#429=LINE('',#3281,#607);
#430=LINE('',#3282,#608);
#431=LINE('',#3284,#609);
#432=LINE('',#3291,#610);
#433=LINE('',#3295,#611);
#434=LINE('',#3298,#612);
#435=LINE('',#3299,#613);
#436=LINE('',#3413,#614);
#437=LINE('',#3414,#615);
#438=LINE('',#3418,#616);
#439=LINE('',#3420,#617);
#440=LINE('',#3422,#618);
#441=LINE('',#3427,#619);
#442=LINE('',#3428,#620);
#443=LINE('',#3430,#621);
#444=LINE('',#3432,#622);
#445=LINE('',#3452,#623);
#446=LINE('',#3459,#624);
#447=LINE('',#3482,#625);
#448=LINE('',#3505,#626);
#449=LINE('',#3528,#627);
#450=LINE('',#3551,#628);
#451=LINE('',#3574,#629);
#452=LINE('',#3597,#630);
#453=LINE('',#3620,#631);
#454=LINE('',#3659,#632);
#455=LINE('',#3666,#633);
#456=LINE('',#3689,#634);
#457=LINE('',#3712,#635);
#458=LINE('',#3735,#636);
#459=LINE('',#3758,#637);
#460=LINE('',#3781,#638);
#461=LINE('',#3804,#639);
#462=LINE('',#3827,#640);
#463=LINE('',#3850,#641);
#464=LINE('',#3873,#642);
#465=LINE('',#3896,#643);
#466=LINE('',#3919,#644);
#467=LINE('',#3942,#645);
#468=LINE('',#3965,#646);
#469=LINE('',#3988,#647);
#470=LINE('',#4011,#648);
#471=LINE('',#4034,#649);
#472=LINE('',#4037,#650);
#473=LINE('',#4039,#651);
#474=LINE('',#4040,#652);
#475=LINE('',#4066,#653);
#476=LINE('',#4068,#654);
#477=LINE('',#4070,#655);
#478=LINE('',#4071,#656);
#479=LINE('',#4074,#657);
#480=LINE('',#4076,#658);
#481=LINE('',#4077,#659);
#482=LINE('',#4079,#660);
#483=LINE('',#4080,#661);
#484=LINE('',#4084,#662);
#485=LINE('',#4086,#663);
#486=LINE('',#4088,#664);
#487=LINE('',#4089,#665);
#488=LINE('',#4092,#666);
#489=LINE('',#4094,#667);
#490=LINE('',#4095,#668);
#491=LINE('',#4098,#669);
#492=LINE('',#4100,#670);
#493=LINE('',#4101,#671);
#494=LINE('',#4104,#672);
#495=LINE('',#4106,#673);
#496=LINE('',#4107,#674);
#497=LINE('',#4110,#675);
#498=LINE('',#4112,#676);
#499=LINE('',#4113,#677);
#500=LINE('',#4116,#678);
#501=LINE('',#4118,#679);
#502=LINE('',#4119,#680);
#503=LINE('',#4122,#681);
#504=LINE('',#4124,#682);
#505=LINE('',#4125,#683);
#506=LINE('',#4128,#684);
#507=LINE('',#4130,#685);
#508=LINE('',#4131,#686);
#509=LINE('',#4134,#687);
#510=LINE('',#4136,#688);
#511=LINE('',#4137,#689);
#512=LINE('',#4140,#690);
#513=LINE('',#4142,#691);
#514=LINE('',#4143,#692);
#515=LINE('',#4145,#693);
#516=LINE('',#4146,#694);
#517=VECTOR('',#2172,10.);
#518=VECTOR('',#2173,10.);
#519=VECTOR('',#2174,10.);
#520=VECTOR('',#2175,10.);
#521=VECTOR('',#2176,10.);
#522=VECTOR('',#2177,10.);
#523=VECTOR('',#2178,10.);
#524=VECTOR('',#2179,10.);
#525=VECTOR('',#2180,10.);
#526=VECTOR('',#2181,10.);
#527=VECTOR('',#2182,10.);
#528=VECTOR('',#2183,10.);
#529=VECTOR('',#2184,10.);
#530=VECTOR('',#2185,10.);
#531=VECTOR('',#2186,10.);
#532=VECTOR('',#2187,10.);
#533=VECTOR('',#2188,10.);
#534=VECTOR('',#2189,10.);
#535=VECTOR('',#2190,10.);
#536=VECTOR('',#2191,10.);
#537=VECTOR('',#2192,10.);
#538=VECTOR('',#2193,10.);
#539=VECTOR('',#2194,10.);
#540=VECTOR('',#2195,10.);
#541=VECTOR('',#2196,10.);
#542=VECTOR('',#2197,10.);
#543=VECTOR('',#2198,10.);
#544=VECTOR('',#2201,10.);
#545=VECTOR('',#2202,10.);
#546=VECTOR('',#2203,10.);
#547=VECTOR('',#2208,10.);
#548=VECTOR('',#2209,10.);
#549=VECTOR('',#2210,10.);
#550=VECTOR('',#2211,10.);
#551=VECTOR('',#2214,10.);
#552=VECTOR('',#2215,10.);
#553=VECTOR('',#2216,10.);
#554=VECTOR('',#2219,10.);
#555=VECTOR('',#2220,10.);
#556=VECTOR('',#2223,10.);
#557=VECTOR('',#2224,10.);
#558=VECTOR('',#2225,10.);
#559=VECTOR('',#2226,10.);
#560=VECTOR('',#2229,10.);
#561=VECTOR('',#2230,10.);
#562=VECTOR('',#2231,10.);
#563=VECTOR('',#2234,10.);
#564=VECTOR('',#2235,10.);
#565=VECTOR('',#2236,10.);
#566=VECTOR('',#2239,10.);
#567=VECTOR('',#2240,10.);
#568=VECTOR('',#2241,10.);
#569=VECTOR('',#2244,10.);
#570=VECTOR('',#2245,10.);
#571=VECTOR('',#2246,10.);
#572=VECTOR('',#2249,10.);
#573=VECTOR('',#2250,10.);
#574=VECTOR('',#2251,10.);
#575=VECTOR('',#2254,10.);
#576=VECTOR('',#2255,10.);
#577=VECTOR('',#2256,10.);
#578=VECTOR('',#2259,10.);
#579=VECTOR('',#2260,10.);
#580=VECTOR('',#2261,10.);
#581=VECTOR('',#2264,10.);
#582=VECTOR('',#2265,10.);
#583=VECTOR('',#2266,10.);
#584=VECTOR('',#2269,10.);
#585=VECTOR('',#2270,10.);
#586=VECTOR('',#2271,10.);
#587=VECTOR('',#2274,10.);
#588=VECTOR('',#2275,10.);
#589=VECTOR('',#2280,10.);
#590=VECTOR('',#2281,10.);
#591=VECTOR('',#2282,10.);
#592=VECTOR('',#2285,10.);
#593=VECTOR('',#2288,10.);
#594=VECTOR('',#2289,10.);
#595=VECTOR('',#2290,10.);
#596=VECTOR('',#2297,10.);
#597=VECTOR('',#2298,10.);
#598=VECTOR('',#2301,10.);
#599=VECTOR('',#2302,10.);
#600=VECTOR('',#2307,10.);
#601=VECTOR('',#2310,10.);
#602=VECTOR('',#2313,10.);
#603=VECTOR('',#2314,10.);
#604=VECTOR('',#2315,10.);
#605=VECTOR('',#2318,10.);
#606=VECTOR('',#2319,10.);
#607=VECTOR('',#2320,10.);
#608=VECTOR('',#2321,10.);
#609=VECTOR('',#2322,10.);
#610=VECTOR('',#2331,10.);
#611=VECTOR('',#2336,10.);
#612=VECTOR('',#2339,10.);
#613=VECTOR('',#2340,10.);
#614=VECTOR('',#2343,10.);
#615=VECTOR('',#2344,10.);
#616=VECTOR('',#2349,2.75);
#617=VECTOR('',#2352,10.);
#618=VECTOR('',#2355,10.);
#619=VECTOR('',#2362,10.);
#620=VECTOR('',#2363,10.);
#621=VECTOR('',#2366,10.);
#622=VECTOR('',#2369,10.);
#623=VECTOR('',#2372,10.);
#624=VECTOR('',#2373,10.);
#625=VECTOR('',#2374,10.);
#626=VECTOR('',#2375,10.);
#627=VECTOR('',#2376,10.);
#628=VECTOR('',#2377,10.);
#629=VECTOR('',#2378,10.);
#630=VECTOR('',#2379,10.);
#631=VECTOR('',#2380,10.);
#632=VECTOR('',#2381,10.);
#633=VECTOR('',#2382,10.);
#634=VECTOR('',#2383,10.);
#635=VECTOR('',#2384,10.);
#636=VECTOR('',#2385,10.);
#637=VECTOR('',#2386,10.);
#638=VECTOR('',#2387,10.);
#639=VECTOR('',#2388,10.);
#640=VECTOR('',#2389,10.);
#641=VECTOR('',#2390,10.);
#642=VECTOR('',#2391,10.);
#643=VECTOR('',#2392,10.);
#644=VECTOR('',#2393,10.);
#645=VECTOR('',#2394,10.);
#646=VECTOR('',#2395,10.);
#647=VECTOR('',#2396,10.);
#648=VECTOR('',#2397,10.);
#649=VECTOR('',#2398,10.);
#650=VECTOR('',#2401,10.);
#651=VECTOR('',#2402,10.);
#652=VECTOR('',#2403,10.);
#653=VECTOR('',#2410,10.);
#654=VECTOR('',#2411,10.);
#655=VECTOR('',#2412,10.);
#656=VECTOR('',#2413,10.);
#657=VECTOR('',#2416,10.);
#658=VECTOR('',#2417,10.);
#659=VECTOR('',#2418,10.);
#660=VECTOR('',#2421,10.);
#661=VECTOR('',#2422,10.);
#662=VECTOR('',#2425,10.);
#663=VECTOR('',#2426,10.);
#664=VECTOR('',#2427,10.);
#665=VECTOR('',#2428,10.);
#666=VECTOR('',#2431,10.);
#667=VECTOR('',#2432,10.);
#668=VECTOR('',#2433,10.);
#669=VECTOR('',#2436,10.);
#670=VECTOR('',#2437,10.);
#671=VECTOR('',#2438,10.);
#672=VECTOR('',#2441,10.);
#673=VECTOR('',#2442,10.);
#674=VECTOR('',#2443,10.);
#675=VECTOR('',#2446,10.);
#676=VECTOR('',#2447,10.);
#677=VECTOR('',#2448,10.);
#678=VECTOR('',#2451,10.);
#679=VECTOR('',#2452,10.);
#680=VECTOR('',#2453,10.);
#681=VECTOR('',#2456,10.);
#682=VECTOR('',#2457,10.);
#683=VECTOR('',#2458,10.);
#684=VECTOR('',#2461,10.);
#685=VECTOR('',#2462,10.);
#686=VECTOR('',#2463,10.);
#687=VECTOR('',#2466,10.);
#688=VECTOR('',#2467,10.);
#689=VECTOR('',#2468,10.);
#690=VECTOR('',#2471,10.);
#691=VECTOR('',#2472,10.);
#692=VECTOR('',#2473,10.);
#693=VECTOR('',#2476,10.);
#694=VECTOR('',#2477,10.);
#695=B_SPLINE_CURVE_WITH_KNOTS('',3,(#2498,#2499,#2500,#2501,#2502),
 .UNSPECIFIED.,.F.,.F.,(4,1,4),(0.,0.156688293419861,0.313368148234359),
 .UNSPECIFIED.);
#696=B_SPLINE_CURVE_WITH_KNOTS('',3,(#2506,#2507,#2508,#2509,#2510),
 .UNSPECIFIED.,.F.,.F.,(4,1,4),(0.,0.156688293419861,0.313368148234359),
 .UNSPECIFIED.);
#697=B_SPLINE_CURVE_WITH_KNOTS('',3,(#2523,#2524,#2525,#2526,#2527),
 .UNSPECIFIED.,.F.,.F.,(4,1,4),(0.,0.153616159066528,0.309969511660564),
 .UNSPECIFIED.);
#698=B_SPLINE_CURVE_WITH_KNOTS('',3,(#2530,#2531,#2532,#2533,#2534),
 .UNSPECIFIED.,.F.,.F.,(4,1,4),(0.,0.153616159066528,0.309969511660564),
 .UNSPECIFIED.);
#699=B_SPLINE_CURVE_WITH_KNOTS('',3,(#2546,#2547,#2548,#2549,#2550),
 .UNSPECIFIED.,.F.,.F.,(4,1,4),(0.,0.187415710660263,0.351289514478251),
 .UNSPECIFIED.);
#700=B_SPLINE_CURVE_WITH_KNOTS('',3,(#2553,#2554,#2555,#2556,#2557),
 .UNSPECIFIED.,.F.,.F.,(4,1,4),(0.,0.187415710660263,0.351289514478251),
 .UNSPECIFIED.);
#701=B_SPLINE_CURVE_WITH_KNOTS('',3,(#2569,#2570,#2571,#2572,#2573),
 .UNSPECIFIED.,.F.,.F.,(4,1,4),(0.,0.170146934985593,0.365204465663263),
 .UNSPECIFIED.);
#702=B_SPLINE_CURVE_WITH_KNOTS('',3,(#2576,#2577,#2578,#2579,#2580),
 .UNSPECIFIED.,.F.,.F.,(4,1,4),(0.,0.170146934985593,0.365204465663263),
 .UNSPECIFIED.);
#703=B_SPLINE_CURVE_WITH_KNOTS('',3,(#2592,#2593,#2594,#2595,#2596),
 .UNSPECIFIED.,.F.,.F.,(4,1,4),(0.,0.147976153300884,0.302691675270143),
 .UNSPECIFIED.);
#704=B_SPLINE_CURVE_WITH_KNOTS('',3,(#2599,#2600,#2601,#2602,#2603),
 .UNSPECIFIED.,.F.,.F.,(4,1,4),(0.,0.147976153300884,0.302691675270143),
 .UNSPECIFIED.);
#705=B_SPLINE_CURVE_WITH_KNOTS('',3,(#2615,#2616,#2617,#2618,#2619),
 .UNSPECIFIED.,.F.,.F.,(4,1,4),(0.,0.109195544903071,0.214321547609099),
 .UNSPECIFIED.);
#706=B_SPLINE_CURVE_WITH_KNOTS('',3,(#2622,#2623,#2624,#2625,#2626),
 .UNSPECIFIED.,.F.,.F.,(4,1,4),(0.,0.109195544903071,0.214321547609099),
 .UNSPECIFIED.);
#707=B_SPLINE_CURVE_WITH_KNOTS('',3,(#2638,#2639,#2640,#2641,#2642),
 .UNSPECIFIED.,.F.,.F.,(4,1,4),(0.,0.120878567938237,0.234764618300595),
 .UNSPECIFIED.);
#708=B_SPLINE_CURVE_WITH_KNOTS('',3,(#2645,#2646,#2647,#2648,#2649),
 .UNSPECIFIED.,.F.,.F.,(4,1,4),(0.,0.120878567938237,0.234764618300595),
 .UNSPECIFIED.);
#709=B_SPLINE_CURVE_WITH_KNOTS('',3,(#2661,#2662,#2663,#2664,#2665),
 .UNSPECIFIED.,.F.,.F.,(4,1,4),(0.,0.124876130777252,0.250258861772321),
 .UNSPECIFIED.);
#710=B_SPLINE_CURVE_WITH_KNOTS('',3,(#2668,#2669,#2670,#2671,#2672),
 .UNSPECIFIED.,.F.,.F.,(4,1,4),(0.,0.124876130777252,0.250258861772321),
 .UNSPECIFIED.);
#711=B_SPLINE_CURVE_WITH_KNOTS('',3,(#2683,#2684,#2685,#2686,#2687),
 .UNSPECIFIED.,.F.,.F.,(4,1,4),(0.,0.163086128772353,0.340605774318056),
 .UNSPECIFIED.);
#712=B_SPLINE_CURVE_WITH_KNOTS('',3,(#2688,#2689,#2690,#2691,#2692),
 .UNSPECIFIED.,.F.,.F.,(4,1,4),(0.,0.163086128772353,0.340605774318056),
 .UNSPECIFIED.);
#713=B_SPLINE_CURVE_WITH_KNOTS('',3,(#2705,#2706,#2707,#2708,#2709),
 .UNSPECIFIED.,.F.,.F.,(4,1,4),(0.,0.217233931762038,0.415872812679898),
 .UNSPECIFIED.);
#714=B_SPLINE_CURVE_WITH_KNOTS('',3,(#2713,#2714,#2715,#2716,#2717),
 .UNSPECIFIED.,.F.,.F.,(4,1,4),(0.,0.217233931762038,0.415872812679898),
 .UNSPECIFIED.);
#715=B_SPLINE_CURVE_WITH_KNOTS('',3,(#2730,#2731,#2732,#2733,#2734),
 .UNSPECIFIED.,.F.,.F.,(4,1,4),(0.,0.278644259923766,0.568471178381724),
 .UNSPECIFIED.);
#716=B_SPLINE_CURVE_WITH_KNOTS('',3,(#2737,#2738,#2739,#2740,#2741),
 .UNSPECIFIED.,.F.,.F.,(4,1,4),(0.,0.278644259923766,0.568471178381724),
 .UNSPECIFIED.);
#717=B_SPLINE_CURVE_WITH_KNOTS('',3,(#2753,#2754,#2755,#2756,#2757),
 .UNSPECIFIED.,.F.,.F.,(4,1,4),(0.,0.503537364512465,0.881773792184215),
 .UNSPECIFIED.);
#718=B_SPLINE_CURVE_WITH_KNOTS('',3,(#2760,#2761,#2762,#2763,#2764),
 .UNSPECIFIED.,.F.,.F.,(4,1,4),(0.,0.503537364512465,0.881773792184215),
 .UNSPECIFIED.);
#719=B_SPLINE_CURVE_WITH_KNOTS('',3,(#2776,#2777,#2778,#2779,#2780),
 .UNSPECIFIED.,.F.,.F.,(4,1,4),(0.,0.332380692320833,0.780265987986463),
 .UNSPECIFIED.);
#720=B_SPLINE_CURVE_WITH_KNOTS('',3,(#2783,#2784,#2785,#2786,#2787),
 .UNSPECIFIED.,.F.,.F.,(4,1,4),(0.,0.332380692320833,0.780265987986463),
 .UNSPECIFIED.);
#721=B_SPLINE_CURVE_WITH_KNOTS('',3,(#2799,#2800,#2801,#2802,#2803),
 .UNSPECIFIED.,.F.,.F.,(4,1,4),(0.,0.284309002002257,0.563547383029821),
 .UNSPECIFIED.);
#722=B_SPLINE_CURVE_WITH_KNOTS('',3,(#2806,#2807,#2808,#2809,#2810),
 .UNSPECIFIED.,.F.,.F.,(4,1,4),(0.,0.284309002002257,0.563547383029821),
 .UNSPECIFIED.);
#723=B_SPLINE_CURVE_WITH_KNOTS('',3,(#2822,#2823,#2824,#2825,#2826),
 .UNSPECIFIED.,.F.,.F.,(4,1,4),(0.,0.16458136573914,0.336461731960021),
 .UNSPECIFIED.);
#724=B_SPLINE_CURVE_WITH_KNOTS('',3,(#2829,#2830,#2831,#2832,#2833),
 .UNSPECIFIED.,.F.,.F.,(4,1,4),(0.,0.16458136573914,0.336461731960021),
 .UNSPECIFIED.);
#725=B_SPLINE_CURVE_WITH_KNOTS('',3,(#2845,#2846,#2847,#2848,#2849),
 .UNSPECIFIED.,.F.,.F.,(4,1,4),(0.,0.172211501161397,0.336690782928974),
 .UNSPECIFIED.);
#726=B_SPLINE_CURVE_WITH_KNOTS('',3,(#2852,#2853,#2854,#2855,#2856),
 .UNSPECIFIED.,.F.,.F.,(4,1,4),(0.,0.172211501161397,0.336690782928974),
 .UNSPECIFIED.);
#727=B_SPLINE_CURVE_WITH_KNOTS('',3,(#2868,#2869,#2870,#2871,#2872),
 .UNSPECIFIED.,.F.,.F.,(4,1,4),(0.,0.18274689610621,0.361734029767232),
 .UNSPECIFIED.);
#728=B_SPLINE_CURVE_WITH_KNOTS('',3,(#2875,#2876,#2877,#2878,#2879),
 .UNSPECIFIED.,.F.,.F.,(4,1,4),(0.,0.18274689610621,0.361734029767232),
 .UNSPECIFIED.);
#729=B_SPLINE_CURVE_WITH_KNOTS('',3,(#2891,#2892,#2893,#2894,#2895),
 .UNSPECIFIED.,.F.,.F.,(4,1,4),(0.,0.244301952377145,0.507918056682874),
 .UNSPECIFIED.);
#730=B_SPLINE_CURVE_WITH_KNOTS('',3,(#2898,#2899,#2900,#2901,#2902),
 .UNSPECIFIED.,.F.,.F.,(4,1,4),(0.,0.244301952377145,0.507918056682874),
 .UNSPECIFIED.);
#731=B_SPLINE_CURVE_WITH_KNOTS('',3,(#2914,#2915,#2916,#2917,#2918),
 .UNSPECIFIED.,.F.,.F.,(4,1,4),(0.,0.231767679629287,0.465849723815716),
 .UNSPECIFIED.);
#732=B_SPLINE_CURVE_WITH_KNOTS('',3,(#2921,#2922,#2923,#2924,#2925),
 .UNSPECIFIED.,.F.,.F.,(4,1,4),(0.,0.231767679629287,0.465849723815716),
 .UNSPECIFIED.);
#733=B_SPLINE_CURVE_WITH_KNOTS('',3,(#2937,#2938,#2939,#2940,#2941),
 .UNSPECIFIED.,.F.,.F.,(4,1,4),(0.,0.140193979101089,0.278614292514966),
 .UNSPECIFIED.);
#734=B_SPLINE_CURVE_WITH_KNOTS('',3,(#2944,#2945,#2946,#2947,#2948),
 .UNSPECIFIED.,.F.,.F.,(4,1,4),(0.,0.140193979101089,0.278614292514966),
 .UNSPECIFIED.);
#735=B_SPLINE_CURVE_WITH_KNOTS('',3,(#2960,#2961,#2962,#2963,#2964),
 .UNSPECIFIED.,.F.,.F.,(4,1,4),(0.,0.153496315221488,0.297979603808272),
 .UNSPECIFIED.);
#736=B_SPLINE_CURVE_WITH_KNOTS('',3,(#2967,#2968,#2969,#2970,#2971),
 .UNSPECIFIED.,.F.,.F.,(4,1,4),(0.,0.153496315221488,0.297979603808272),
 .UNSPECIFIED.);
#737=B_SPLINE_CURVE_WITH_KNOTS('',3,(#2983,#2984,#2985,#2986,#2987),
 .UNSPECIFIED.,.F.,.F.,(4,1,4),(0.,0.203249528462671,0.469599928402112),
 .UNSPECIFIED.);
#738=B_SPLINE_CURVE_WITH_KNOTS('',3,(#2990,#2991,#2992,#2993,#2994),
 .UNSPECIFIED.,.F.,.F.,(4,1,4),(0.,0.203249528462671,0.469599928402112),
 .UNSPECIFIED.);
#739=B_SPLINE_CURVE_WITH_KNOTS('',3,(#3006,#3007,#3008,#3009,#3010),
 .UNSPECIFIED.,.F.,.F.,(4,1,4),(0.,0.14687193410697,0.310221821046937),
 .UNSPECIFIED.);
#740=B_SPLINE_CURVE_WITH_KNOTS('',3,(#3013,#3014,#3015,#3016,#3017),
 .UNSPECIFIED.,.F.,.F.,(4,1,4),(0.,0.14687193410697,0.310221821046937),
 .UNSPECIFIED.);
#741=B_SPLINE_CURVE_WITH_KNOTS('',3,(#3029,#3030,#3031,#3032,#3033),
 .UNSPECIFIED.,.F.,.F.,(4,1,4),(0.,0.11137347204734,0.219063890533289),
 .UNSPECIFIED.);
#742=B_SPLINE_CURVE_WITH_KNOTS('',3,(#3036,#3037,#3038,#3039,#3040),
 .UNSPECIFIED.,.F.,.F.,(4,1,4),(0.,0.11137347204734,0.219063890533289),
 .UNSPECIFIED.);
#743=B_SPLINE_CURVE_WITH_KNOTS('',3,(#3052,#3053,#3054,#3055,#3056),
 .UNSPECIFIED.,.F.,.F.,(4,1,4),(0.,0.136270651435258,0.273192192346287),
 .UNSPECIFIED.);
#744=B_SPLINE_CURVE_WITH_KNOTS('',3,(#3059,#3060,#3061,#3062,#3063),
 .UNSPECIFIED.,.F.,.F.,(4,1,4),(0.,0.136270651435258,0.273192192346287),
 .UNSPECIFIED.);
#745=B_SPLINE_CURVE_WITH_KNOTS('',3,(#3075,#3076,#3077,#3078,#3079),
 .UNSPECIFIED.,.F.,.F.,(4,1,4),(0.,0.130949134162369,0.231453684627047),
 .UNSPECIFIED.);
#746=B_SPLINE_CURVE_WITH_KNOTS('',3,(#3082,#3083,#3084,#3085,#3086),
 .UNSPECIFIED.,.F.,.F.,(4,1,4),(0.,0.130949134162369,0.231453684627047),
 .UNSPECIFIED.);
#747=B_SPLINE_CURVE_WITH_KNOTS('',3,(#3103,#3104,#3105,#3106,#3107),
 .UNSPECIFIED.,.F.,.F.,(4,1,4),(0.,0.198406306828941,0.414989349741523),
 .UNSPECIFIED.);
#748=B_SPLINE_CURVE_WITH_KNOTS('',3,(#3108,#3109,#3110,#3111,#3112),
 .UNSPECIFIED.,.F.,.F.,(4,1,4),(0.,0.198406306828941,0.414989349741523),
 .UNSPECIFIED.);
#749=B_SPLINE_CURVE_WITH_KNOTS('',3,(#3220,#3221,#3222,#3223),
 .UNSPECIFIED.,.F.,.F.,(4,4),(0.,0.233236316506911),.UNSPECIFIED.);
#750=B_SPLINE_CURVE_WITH_KNOTS('',3,(#3318,#3319,#3320,#3321),
 .UNSPECIFIED.,.F.,.F.,(4,4),(0.,0.233236316506912),.UNSPECIFIED.);
#751=B_SPLINE_CURVE_WITH_KNOTS('',3,(#3322,#3323,#3324,#3325),
 .UNSPECIFIED.,.F.,.F.,(4,4),(0.,0.2),.UNSPECIFIED.);
#752=B_SPLINE_CURVE_WITH_KNOTS('',3,(#3326,#3327,#3328,#3329),
 .UNSPECIFIED.,.F.,.F.,(4,4),(-0.2,0.),.UNSPECIFIED.);
#753=B_SPLINE_CURVE_WITH_KNOTS('',3,(#3446,#3447,#3448,#3449,#3450),
 .UNSPECIFIED.,.F.,.F.,(4,1,4),(0.,0.156688293419861,0.313368148234359),
 .UNSPECIFIED.);
#754=B_SPLINE_CURVE_WITH_KNOTS('',3,(#3454,#3455,#3456,#3457,#3458),
 .UNSPECIFIED.,.F.,.F.,(4,1,4),(0.,0.156688293419861,0.313368148234359),
 .UNSPECIFIED.);
#755=B_SPLINE_CURVE_WITH_KNOTS('',3,(#3471,#3472,#3473,#3474,#3475),
 .UNSPECIFIED.,.F.,.F.,(4,1,4),(0.,0.153616159066528,0.309969511660564),
 .UNSPECIFIED.);
#756=B_SPLINE_CURVE_WITH_KNOTS('',3,(#3477,#3478,#3479,#3480,#3481),
 .UNSPECIFIED.,.F.,.F.,(4,1,4),(0.,0.153616159066528,0.309969511660564),
 .UNSPECIFIED.);
#757=B_SPLINE_CURVE_WITH_KNOTS('',3,(#3494,#3495,#3496,#3497,#3498),
 .UNSPECIFIED.,.F.,.F.,(4,1,4),(0.,0.187415710660263,0.351289514478251),
 .UNSPECIFIED.);
#758=B_SPLINE_CURVE_WITH_KNOTS('',3,(#3500,#3501,#3502,#3503,#3504),
 .UNSPECIFIED.,.F.,.F.,(4,1,4),(0.,0.187415710660263,0.351289514478251),
 .UNSPECIFIED.);
#759=B_SPLINE_CURVE_WITH_KNOTS('',3,(#3517,#3518,#3519,#3520,#3521),
 .UNSPECIFIED.,.F.,.F.,(4,1,4),(0.,0.170146934985593,0.365204465663263),
 .UNSPECIFIED.);
#760=B_SPLINE_CURVE_WITH_KNOTS('',3,(#3523,#3524,#3525,#3526,#3527),
 .UNSPECIFIED.,.F.,.F.,(4,1,4),(0.,0.170146934985593,0.365204465663263),
 .UNSPECIFIED.);
#761=B_SPLINE_CURVE_WITH_KNOTS('',3,(#3540,#3541,#3542,#3543,#3544),
 .UNSPECIFIED.,.F.,.F.,(4,1,4),(0.,0.147976153300884,0.302691675270143),
 .UNSPECIFIED.);
#762=B_SPLINE_CURVE_WITH_KNOTS('',3,(#3546,#3547,#3548,#3549,#3550),
 .UNSPECIFIED.,.F.,.F.,(4,1,4),(0.,0.147976153300884,0.302691675270143),
 .UNSPECIFIED.);
#763=B_SPLINE_CURVE_WITH_KNOTS('',3,(#3563,#3564,#3565,#3566,#3567),
 .UNSPECIFIED.,.F.,.F.,(4,1,4),(0.,0.109195544903071,0.214321547609099),
 .UNSPECIFIED.);
#764=B_SPLINE_CURVE_WITH_KNOTS('',3,(#3569,#3570,#3571,#3572,#3573),
 .UNSPECIFIED.,.F.,.F.,(4,1,4),(0.,0.109195544903071,0.214321547609099),
 .UNSPECIFIED.);
#765=B_SPLINE_CURVE_WITH_KNOTS('',3,(#3586,#3587,#3588,#3589,#3590),
 .UNSPECIFIED.,.F.,.F.,(4,1,4),(0.,0.120878567938237,0.234764618300595),
 .UNSPECIFIED.);
#766=B_SPLINE_CURVE_WITH_KNOTS('',3,(#3592,#3593,#3594,#3595,#3596),
 .UNSPECIFIED.,.F.,.F.,(4,1,4),(0.,0.120878567938237,0.234764618300595),
 .UNSPECIFIED.);
#767=B_SPLINE_CURVE_WITH_KNOTS('',3,(#3609,#3610,#3611,#3612,#3613),
 .UNSPECIFIED.,.F.,.F.,(4,1,4),(0.,0.124876130777252,0.250258861772321),
 .UNSPECIFIED.);
#768=B_SPLINE_CURVE_WITH_KNOTS('',3,(#3615,#3616,#3617,#3618,#3619),
 .UNSPECIFIED.,.F.,.F.,(4,1,4),(0.,0.124876130777252,0.250258861772321),
 .UNSPECIFIED.);
#769=B_SPLINE_CURVE_WITH_KNOTS('',3,(#3631,#3632,#3633,#3634,#3635),
 .UNSPECIFIED.,.F.,.F.,(4,1,4),(0.,0.163086128772353,0.340605774318056),
 .UNSPECIFIED.);
#770=B_SPLINE_CURVE_WITH_KNOTS('',3,(#3636,#3637,#3638,#3639,#3640),
 .UNSPECIFIED.,.F.,.F.,(4,1,4),(0.,0.163086128772353,0.340605774318056),
 .UNSPECIFIED.);
#771=B_SPLINE_CURVE_WITH_KNOTS('',3,(#3653,#3654,#3655,#3656,#3657),
 .UNSPECIFIED.,.F.,.F.,(4,1,4),(0.,0.217233931762038,0.415872812679898),
 .UNSPECIFIED.);
#772=B_SPLINE_CURVE_WITH_KNOTS('',3,(#3661,#3662,#3663,#3664,#3665),
 .UNSPECIFIED.,.F.,.F.,(4,1,4),(0.,0.217233931762038,0.415872812679898),
 .UNSPECIFIED.);
#773=B_SPLINE_CURVE_WITH_KNOTS('',3,(#3678,#3679,#3680,#3681,#3682),
 .UNSPECIFIED.,.F.,.F.,(4,1,4),(0.,0.278644259923766,0.568471178381724),
 .UNSPECIFIED.);
#774=B_SPLINE_CURVE_WITH_KNOTS('',3,(#3684,#3685,#3686,#3687,#3688),
 .UNSPECIFIED.,.F.,.F.,(4,1,4),(0.,0.278644259923766,0.568471178381724),
 .UNSPECIFIED.);
#775=B_SPLINE_CURVE_WITH_KNOTS('',3,(#3701,#3702,#3703,#3704,#3705),
 .UNSPECIFIED.,.F.,.F.,(4,1,4),(0.,0.503537364512465,0.881773792184215),
 .UNSPECIFIED.);
#776=B_SPLINE_CURVE_WITH_KNOTS('',3,(#3707,#3708,#3709,#3710,#3711),
 .UNSPECIFIED.,.F.,.F.,(4,1,4),(0.,0.503537364512465,0.881773792184215),
 .UNSPECIFIED.);
#777=B_SPLINE_CURVE_WITH_KNOTS('',3,(#3724,#3725,#3726,#3727,#3728),
 .UNSPECIFIED.,.F.,.F.,(4,1,4),(0.,0.332380692320833,0.780265987986463),
 .UNSPECIFIED.);
#778=B_SPLINE_CURVE_WITH_KNOTS('',3,(#3730,#3731,#3732,#3733,#3734),
 .UNSPECIFIED.,.F.,.F.,(4,1,4),(0.,0.332380692320833,0.780265987986463),
 .UNSPECIFIED.);
#779=B_SPLINE_CURVE_WITH_KNOTS('',3,(#3747,#3748,#3749,#3750,#3751),
 .UNSPECIFIED.,.F.,.F.,(4,1,4),(0.,0.284309002002257,0.563547383029821),
 .UNSPECIFIED.);
#780=B_SPLINE_CURVE_WITH_KNOTS('',3,(#3753,#3754,#3755,#3756,#3757),
 .UNSPECIFIED.,.F.,.F.,(4,1,4),(0.,0.284309002002257,0.563547383029821),
 .UNSPECIFIED.);
#781=B_SPLINE_CURVE_WITH_KNOTS('',3,(#3770,#3771,#3772,#3773,#3774),
 .UNSPECIFIED.,.F.,.F.,(4,1,4),(0.,0.16458136573914,0.336461731960021),
 .UNSPECIFIED.);
#782=B_SPLINE_CURVE_WITH_KNOTS('',3,(#3776,#3777,#3778,#3779,#3780),
 .UNSPECIFIED.,.F.,.F.,(4,1,4),(0.,0.16458136573914,0.336461731960021),
 .UNSPECIFIED.);
#783=B_SPLINE_CURVE_WITH_KNOTS('',3,(#3793,#3794,#3795,#3796,#3797),
 .UNSPECIFIED.,.F.,.F.,(4,1,4),(0.,0.172211501161397,0.336690782928974),
 .UNSPECIFIED.);
#784=B_SPLINE_CURVE_WITH_KNOTS('',3,(#3799,#3800,#3801,#3802,#3803),
 .UNSPECIFIED.,.F.,.F.,(4,1,4),(0.,0.172211501161397,0.336690782928974),
 .UNSPECIFIED.);
#785=B_SPLINE_CURVE_WITH_KNOTS('',3,(#3816,#3817,#3818,#3819,#3820),
 .UNSPECIFIED.,.F.,.F.,(4,1,4),(0.,0.18274689610621,0.361734029767232),
 .UNSPECIFIED.);
#786=B_SPLINE_CURVE_WITH_KNOTS('',3,(#3822,#3823,#3824,#3825,#3826),
 .UNSPECIFIED.,.F.,.F.,(4,1,4),(0.,0.18274689610621,0.361734029767232),
 .UNSPECIFIED.);
#787=B_SPLINE_CURVE_WITH_KNOTS('',3,(#3839,#3840,#3841,#3842,#3843),
 .UNSPECIFIED.,.F.,.F.,(4,1,4),(0.,0.244301952377145,0.507918056682874),
 .UNSPECIFIED.);
#788=B_SPLINE_CURVE_WITH_KNOTS('',3,(#3845,#3846,#3847,#3848,#3849),
 .UNSPECIFIED.,.F.,.F.,(4,1,4),(0.,0.244301952377145,0.507918056682874),
 .UNSPECIFIED.);
#789=B_SPLINE_CURVE_WITH_KNOTS('',3,(#3862,#3863,#3864,#3865,#3866),
 .UNSPECIFIED.,.F.,.F.,(4,1,4),(0.,0.231767679629287,0.465849723815716),
 .UNSPECIFIED.);
#790=B_SPLINE_CURVE_WITH_KNOTS('',3,(#3868,#3869,#3870,#3871,#3872),
 .UNSPECIFIED.,.F.,.F.,(4,1,4),(0.,0.231767679629287,0.465849723815716),
 .UNSPECIFIED.);
#791=B_SPLINE_CURVE_WITH_KNOTS('',3,(#3885,#3886,#3887,#3888,#3889),
 .UNSPECIFIED.,.F.,.F.,(4,1,4),(0.,0.140193979101089,0.278614292514966),
 .UNSPECIFIED.);
#792=B_SPLINE_CURVE_WITH_KNOTS('',3,(#3891,#3892,#3893,#3894,#3895),
 .UNSPECIFIED.,.F.,.F.,(4,1,4),(0.,0.140193979101089,0.278614292514966),
 .UNSPECIFIED.);
#793=B_SPLINE_CURVE_WITH_KNOTS('',3,(#3908,#3909,#3910,#3911,#3912),
 .UNSPECIFIED.,.F.,.F.,(4,1,4),(0.,0.153496315221488,0.297979603808272),
 .UNSPECIFIED.);
#794=B_SPLINE_CURVE_WITH_KNOTS('',3,(#3914,#3915,#3916,#3917,#3918),
 .UNSPECIFIED.,.F.,.F.,(4,1,4),(0.,0.153496315221488,0.297979603808272),
 .UNSPECIFIED.);
#795=B_SPLINE_CURVE_WITH_KNOTS('',3,(#3931,#3932,#3933,#3934,#3935),
 .UNSPECIFIED.,.F.,.F.,(4,1,4),(0.,0.203249528462671,0.469599928402112),
 .UNSPECIFIED.);
#796=B_SPLINE_CURVE_WITH_KNOTS('',3,(#3937,#3938,#3939,#3940,#3941),
 .UNSPECIFIED.,.F.,.F.,(4,1,4),(0.,0.203249528462671,0.469599928402112),
 .UNSPECIFIED.);
#797=B_SPLINE_CURVE_WITH_KNOTS('',3,(#3954,#3955,#3956,#3957,#3958),
 .UNSPECIFIED.,.F.,.F.,(4,1,4),(0.,0.14687193410697,0.310221821046937),
 .UNSPECIFIED.);
#798=B_SPLINE_CURVE_WITH_KNOTS('',3,(#3960,#3961,#3962,#3963,#3964),
 .UNSPECIFIED.,.F.,.F.,(4,1,4),(0.,0.14687193410697,0.310221821046937),
 .UNSPECIFIED.);
#799=B_SPLINE_CURVE_WITH_KNOTS('',3,(#3977,#3978,#3979,#3980,#3981),
 .UNSPECIFIED.,.F.,.F.,(4,1,4),(0.,0.11137347204734,0.219063890533289),
 .UNSPECIFIED.);
#800=B_SPLINE_CURVE_WITH_KNOTS('',3,(#3983,#3984,#3985,#3986,#3987),
 .UNSPECIFIED.,.F.,.F.,(4,1,4),(0.,0.11137347204734,0.219063890533289),
 .UNSPECIFIED.);
#801=B_SPLINE_CURVE_WITH_KNOTS('',3,(#4000,#4001,#4002,#4003,#4004),
 .UNSPECIFIED.,.F.,.F.,(4,1,4),(0.,0.136270651435258,0.273192192346287),
 .UNSPECIFIED.);
#802=B_SPLINE_CURVE_WITH_KNOTS('',3,(#4006,#4007,#4008,#4009,#4010),
 .UNSPECIFIED.,.F.,.F.,(4,1,4),(0.,0.136270651435258,0.273192192346287),
 .UNSPECIFIED.);
#803=B_SPLINE_CURVE_WITH_KNOTS('',3,(#4023,#4024,#4025,#4026,#4027),
 .UNSPECIFIED.,.F.,.F.,(4,1,4),(0.,0.130949134162369,0.231453684627047),
 .UNSPECIFIED.);
#804=B_SPLINE_CURVE_WITH_KNOTS('',3,(#4029,#4030,#4031,#4032,#4033),
 .UNSPECIFIED.,.F.,.F.,(4,1,4),(0.,0.130949134162369,0.231453684627047),
 .UNSPECIFIED.);
#805=B_SPLINE_CURVE_WITH_KNOTS('',3,(#4051,#4052,#4053,#4054,#4055),
 .UNSPECIFIED.,.F.,.F.,(4,1,4),(0.,0.198406306828941,0.414989349741523),
 .UNSPECIFIED.);
#806=B_SPLINE_CURVE_WITH_KNOTS('',3,(#4056,#4057,#4058,#4059,#4060),
 .UNSPECIFIED.,.F.,.F.,(4,1,4),(0.,0.198406306828941,0.414989349741523),
 .UNSPECIFIED.);
#807=VERTEX_POINT('',#2496);
#808=VERTEX_POINT('',#2497);
#809=VERTEX_POINT('',#2503);
#810=VERTEX_POINT('',#2505);
#811=VERTEX_POINT('',#2522);
#812=VERTEX_POINT('',#2528);
#813=VERTEX_POINT('',#2545);
#814=VERTEX_POINT('',#2551);
#815=VERTEX_POINT('',#2568);
#816=VERTEX_POINT('',#2574);
#817=VERTEX_POINT('',#2591);
#818=VERTEX_POINT('',#2597);
#819=VERTEX_POINT('',#2614);
#820=VERTEX_POINT('',#2620);
#821=VERTEX_POINT('',#2637);
#822=VERTEX_POINT('',#2643);
#823=VERTEX_POINT('',#2660);
#824=VERTEX_POINT('',#2666);
#825=VERTEX_POINT('',#2703);
#826=VERTEX_POINT('',#2704);
#827=VERTEX_POINT('',#2710);
#828=VERTEX_POINT('',#2712);
#829=VERTEX_POINT('',#2729);
#830=VERTEX_POINT('',#2735);
#831=VERTEX_POINT('',#2752);
#832=VERTEX_POINT('',#2758);
#833=VERTEX_POINT('',#2775);
#834=VERTEX_POINT('',#2781);
#835=VERTEX_POINT('',#2798);
#836=VERTEX_POINT('',#2804);
#837=VERTEX_POINT('',#2821);
#838=VERTEX_POINT('',#2827);
#839=VERTEX_POINT('',#2844);
#840=VERTEX_POINT('',#2850);
#841=VERTEX_POINT('',#2867);
#842=VERTEX_POINT('',#2873);
#843=VERTEX_POINT('',#2890);
#844=VERTEX_POINT('',#2896);
#845=VERTEX_POINT('',#2913);
#846=VERTEX_POINT('',#2919);
#847=VERTEX_POINT('',#2936);
#848=VERTEX_POINT('',#2942);
#849=VERTEX_POINT('',#2959);
#850=VERTEX_POINT('',#2965);
#851=VERTEX_POINT('',#2982);
#852=VERTEX_POINT('',#2988);
#853=VERTEX_POINT('',#3005);
#854=VERTEX_POINT('',#3011);
#855=VERTEX_POINT('',#3028);
#856=VERTEX_POINT('',#3034);
#857=VERTEX_POINT('',#3051);
#858=VERTEX_POINT('',#3057);
#859=VERTEX_POINT('',#3074);
#860=VERTEX_POINT('',#3080);
#861=VERTEX_POINT('',#3088);
#862=VERTEX_POINT('',#3090);
#863=VERTEX_POINT('',#3115);
#864=VERTEX_POINT('',#3116);
#865=VERTEX_POINT('',#3118);
#866=VERTEX_POINT('',#3120);
#867=VERTEX_POINT('',#3124);
#868=VERTEX_POINT('',#3126);
#869=VERTEX_POINT('',#3133);
#870=VERTEX_POINT('',#3134);
#871=VERTEX_POINT('',#3136);
#872=VERTEX_POINT('',#3138);
#873=VERTEX_POINT('',#3142);
#874=VERTEX_POINT('',#3144);
#875=VERTEX_POINT('',#3148);
#876=VERTEX_POINT('',#3150);
#877=VERTEX_POINT('',#3154);
#878=VERTEX_POINT('',#3156);
#879=VERTEX_POINT('',#3160);
#880=VERTEX_POINT('',#3162);
#881=VERTEX_POINT('',#3166);
#882=VERTEX_POINT('',#3168);
#883=VERTEX_POINT('',#3172);
#884=VERTEX_POINT('',#3174);
#885=VERTEX_POINT('',#3178);
#886=VERTEX_POINT('',#3180);
#887=VERTEX_POINT('',#3184);
#888=VERTEX_POINT('',#3186);
#889=VERTEX_POINT('',#3190);
#890=VERTEX_POINT('',#3192);
#891=VERTEX_POINT('',#3200);
#892=VERTEX_POINT('',#3201);
#893=VERTEX_POINT('',#3203);
#894=VERTEX_POINT('',#3205);
#895=VERTEX_POINT('',#3207);
#896=VERTEX_POINT('',#3209);
#897=VERTEX_POINT('',#3211);
#898=VERTEX_POINT('',#3213);
#899=VERTEX_POINT('',#3215);
#900=VERTEX_POINT('',#3217);
#901=VERTEX_POINT('',#3219);
#902=VERTEX_POINT('',#3251);
#903=VERTEX_POINT('',#3252);
#904=VERTEX_POINT('',#3257);
#905=VERTEX_POINT('',#3261);
#906=VERTEX_POINT('',#3262);
#907=VERTEX_POINT('',#3264);
#908=VERTEX_POINT('',#3266);
#909=VERTEX_POINT('',#3270);
#910=VERTEX_POINT('',#3272);
#911=VERTEX_POINT('',#3276);
#912=VERTEX_POINT('',#3278);
#913=VERTEX_POINT('',#3280);
#914=VERTEX_POINT('',#3283);
#915=VERTEX_POINT('',#3286);
#916=VERTEX_POINT('',#3289);
#917=VERTEX_POINT('',#3293);
#918=VERTEX_POINT('',#3297);
#919=VERTEX_POINT('',#3316);
#920=VERTEX_POINT('',#3317);
#921=VERTEX_POINT('',#3412);
#922=VERTEX_POINT('',#3416);
#923=VERTEX_POINT('',#3426);
#924=VERTEX_POINT('',#3444);
#925=VERTEX_POINT('',#3445);
#926=VERTEX_POINT('',#3451);
#927=VERTEX_POINT('',#3453);
#928=VERTEX_POINT('',#3470);
#929=VERTEX_POINT('',#3476);
#930=VERTEX_POINT('',#3493);
#931=VERTEX_POINT('',#3499);
#932=VERTEX_POINT('',#3516);
#933=VERTEX_POINT('',#3522);
#934=VERTEX_POINT('',#3539);
#935=VERTEX_POINT('',#3545);
#936=VERTEX_POINT('',#3562);
#937=VERTEX_POINT('',#3568);
#938=VERTEX_POINT('',#3585);
#939=VERTEX_POINT('',#3591);
#940=VERTEX_POINT('',#3608);
#941=VERTEX_POINT('',#3614);
#942=VERTEX_POINT('',#3651);
#943=VERTEX_POINT('',#3652);
#944=VERTEX_POINT('',#3658);
#945=VERTEX_POINT('',#3660);
#946=VERTEX_POINT('',#3677);
#947=VERTEX_POINT('',#3683);
#948=VERTEX_POINT('',#3700);
#949=VERTEX_POINT('',#3706);
#950=VERTEX_POINT('',#3723);
#951=VERTEX_POINT('',#3729);
#952=VERTEX_POINT('',#3746);
#953=VERTEX_POINT('',#3752);
#954=VERTEX_POINT('',#3769);
#955=VERTEX_POINT('',#3775);
#956=VERTEX_POINT('',#3792);
#957=VERTEX_POINT('',#3798);
#958=VERTEX_POINT('',#3815);
#959=VERTEX_POINT('',#3821);
#960=VERTEX_POINT('',#3838);
#961=VERTEX_POINT('',#3844);
#962=VERTEX_POINT('',#3861);
#963=VERTEX_POINT('',#3867);
#964=VERTEX_POINT('',#3884);
#965=VERTEX_POINT('',#3890);
#966=VERTEX_POINT('',#3907);
#967=VERTEX_POINT('',#3913);
#968=VERTEX_POINT('',#3930);
#969=VERTEX_POINT('',#3936);
#970=VERTEX_POINT('',#3953);
#971=VERTEX_POINT('',#3959);
#972=VERTEX_POINT('',#3976);
#973=VERTEX_POINT('',#3982);
#974=VERTEX_POINT('',#3999);
#975=VERTEX_POINT('',#4005);
#976=VERTEX_POINT('',#4022);
#977=VERTEX_POINT('',#4028);
#978=VERTEX_POINT('',#4036);
#979=VERTEX_POINT('',#4038);
#980=VERTEX_POINT('',#4064);
#981=VERTEX_POINT('',#4065);
#982=VERTEX_POINT('',#4067);
#983=VERTEX_POINT('',#4069);
#984=VERTEX_POINT('',#4073);
#985=VERTEX_POINT('',#4075);
#986=VERTEX_POINT('',#4082);
#987=VERTEX_POINT('',#4083);
#988=VERTEX_POINT('',#4085);
#989=VERTEX_POINT('',#4087);
#990=VERTEX_POINT('',#4091);
#991=VERTEX_POINT('',#4093);
#992=VERTEX_POINT('',#4097);
#993=VERTEX_POINT('',#4099);
#994=VERTEX_POINT('',#4103);
#995=VERTEX_POINT('',#4105);
#996=VERTEX_POINT('',#4109);
#997=VERTEX_POINT('',#4111);
#998=VERTEX_POINT('',#4115);
#999=VERTEX_POINT('',#4117);
#1000=VERTEX_POINT('',#4121);
#1001=VERTEX_POINT('',#4123);
#1002=VERTEX_POINT('',#4127);
#1003=VERTEX_POINT('',#4129);
#1004=VERTEX_POINT('',#4133);
#1005=VERTEX_POINT('',#4135);
#1006=VERTEX_POINT('',#4139);
#1007=VERTEX_POINT('',#4141);
#1008=EDGE_CURVE('',#807,#808,#695,.T.);
#1009=EDGE_CURVE('',#807,#809,#339,.T.);
#1010=EDGE_CURVE('',#809,#810,#696,.T.);
#1011=EDGE_CURVE('',#808,#810,#340,.T.);
#1012=EDGE_CURVE('',#811,#807,#697,.T.);
#1013=EDGE_CURVE('',#811,#812,#341,.T.);
#1014=EDGE_CURVE('',#812,#809,#698,.T.);
#1015=EDGE_CURVE('',#813,#811,#699,.T.);
#1016=EDGE_CURVE('',#813,#814,#342,.T.);
#1017=EDGE_CURVE('',#814,#812,#700,.T.);
#1018=EDGE_CURVE('',#815,#813,#701,.T.);
#1019=EDGE_CURVE('',#815,#816,#343,.T.);
#1020=EDGE_CURVE('',#816,#814,#702,.T.);
#1021=EDGE_CURVE('',#817,#815,#703,.T.);
#1022=EDGE_CURVE('',#817,#818,#344,.T.);
#1023=EDGE_CURVE('',#818,#816,#704,.T.);
#1024=EDGE_CURVE('',#819,#817,#705,.T.);
#1025=EDGE_CURVE('',#819,#820,#345,.T.);
#1026=EDGE_CURVE('',#820,#818,#706,.T.);
#1027=EDGE_CURVE('',#821,#819,#707,.T.);
#1028=EDGE_CURVE('',#821,#822,#346,.T.);
#1029=EDGE_CURVE('',#822,#820,#708,.T.);
#1030=EDGE_CURVE('',#823,#821,#709,.T.);
#1031=EDGE_CURVE('',#823,#824,#347,.T.);
#1032=EDGE_CURVE('',#824,#822,#710,.T.);
#1033=EDGE_CURVE('',#808,#823,#711,.T.);
#1034=EDGE_CURVE('',#810,#824,#712,.T.);
#1035=EDGE_CURVE('',#825,#826,#713,.T.);
#1036=EDGE_CURVE('',#825,#827,#348,.T.);
#1037=EDGE_CURVE('',#827,#828,#714,.T.);
#1038=EDGE_CURVE('',#826,#828,#349,.T.);
#1039=EDGE_CURVE('',#829,#825,#715,.T.);
#1040=EDGE_CURVE('',#829,#830,#350,.T.);
#1041=EDGE_CURVE('',#830,#827,#716,.T.);
#1042=EDGE_CURVE('',#831,#829,#717,.T.);
#1043=EDGE_CURVE('',#831,#832,#351,.T.);
#1044=EDGE_CURVE('',#832,#830,#718,.T.);
#1045=EDGE_CURVE('',#833,#831,#719,.T.);
#1046=EDGE_CURVE('',#833,#834,#352,.T.);
#1047=EDGE_CURVE('',#834,#832,#720,.T.);
#1048=EDGE_CURVE('',#835,#833,#721,.T.);
#1049=EDGE_CURVE('',#835,#836,#353,.T.);
#1050=EDGE_CURVE('',#836,#834,#722,.T.);
#1051=EDGE_CURVE('',#837,#835,#723,.T.);
#1052=EDGE_CURVE('',#837,#838,#354,.T.);
#1053=EDGE_CURVE('',#838,#836,#724,.T.);
#1054=EDGE_CURVE('',#839,#837,#725,.T.);
#1055=EDGE_CURVE('',#839,#840,#355,.T.);
#1056=EDGE_CURVE('',#840,#838,#726,.T.);
#1057=EDGE_CURVE('',#841,#839,#727,.T.);
#1058=EDGE_CURVE('',#841,#842,#356,.T.);
#1059=EDGE_CURVE('',#842,#840,#728,.T.);
#1060=EDGE_CURVE('',#843,#841,#729,.T.);
#1061=EDGE_CURVE('',#843,#844,#357,.T.);
#1062=EDGE_CURVE('',#844,#842,#730,.T.);
#1063=EDGE_CURVE('',#845,#843,#731,.T.);
#1064=EDGE_CURVE('',#845,#846,#358,.T.);
#1065=EDGE_CURVE('',#846,#844,#732,.T.);
#1066=EDGE_CURVE('',#847,#845,#733,.T.);
#1067=EDGE_CURVE('',#847,#848,#359,.T.);
#1068=EDGE_CURVE('',#848,#846,#734,.T.);
#1069=EDGE_CURVE('',#849,#847,#735,.T.);
#1070=EDGE_CURVE('',#849,#850,#360,.T.);
#1071=EDGE_CURVE('',#850,#848,#736,.T.);
#1072=EDGE_CURVE('',#851,#849,#737,.T.);
#1073=EDGE_CURVE('',#851,#852,#361,.T.);
#1074=EDGE_CURVE('',#852,#850,#738,.T.);
#1075=EDGE_CURVE('',#853,#851,#739,.T.);
#1076=EDGE_CURVE('',#853,#854,#362,.T.);
#1077=EDGE_CURVE('',#854,#852,#740,.T.);
#1078=EDGE_CURVE('',#855,#853,#741,.T.);
#1079=EDGE_CURVE('',#855,#856,#363,.T.);
#1080=EDGE_CURVE('',#856,#854,#742,.T.);
#1081=EDGE_CURVE('',#857,#855,#743,.T.);
#1082=EDGE_CURVE('',#857,#858,#364,.T.);
#1083=EDGE_CURVE('',#858,#856,#744,.T.);
#1084=EDGE_CURVE('',#859,#857,#745,.T.);
#1085=EDGE_CURVE('',#859,#860,#365,.T.);
#1086=EDGE_CURVE('',#860,#858,#746,.T.);
#1087=EDGE_CURVE('',#861,#859,#366,.T.);
#1088=EDGE_CURVE('',#861,#862,#367,.T.);
#1089=EDGE_CURVE('',#862,#860,#368,.T.);
#1090=EDGE_CURVE('',#826,#861,#747,.T.);
#1091=EDGE_CURVE('',#828,#862,#748,.T.);
#1092=EDGE_CURVE('',#863,#864,#369,.T.);
#1093=EDGE_CURVE('',#863,#865,#370,.T.);
#1094=EDGE_CURVE('',#865,#866,#371,.T.);
#1095=EDGE_CURVE('',#864,#866,#372,.T.);
#1096=EDGE_CURVE('',#867,#863,#373,.T.);
#1097=EDGE_CURVE('',#867,#868,#374,.T.);
#1098=EDGE_CURVE('',#868,#865,#375,.T.);
#1099=EDGE_CURVE('',#864,#867,#376,.T.);
#1100=EDGE_CURVE('',#866,#868,#377,.T.);
#1101=EDGE_CURVE('',#869,#870,#378,.T.);
#1102=EDGE_CURVE('',#869,#871,#379,.T.);
#1103=EDGE_CURVE('',#871,#872,#380,.T.);
#1104=EDGE_CURVE('',#870,#872,#381,.T.);
#1105=EDGE_CURVE('',#873,#869,#382,.T.);
#1106=EDGE_CURVE('',#873,#874,#383,.T.);
#1107=EDGE_CURVE('',#874,#871,#384,.T.);
#1108=EDGE_CURVE('',#875,#873,#385,.T.);
#1109=EDGE_CURVE('',#875,#876,#386,.T.);
#1110=EDGE_CURVE('',#876,#874,#387,.T.);
#1111=EDGE_CURVE('',#877,#875,#388,.T.);
#1112=EDGE_CURVE('',#877,#878,#389,.T.);
#1113=EDGE_CURVE('',#878,#876,#390,.T.);
#1114=EDGE_CURVE('',#879,#877,#391,.T.);
#1115=EDGE_CURVE('',#879,#880,#392,.T.);
#1116=EDGE_CURVE('',#880,#878,#393,.T.);
#1117=EDGE_CURVE('',#881,#879,#394,.T.);
#1118=EDGE_CURVE('',#881,#882,#395,.T.);
#1119=EDGE_CURVE('',#882,#880,#396,.T.);
#1120=EDGE_CURVE('',#883,#881,#397,.T.);
#1121=EDGE_CURVE('',#883,#884,#398,.T.);
#1122=EDGE_CURVE('',#884,#882,#399,.T.);
#1123=EDGE_CURVE('',#885,#883,#400,.T.);
#1124=EDGE_CURVE('',#885,#886,#401,.T.);
#1125=EDGE_CURVE('',#886,#884,#402,.T.);
#1126=EDGE_CURVE('',#887,#885,#403,.T.);
#1127=EDGE_CURVE('',#887,#888,#404,.T.);
#1128=EDGE_CURVE('',#888,#886,#405,.T.);
#1129=EDGE_CURVE('',#889,#887,#406,.T.);
#1130=EDGE_CURVE('',#889,#890,#407,.T.);
#1131=EDGE_CURVE('',#890,#888,#408,.T.);
#1132=EDGE_CURVE('',#870,#889,#409,.T.);
#1133=EDGE_CURVE('',#872,#890,#410,.T.);
#1134=EDGE_CURVE('',#891,#892,#411,.T.);
#1135=EDGE_CURVE('',#892,#893,#412,.T.);
#1136=EDGE_CURVE('',#893,#894,#413,.T.);
#1137=EDGE_CURVE('',#895,#894,#34,.T.);
#1138=EDGE_CURVE('',#895,#896,#414,.T.);
#1139=EDGE_CURVE('',#897,#896,#35,.T.);
#1140=EDGE_CURVE('',#897,#898,#415,.T.);
#1141=EDGE_CURVE('',#898,#899,#416,.T.);
#1142=EDGE_CURVE('',#899,#900,#417,.T.);
#1143=EDGE_CURVE('',#901,#900,#749,.T.);
#1144=EDGE_CURVE('',#901,#891,#31,.T.);
#1145=EDGE_CURVE('',#902,#903,#36,.T.);
#1146=EDGE_CURVE('',#903,#895,#418,.T.);
#1147=EDGE_CURVE('',#894,#902,#419,.T.);
#1148=EDGE_CURVE('',#903,#904,#420,.T.);
#1149=EDGE_CURVE('',#896,#904,#421,.T.);
#1150=EDGE_CURVE('',#905,#906,#37,.T.);
#1151=EDGE_CURVE('',#906,#907,#422,.T.);
#1152=EDGE_CURVE('',#907,#908,#38,.T.);
#1153=EDGE_CURVE('',#908,#905,#423,.T.);
#1154=EDGE_CURVE('',#909,#908,#424,.T.);
#1155=EDGE_CURVE('',#910,#909,#425,.T.);
#1156=EDGE_CURVE('',#905,#910,#426,.T.);
#1157=EDGE_CURVE('',#907,#911,#427,.T.);
#1158=EDGE_CURVE('',#912,#911,#428,.T.);
#1159=EDGE_CURVE('',#912,#913,#429,.T.);
#1160=EDGE_CURVE('',#913,#893,#430,.T.);
#1161=EDGE_CURVE('',#893,#914,#431,.T.);
#1162=EDGE_CURVE('',#909,#914,#39,.T.);
#1163=EDGE_CURVE('',#915,#915,#40,.T.);
#1164=EDGE_CURVE('',#916,#910,#41,.T.);
#1165=EDGE_CURVE('',#914,#916,#432,.T.);
#1166=EDGE_CURVE('',#904,#917,#42,.T.);
#1167=EDGE_CURVE('',#917,#897,#433,.T.);
#1168=EDGE_CURVE('',#917,#918,#434,.T.);
#1169=EDGE_CURVE('',#918,#898,#435,.T.);
#1170=EDGE_CURVE('',#919,#920,#750,.T.);
#1171=EDGE_CURVE('',#920,#901,#751,.T.);
#1172=EDGE_CURVE('',#900,#919,#752,.T.);
#1173=EDGE_CURVE('',#920,#912,#32,.T.);
#1174=EDGE_CURVE('',#891,#911,#33,.T.);
#1175=EDGE_CURVE('',#911,#921,#436,.T.);
#1176=EDGE_CURVE('',#891,#921,#437,.T.);
#1177=EDGE_CURVE('',#922,#922,#43,.T.);
#1178=EDGE_CURVE('',#922,#915,#438,.T.);
#1179=EDGE_CURVE('',#916,#892,#439,.T.);
#1180=EDGE_CURVE('',#921,#906,#440,.T.);
#1181=EDGE_CURVE('',#923,#899,#441,.T.);
#1182=EDGE_CURVE('',#923,#919,#442,.T.);
#1183=EDGE_CURVE('',#918,#923,#443,.T.);
#1184=EDGE_CURVE('',#913,#902,#444,.T.);
#1185=EDGE_CURVE('',#924,#925,#753,.T.);
#1186=EDGE_CURVE('',#925,#926,#445,.T.);
#1187=EDGE_CURVE('',#927,#926,#754,.T.);
#1188=EDGE_CURVE('',#924,#927,#446,.T.);
#1189=EDGE_CURVE('',#928,#924,#755,.T.);
#1190=EDGE_CURVE('',#929,#927,#756,.T.);
#1191=EDGE_CURVE('',#928,#929,#447,.T.);
#1192=EDGE_CURVE('',#930,#928,#757,.T.);
#1193=EDGE_CURVE('',#931,#929,#758,.T.);
#1194=EDGE_CURVE('',#930,#931,#448,.T.);
#1195=EDGE_CURVE('',#932,#930,#759,.T.);
#1196=EDGE_CURVE('',#933,#931,#760,.T.);
#1197=EDGE_CURVE('',#932,#933,#449,.T.);
#1198=EDGE_CURVE('',#934,#932,#761,.T.);
#1199=EDGE_CURVE('',#935,#933,#762,.T.);
#1200=EDGE_CURVE('',#934,#935,#450,.T.);
#1201=EDGE_CURVE('',#936,#934,#763,.T.);
#1202=EDGE_CURVE('',#937,#935,#764,.T.);
#1203=EDGE_CURVE('',#936,#937,#451,.T.);
#1204=EDGE_CURVE('',#938,#936,#765,.T.);
#1205=EDGE_CURVE('',#939,#937,#766,.T.);
#1206=EDGE_CURVE('',#938,#939,#452,.T.);
#1207=EDGE_CURVE('',#940,#938,#767,.T.);
#1208=EDGE_CURVE('',#941,#939,#768,.T.);
#1209=EDGE_CURVE('',#940,#941,#453,.T.);
#1210=EDGE_CURVE('',#925,#940,#769,.T.);
#1211=EDGE_CURVE('',#926,#941,#770,.T.);
#1212=EDGE_CURVE('',#942,#943,#771,.T.);
#1213=EDGE_CURVE('',#943,#944,#454,.T.);
#1214=EDGE_CURVE('',#945,#944,#772,.T.);
#1215=EDGE_CURVE('',#942,#945,#455,.T.);
#1216=EDGE_CURVE('',#946,#942,#773,.T.);
#1217=EDGE_CURVE('',#947,#945,#774,.T.);
#1218=EDGE_CURVE('',#946,#947,#456,.T.);
#1219=EDGE_CURVE('',#948,#946,#775,.T.);
#1220=EDGE_CURVE('',#949,#947,#776,.T.);
#1221=EDGE_CURVE('',#948,#949,#457,.T.);
#1222=EDGE_CURVE('',#950,#948,#777,.T.);
#1223=EDGE_CURVE('',#951,#949,#778,.T.);
#1224=EDGE_CURVE('',#950,#951,#458,.T.);
#1225=EDGE_CURVE('',#952,#950,#779,.T.);
#1226=EDGE_CURVE('',#953,#951,#780,.T.);
#1227=EDGE_CURVE('',#952,#953,#459,.T.);
#1228=EDGE_CURVE('',#954,#952,#781,.T.);
#1229=EDGE_CURVE('',#955,#953,#782,.T.);
#1230=EDGE_CURVE('',#954,#955,#460,.T.);
#1231=EDGE_CURVE('',#956,#954,#783,.T.);
#1232=EDGE_CURVE('',#957,#955,#784,.T.);
#1233=EDGE_CURVE('',#956,#957,#461,.T.);
#1234=EDGE_CURVE('',#958,#956,#785,.T.);
#1235=EDGE_CURVE('',#959,#957,#786,.T.);
#1236=EDGE_CURVE('',#958,#959,#462,.T.);
#1237=EDGE_CURVE('',#960,#958,#787,.T.);
#1238=EDGE_CURVE('',#961,#959,#788,.T.);
#1239=EDGE_CURVE('',#960,#961,#463,.T.);
#1240=EDGE_CURVE('',#962,#960,#789,.T.);
#1241=EDGE_CURVE('',#963,#961,#790,.T.);
#1242=EDGE_CURVE('',#962,#963,#464,.T.);
#1243=EDGE_CURVE('',#964,#962,#791,.T.);
#1244=EDGE_CURVE('',#965,#963,#792,.T.);
#1245=EDGE_CURVE('',#964,#965,#465,.T.);
#1246=EDGE_CURVE('',#966,#964,#793,.T.);
#1247=EDGE_CURVE('',#967,#965,#794,.T.);
#1248=EDGE_CURVE('',#966,#967,#466,.T.);
#1249=EDGE_CURVE('',#968,#966,#795,.T.);
#1250=EDGE_CURVE('',#969,#967,#796,.T.);
#1251=EDGE_CURVE('',#968,#969,#467,.T.);
#1252=EDGE_CURVE('',#970,#968,#797,.T.);
#1253=EDGE_CURVE('',#971,#969,#798,.T.);
#1254=EDGE_CURVE('',#970,#971,#468,.T.);
#1255=EDGE_CURVE('',#972,#970,#799,.T.);
#1256=EDGE_CURVE('',#973,#971,#800,.T.);
#1257=EDGE_CURVE('',#972,#973,#469,.T.);
#1258=EDGE_CURVE('',#974,#972,#801,.T.);
#1259=EDGE_CURVE('',#975,#973,#802,.T.);
#1260=EDGE_CURVE('',#974,#975,#470,.T.);
#1261=EDGE_CURVE('',#976,#974,#803,.T.);
#1262=EDGE_CURVE('',#977,#975,#804,.T.);
#1263=EDGE_CURVE('',#976,#977,#471,.T.);
#1264=EDGE_CURVE('',#978,#976,#472,.T.);
#1265=EDGE_CURVE('',#979,#977,#473,.T.);
#1266=EDGE_CURVE('',#978,#979,#474,.T.);
#1267=EDGE_CURVE('',#943,#978,#805,.T.);
#1268=EDGE_CURVE('',#944,#979,#806,.T.);
#1269=EDGE_CURVE('',#980,#981,#475,.T.);
#1270=EDGE_CURVE('',#981,#982,#476,.T.);
#1271=EDGE_CURVE('',#983,#982,#477,.T.);
#1272=EDGE_CURVE('',#980,#983,#478,.T.);
#1273=EDGE_CURVE('',#984,#980,#479,.T.);
#1274=EDGE_CURVE('',#985,#983,#480,.T.);
#1275=EDGE_CURVE('',#984,#985,#481,.T.);
#1276=EDGE_CURVE('',#981,#984,#482,.T.);
#1277=EDGE_CURVE('',#982,#985,#483,.T.);
#1278=EDGE_CURVE('',#986,#987,#484,.T.);
#1279=EDGE_CURVE('',#987,#988,#485,.T.);
#1280=EDGE_CURVE('',#989,#988,#486,.T.);
#1281=EDGE_CURVE('',#986,#989,#487,.T.);
#1282=EDGE_CURVE('',#990,#986,#488,.T.);
#1283=EDGE_CURVE('',#991,#989,#489,.T.);
#1284=EDGE_CURVE('',#990,#991,#490,.T.);
#1285=EDGE_CURVE('',#992,#990,#491,.T.);
#1286=EDGE_CURVE('',#993,#991,#492,.T.);
#1287=EDGE_CURVE('',#992,#993,#493,.T.);
#1288=EDGE_CURVE('',#994,#992,#494,.T.);
#1289=EDGE_CURVE('',#995,#993,#495,.T.);
#1290=EDGE_CURVE('',#994,#995,#496,.T.);
#1291=EDGE_CURVE('',#996,#994,#497,.T.);
#1292=EDGE_CURVE('',#997,#995,#498,.T.);
#1293=EDGE_CURVE('',#996,#997,#499,.T.);
#1294=EDGE_CURVE('',#998,#996,#500,.T.);
#1295=EDGE_CURVE('',#999,#997,#501,.T.);
#1296=EDGE_CURVE('',#998,#999,#502,.T.);
#1297=EDGE_CURVE('',#1000,#998,#503,.T.);
#1298=EDGE_CURVE('',#1001,#999,#504,.T.);
#1299=EDGE_CURVE('',#1000,#1001,#505,.T.);
#1300=EDGE_CURVE('',#1002,#1000,#506,.T.);
#1301=EDGE_CURVE('',#1003,#1001,#507,.T.);
#1302=EDGE_CURVE('',#1002,#1003,#508,.T.);
#1303=EDGE_CURVE('',#1004,#1002,#509,.T.);
#1304=EDGE_CURVE('',#1005,#1003,#510,.T.);
#1305=EDGE_CURVE('',#1004,#1005,#511,.T.);
#1306=EDGE_CURVE('',#1006,#1004,#512,.T.);
#1307=EDGE_CURVE('',#1007,#1005,#513,.T.);
#1308=EDGE_CURVE('',#1006,#1007,#514,.T.);
#1309=EDGE_CURVE('',#987,#1006,#515,.T.);
#1310=EDGE_CURVE('',#988,#1007,#516,.T.);
#1311=ORIENTED_EDGE('',*,*,#1008,.F.);
#1312=ORIENTED_EDGE('',*,*,#1009,.T.);
#1313=ORIENTED_EDGE('',*,*,#1010,.T.);
#1314=ORIENTED_EDGE('',*,*,#1011,.F.);
#1315=ORIENTED_EDGE('',*,*,#1012,.F.);
#1316=ORIENTED_EDGE('',*,*,#1013,.T.);
#1317=ORIENTED_EDGE('',*,*,#1014,.T.);
#1318=ORIENTED_EDGE('',*,*,#1009,.F.);
#1319=ORIENTED_EDGE('',*,*,#1015,.F.);
#1320=ORIENTED_EDGE('',*,*,#1016,.T.);
#1321=ORIENTED_EDGE('',*,*,#1017,.T.);
#1322=ORIENTED_EDGE('',*,*,#1013,.F.);
#1323=ORIENTED_EDGE('',*,*,#1018,.F.);
#1324=ORIENTED_EDGE('',*,*,#1019,.T.);
#1325=ORIENTED_EDGE('',*,*,#1020,.T.);
#1326=ORIENTED_EDGE('',*,*,#1016,.F.);
#1327=ORIENTED_EDGE('',*,*,#1021,.F.);
#1328=ORIENTED_EDGE('',*,*,#1022,.T.);
#1329=ORIENTED_EDGE('',*,*,#1023,.T.);
#1330=ORIENTED_EDGE('',*,*,#1019,.F.);
#1331=ORIENTED_EDGE('',*,*,#1024,.F.);
#1332=ORIENTED_EDGE('',*,*,#1025,.T.);
#1333=ORIENTED_EDGE('',*,*,#1026,.T.);
#1334=ORIENTED_EDGE('',*,*,#1022,.F.);
#1335=ORIENTED_EDGE('',*,*,#1027,.F.);
#1336=ORIENTED_EDGE('',*,*,#1028,.T.);
#1337=ORIENTED_EDGE('',*,*,#1029,.T.);
#1338=ORIENTED_EDGE('',*,*,#1025,.F.);
#1339=ORIENTED_EDGE('',*,*,#1030,.F.);
#1340=ORIENTED_EDGE('',*,*,#1031,.T.);
#1341=ORIENTED_EDGE('',*,*,#1032,.T.);
#1342=ORIENTED_EDGE('',*,*,#1028,.F.);
#1343=ORIENTED_EDGE('',*,*,#1033,.F.);
#1344=ORIENTED_EDGE('',*,*,#1011,.T.);
#1345=ORIENTED_EDGE('',*,*,#1034,.T.);
#1346=ORIENTED_EDGE('',*,*,#1031,.F.);
#1347=ORIENTED_EDGE('',*,*,#1035,.F.);
#1348=ORIENTED_EDGE('',*,*,#1036,.T.);
#1349=ORIENTED_EDGE('',*,*,#1037,.T.);
#1350=ORIENTED_EDGE('',*,*,#1038,.F.);
#1351=ORIENTED_EDGE('',*,*,#1039,.F.);
#1352=ORIENTED_EDGE('',*,*,#1040,.T.);
#1353=ORIENTED_EDGE('',*,*,#1041,.T.);
#1354=ORIENTED_EDGE('',*,*,#1036,.F.);
#1355=ORIENTED_EDGE('',*,*,#1042,.F.);
#1356=ORIENTED_EDGE('',*,*,#1043,.T.);
#1357=ORIENTED_EDGE('',*,*,#1044,.T.);
#1358=ORIENTED_EDGE('',*,*,#1040,.F.);
#1359=ORIENTED_EDGE('',*,*,#1045,.F.);
#1360=ORIENTED_EDGE('',*,*,#1046,.T.);
#1361=ORIENTED_EDGE('',*,*,#1047,.T.);
#1362=ORIENTED_EDGE('',*,*,#1043,.F.);
#1363=ORIENTED_EDGE('',*,*,#1048,.F.);
#1364=ORIENTED_EDGE('',*,*,#1049,.T.);
#1365=ORIENTED_EDGE('',*,*,#1050,.T.);
#1366=ORIENTED_EDGE('',*,*,#1046,.F.);
#1367=ORIENTED_EDGE('',*,*,#1051,.F.);
#1368=ORIENTED_EDGE('',*,*,#1052,.T.);
#1369=ORIENTED_EDGE('',*,*,#1053,.T.);
#1370=ORIENTED_EDGE('',*,*,#1049,.F.);
#1371=ORIENTED_EDGE('',*,*,#1054,.F.);
#1372=ORIENTED_EDGE('',*,*,#1055,.T.);
#1373=ORIENTED_EDGE('',*,*,#1056,.T.);
#1374=ORIENTED_EDGE('',*,*,#1052,.F.);
#1375=ORIENTED_EDGE('',*,*,#1057,.F.);
#1376=ORIENTED_EDGE('',*,*,#1058,.T.);
#1377=ORIENTED_EDGE('',*,*,#1059,.T.);
#1378=ORIENTED_EDGE('',*,*,#1055,.F.);
#1379=ORIENTED_EDGE('',*,*,#1060,.F.);
#1380=ORIENTED_EDGE('',*,*,#1061,.T.);
#1381=ORIENTED_EDGE('',*,*,#1062,.T.);
#1382=ORIENTED_EDGE('',*,*,#1058,.F.);
#1383=ORIENTED_EDGE('',*,*,#1063,.F.);
#1384=ORIENTED_EDGE('',*,*,#1064,.T.);
#1385=ORIENTED_EDGE('',*,*,#1065,.T.);
#1386=ORIENTED_EDGE('',*,*,#1061,.F.);
#1387=ORIENTED_EDGE('',*,*,#1066,.F.);
#1388=ORIENTED_EDGE('',*,*,#1067,.T.);
#1389=ORIENTED_EDGE('',*,*,#1068,.T.);
#1390=ORIENTED_EDGE('',*,*,#1064,.F.);
#1391=ORIENTED_EDGE('',*,*,#1069,.F.);
#1392=ORIENTED_EDGE('',*,*,#1070,.T.);
#1393=ORIENTED_EDGE('',*,*,#1071,.T.);
#1394=ORIENTED_EDGE('',*,*,#1067,.F.);
#1395=ORIENTED_EDGE('',*,*,#1072,.F.);
#1396=ORIENTED_EDGE('',*,*,#1073,.T.);
#1397=ORIENTED_EDGE('',*,*,#1074,.T.);
#1398=ORIENTED_EDGE('',*,*,#1070,.F.);
#1399=ORIENTED_EDGE('',*,*,#1075,.F.);
#1400=ORIENTED_EDGE('',*,*,#1076,.T.);
#1401=ORIENTED_EDGE('',*,*,#1077,.T.);
#1402=ORIENTED_EDGE('',*,*,#1073,.F.);
#1403=ORIENTED_EDGE('',*,*,#1078,.F.);
#1404=ORIENTED_EDGE('',*,*,#1079,.T.);
#1405=ORIENTED_EDGE('',*,*,#1080,.T.);
#1406=ORIENTED_EDGE('',*,*,#1076,.F.);
#1407=ORIENTED_EDGE('',*,*,#1081,.F.);
#1408=ORIENTED_EDGE('',*,*,#1082,.T.);
#1409=ORIENTED_EDGE('',*,*,#1083,.T.);
#1410=ORIENTED_EDGE('',*,*,#1079,.F.);
#1411=ORIENTED_EDGE('',*,*,#1084,.F.);
#1412=ORIENTED_EDGE('',*,*,#1085,.T.);
#1413=ORIENTED_EDGE('',*,*,#1086,.T.);
#1414=ORIENTED_EDGE('',*,*,#1082,.F.);
#1415=ORIENTED_EDGE('',*,*,#1087,.F.);
#1416=ORIENTED_EDGE('',*,*,#1088,.T.);
#1417=ORIENTED_EDGE('',*,*,#1089,.T.);
#1418=ORIENTED_EDGE('',*,*,#1085,.F.);
#1419=ORIENTED_EDGE('',*,*,#1090,.F.);
#1420=ORIENTED_EDGE('',*,*,#1038,.T.);
#1421=ORIENTED_EDGE('',*,*,#1091,.T.);
#1422=ORIENTED_EDGE('',*,*,#1088,.F.);
#1423=ORIENTED_EDGE('',*,*,#1091,.F.);
#1424=ORIENTED_EDGE('',*,*,#1037,.F.);
#1425=ORIENTED_EDGE('',*,*,#1041,.F.);
#1426=ORIENTED_EDGE('',*,*,#1044,.F.);
#1427=ORIENTED_EDGE('',*,*,#1047,.F.);
#1428=ORIENTED_EDGE('',*,*,#1050,.F.);
#1429=ORIENTED_EDGE('',*,*,#1053,.F.);
#1430=ORIENTED_EDGE('',*,*,#1056,.F.);
#1431=ORIENTED_EDGE('',*,*,#1059,.F.);
#1432=ORIENTED_EDGE('',*,*,#1062,.F.);
#1433=ORIENTED_EDGE('',*,*,#1065,.F.);
#1434=ORIENTED_EDGE('',*,*,#1068,.F.);
#1435=ORIENTED_EDGE('',*,*,#1071,.F.);
#1436=ORIENTED_EDGE('',*,*,#1074,.F.);
#1437=ORIENTED_EDGE('',*,*,#1077,.F.);
#1438=ORIENTED_EDGE('',*,*,#1080,.F.);
#1439=ORIENTED_EDGE('',*,*,#1083,.F.);
#1440=ORIENTED_EDGE('',*,*,#1086,.F.);
#1441=ORIENTED_EDGE('',*,*,#1089,.F.);
#1442=ORIENTED_EDGE('',*,*,#1034,.F.);
#1443=ORIENTED_EDGE('',*,*,#1010,.F.);
#1444=ORIENTED_EDGE('',*,*,#1014,.F.);
#1445=ORIENTED_EDGE('',*,*,#1017,.F.);
#1446=ORIENTED_EDGE('',*,*,#1020,.F.);
#1447=ORIENTED_EDGE('',*,*,#1023,.F.);
#1448=ORIENTED_EDGE('',*,*,#1026,.F.);
#1449=ORIENTED_EDGE('',*,*,#1029,.F.);
#1450=ORIENTED_EDGE('',*,*,#1032,.F.);
#1451=ORIENTED_EDGE('',*,*,#1092,.F.);
#1452=ORIENTED_EDGE('',*,*,#1093,.T.);
#1453=ORIENTED_EDGE('',*,*,#1094,.T.);
#1454=ORIENTED_EDGE('',*,*,#1095,.F.);
#1455=ORIENTED_EDGE('',*,*,#1096,.F.);
#1456=ORIENTED_EDGE('',*,*,#1097,.T.);
#1457=ORIENTED_EDGE('',*,*,#1098,.T.);
#1458=ORIENTED_EDGE('',*,*,#1093,.F.);
#1459=ORIENTED_EDGE('',*,*,#1099,.F.);
#1460=ORIENTED_EDGE('',*,*,#1095,.T.);
#1461=ORIENTED_EDGE('',*,*,#1100,.T.);
#1462=ORIENTED_EDGE('',*,*,#1097,.F.);
#1463=ORIENTED_EDGE('',*,*,#1101,.F.);
#1464=ORIENTED_EDGE('',*,*,#1102,.T.);
#1465=ORIENTED_EDGE('',*,*,#1103,.T.);
#1466=ORIENTED_EDGE('',*,*,#1104,.F.);
#1467=ORIENTED_EDGE('',*,*,#1105,.F.);
#1468=ORIENTED_EDGE('',*,*,#1106,.T.);
#1469=ORIENTED_EDGE('',*,*,#1107,.T.);
#1470=ORIENTED_EDGE('',*,*,#1102,.F.);
#1471=ORIENTED_EDGE('',*,*,#1108,.F.);
#1472=ORIENTED_EDGE('',*,*,#1109,.T.);
#1473=ORIENTED_EDGE('',*,*,#1110,.T.);
#1474=ORIENTED_EDGE('',*,*,#1106,.F.);
#1475=ORIENTED_EDGE('',*,*,#1111,.F.);
#1476=ORIENTED_EDGE('',*,*,#1112,.T.);
#1477=ORIENTED_EDGE('',*,*,#1113,.T.);
#1478=ORIENTED_EDGE('',*,*,#1109,.F.);
#1479=ORIENTED_EDGE('',*,*,#1114,.F.);
#1480=ORIENTED_EDGE('',*,*,#1115,.T.);
#1481=ORIENTED_EDGE('',*,*,#1116,.T.);
#1482=ORIENTED_EDGE('',*,*,#1112,.F.);
#1483=ORIENTED_EDGE('',*,*,#1117,.F.);
#1484=ORIENTED_EDGE('',*,*,#1118,.T.);
#1485=ORIENTED_EDGE('',*,*,#1119,.T.);
#1486=ORIENTED_EDGE('',*,*,#1115,.F.);
#1487=ORIENTED_EDGE('',*,*,#1120,.F.);
#1488=ORIENTED_EDGE('',*,*,#1121,.T.);
#1489=ORIENTED_EDGE('',*,*,#1122,.T.);
#1490=ORIENTED_EDGE('',*,*,#1118,.F.);
#1491=ORIENTED_EDGE('',*,*,#1123,.F.);
#1492=ORIENTED_EDGE('',*,*,#1124,.T.);
#1493=ORIENTED_EDGE('',*,*,#1125,.T.);
#1494=ORIENTED_EDGE('',*,*,#1121,.F.);
#1495=ORIENTED_EDGE('',*,*,#1126,.F.);
#1496=ORIENTED_EDGE('',*,*,#1127,.T.);
#1497=ORIENTED_EDGE('',*,*,#1128,.T.);
#1498=ORIENTED_EDGE('',*,*,#1124,.F.);
#1499=ORIENTED_EDGE('',*,*,#1129,.F.);
#1500=ORIENTED_EDGE('',*,*,#1130,.T.);
#1501=ORIENTED_EDGE('',*,*,#1131,.T.);
#1502=ORIENTED_EDGE('',*,*,#1127,.F.);
#1503=ORIENTED_EDGE('',*,*,#1132,.F.);
#1504=ORIENTED_EDGE('',*,*,#1104,.T.);
#1505=ORIENTED_EDGE('',*,*,#1133,.T.);
#1506=ORIENTED_EDGE('',*,*,#1130,.F.);
#1507=ORIENTED_EDGE('',*,*,#1133,.F.);
#1508=ORIENTED_EDGE('',*,*,#1103,.F.);
#1509=ORIENTED_EDGE('',*,*,#1107,.F.);
#1510=ORIENTED_EDGE('',*,*,#1110,.F.);
#1511=ORIENTED_EDGE('',*,*,#1113,.F.);
#1512=ORIENTED_EDGE('',*,*,#1116,.F.);
#1513=ORIENTED_EDGE('',*,*,#1119,.F.);
#1514=ORIENTED_EDGE('',*,*,#1122,.F.);
#1515=ORIENTED_EDGE('',*,*,#1125,.F.);
#1516=ORIENTED_EDGE('',*,*,#1128,.F.);
#1517=ORIENTED_EDGE('',*,*,#1131,.F.);
#1518=ORIENTED_EDGE('',*,*,#1100,.F.);
#1519=ORIENTED_EDGE('',*,*,#1094,.F.);
#1520=ORIENTED_EDGE('',*,*,#1098,.F.);
#1521=ORIENTED_EDGE('',*,*,#1134,.T.);
#1522=ORIENTED_EDGE('',*,*,#1135,.T.);
#1523=ORIENTED_EDGE('',*,*,#1136,.T.);
#1524=ORIENTED_EDGE('',*,*,#1137,.F.);
#1525=ORIENTED_EDGE('',*,*,#1138,.T.);
#1526=ORIENTED_EDGE('',*,*,#1139,.F.);
#1527=ORIENTED_EDGE('',*,*,#1140,.T.);
#1528=ORIENTED_EDGE('',*,*,#1141,.T.);
#1529=ORIENTED_EDGE('',*,*,#1142,.T.);
#1530=ORIENTED_EDGE('',*,*,#1143,.F.);
#1531=ORIENTED_EDGE('',*,*,#1144,.T.);
#1532=ORIENTED_EDGE('',*,*,#1035,.T.);
#1533=ORIENTED_EDGE('',*,*,#1090,.T.);
#1534=ORIENTED_EDGE('',*,*,#1087,.T.);
#1535=ORIENTED_EDGE('',*,*,#1084,.T.);
#1536=ORIENTED_EDGE('',*,*,#1081,.T.);
#1537=ORIENTED_EDGE('',*,*,#1078,.T.);
#1538=ORIENTED_EDGE('',*,*,#1075,.T.);
#1539=ORIENTED_EDGE('',*,*,#1072,.T.);
#1540=ORIENTED_EDGE('',*,*,#1069,.T.);
#1541=ORIENTED_EDGE('',*,*,#1066,.T.);
#1542=ORIENTED_EDGE('',*,*,#1063,.T.);
#1543=ORIENTED_EDGE('',*,*,#1060,.T.);
#1544=ORIENTED_EDGE('',*,*,#1057,.T.);
#1545=ORIENTED_EDGE('',*,*,#1054,.T.);
#1546=ORIENTED_EDGE('',*,*,#1051,.T.);
#1547=ORIENTED_EDGE('',*,*,#1048,.T.);
#1548=ORIENTED_EDGE('',*,*,#1045,.T.);
#1549=ORIENTED_EDGE('',*,*,#1042,.T.);
#1550=ORIENTED_EDGE('',*,*,#1039,.T.);
#1551=ORIENTED_EDGE('',*,*,#1101,.T.);
#1552=ORIENTED_EDGE('',*,*,#1132,.T.);
#1553=ORIENTED_EDGE('',*,*,#1129,.T.);
#1554=ORIENTED_EDGE('',*,*,#1126,.T.);
#1555=ORIENTED_EDGE('',*,*,#1123,.T.);
#1556=ORIENTED_EDGE('',*,*,#1120,.T.);
#1557=ORIENTED_EDGE('',*,*,#1117,.T.);
#1558=ORIENTED_EDGE('',*,*,#1114,.T.);
#1559=ORIENTED_EDGE('',*,*,#1111,.T.);
#1560=ORIENTED_EDGE('',*,*,#1108,.T.);
#1561=ORIENTED_EDGE('',*,*,#1105,.T.);
#1562=ORIENTED_EDGE('',*,*,#1092,.T.);
#1563=ORIENTED_EDGE('',*,*,#1099,.T.);
#1564=ORIENTED_EDGE('',*,*,#1096,.T.);
#1565=ORIENTED_EDGE('',*,*,#1145,.T.);
#1566=ORIENTED_EDGE('',*,*,#1146,.T.);
#1567=ORIENTED_EDGE('',*,*,#1137,.T.);
#1568=ORIENTED_EDGE('',*,*,#1147,.T.);
#1569=ORIENTED_EDGE('',*,*,#1146,.F.);
#1570=ORIENTED_EDGE('',*,*,#1148,.T.);
#1571=ORIENTED_EDGE('',*,*,#1149,.F.);
#1572=ORIENTED_EDGE('',*,*,#1138,.F.);
#1573=ORIENTED_EDGE('',*,*,#1150,.T.);
#1574=ORIENTED_EDGE('',*,*,#1151,.T.);
#1575=ORIENTED_EDGE('',*,*,#1152,.T.);
#1576=ORIENTED_EDGE('',*,*,#1153,.T.);
#1577=ORIENTED_EDGE('',*,*,#1153,.F.);
#1578=ORIENTED_EDGE('',*,*,#1154,.F.);
#1579=ORIENTED_EDGE('',*,*,#1155,.F.);
#1580=ORIENTED_EDGE('',*,*,#1156,.F.);
#1581=ORIENTED_EDGE('',*,*,#1152,.F.);
#1582=ORIENTED_EDGE('',*,*,#1157,.T.);
#1583=ORIENTED_EDGE('',*,*,#1158,.F.);
#1584=ORIENTED_EDGE('',*,*,#1159,.T.);
#1585=ORIENTED_EDGE('',*,*,#1160,.T.);
#1586=ORIENTED_EDGE('',*,*,#1161,.T.);
#1587=ORIENTED_EDGE('',*,*,#1162,.F.);
#1588=ORIENTED_EDGE('',*,*,#1154,.T.);
#1589=ORIENTED_EDGE('',*,*,#1163,.T.);
#1590=ORIENTED_EDGE('',*,*,#1164,.T.);
#1591=ORIENTED_EDGE('',*,*,#1155,.T.);
#1592=ORIENTED_EDGE('',*,*,#1162,.T.);
#1593=ORIENTED_EDGE('',*,*,#1165,.T.);
#1594=ORIENTED_EDGE('',*,*,#1166,.T.);
#1595=ORIENTED_EDGE('',*,*,#1167,.T.);
#1596=ORIENTED_EDGE('',*,*,#1139,.T.);
#1597=ORIENTED_EDGE('',*,*,#1149,.T.);
#1598=ORIENTED_EDGE('',*,*,#1167,.F.);
#1599=ORIENTED_EDGE('',*,*,#1168,.T.);
#1600=ORIENTED_EDGE('',*,*,#1169,.T.);
#1601=ORIENTED_EDGE('',*,*,#1140,.F.);
#1602=ORIENTED_EDGE('',*,*,#1170,.T.);
#1603=ORIENTED_EDGE('',*,*,#1171,.T.);
#1604=ORIENTED_EDGE('',*,*,#1143,.T.);
#1605=ORIENTED_EDGE('',*,*,#1172,.T.);
#1606=ORIENTED_EDGE('',*,*,#1171,.F.);
#1607=ORIENTED_EDGE('',*,*,#1173,.T.);
#1608=ORIENTED_EDGE('',*,*,#1158,.T.);
#1609=ORIENTED_EDGE('',*,*,#1174,.F.);
#1610=ORIENTED_EDGE('',*,*,#1144,.F.);
#1611=ORIENTED_EDGE('',*,*,#1174,.T.);
#1612=ORIENTED_EDGE('',*,*,#1175,.T.);
#1613=ORIENTED_EDGE('',*,*,#1176,.F.);
#1614=ORIENTED_EDGE('',*,*,#1177,.F.);
#1615=ORIENTED_EDGE('',*,*,#1178,.T.);
#1616=ORIENTED_EDGE('',*,*,#1163,.F.);
#1617=ORIENTED_EDGE('',*,*,#1178,.F.);
#1618=ORIENTED_EDGE('',*,*,#1165,.F.);
#1619=ORIENTED_EDGE('',*,*,#1161,.F.);
#1620=ORIENTED_EDGE('',*,*,#1135,.F.);
#1621=ORIENTED_EDGE('',*,*,#1179,.F.);
#1622=ORIENTED_EDGE('',*,*,#1151,.F.);
#1623=ORIENTED_EDGE('',*,*,#1180,.F.);
#1624=ORIENTED_EDGE('',*,*,#1175,.F.);
#1625=ORIENTED_EDGE('',*,*,#1157,.F.);
#1626=ORIENTED_EDGE('',*,*,#1150,.F.);
#1627=ORIENTED_EDGE('',*,*,#1156,.T.);
#1628=ORIENTED_EDGE('',*,*,#1164,.F.);
#1629=ORIENTED_EDGE('',*,*,#1179,.T.);
#1630=ORIENTED_EDGE('',*,*,#1134,.F.);
#1631=ORIENTED_EDGE('',*,*,#1176,.T.);
#1632=ORIENTED_EDGE('',*,*,#1180,.T.);
#1633=ORIENTED_EDGE('',*,*,#1177,.T.);
#1634=ORIENTED_EDGE('',*,*,#1008,.T.);
#1635=ORIENTED_EDGE('',*,*,#1033,.T.);
#1636=ORIENTED_EDGE('',*,*,#1030,.T.);
#1637=ORIENTED_EDGE('',*,*,#1027,.T.);
#1638=ORIENTED_EDGE('',*,*,#1024,.T.);
#1639=ORIENTED_EDGE('',*,*,#1021,.T.);
#1640=ORIENTED_EDGE('',*,*,#1018,.T.);
#1641=ORIENTED_EDGE('',*,*,#1015,.T.);
#1642=ORIENTED_EDGE('',*,*,#1012,.T.);
#1643=ORIENTED_EDGE('',*,*,#1172,.F.);
#1644=ORIENTED_EDGE('',*,*,#1142,.F.);
#1645=ORIENTED_EDGE('',*,*,#1181,.F.);
#1646=ORIENTED_EDGE('',*,*,#1182,.T.);
#1647=ORIENTED_EDGE('',*,*,#1183,.T.);
#1648=ORIENTED_EDGE('',*,*,#1181,.T.);
#1649=ORIENTED_EDGE('',*,*,#1141,.F.);
#1650=ORIENTED_EDGE('',*,*,#1169,.F.);
#1651=ORIENTED_EDGE('',*,*,#1147,.F.);
#1652=ORIENTED_EDGE('',*,*,#1136,.F.);
#1653=ORIENTED_EDGE('',*,*,#1160,.F.);
#1654=ORIENTED_EDGE('',*,*,#1184,.T.);
#1655=ORIENTED_EDGE('',*,*,#1184,.F.);
#1656=ORIENTED_EDGE('',*,*,#1159,.F.);
#1657=ORIENTED_EDGE('',*,*,#1173,.F.);
#1658=ORIENTED_EDGE('',*,*,#1170,.F.);
#1659=ORIENTED_EDGE('',*,*,#1182,.F.);
#1660=ORIENTED_EDGE('',*,*,#1183,.F.);
#1661=ORIENTED_EDGE('',*,*,#1168,.F.);
#1662=ORIENTED_EDGE('',*,*,#1166,.F.);
#1663=ORIENTED_EDGE('',*,*,#1148,.F.);
#1664=ORIENTED_EDGE('',*,*,#1145,.F.);
#1665=ORIENTED_EDGE('',*,*,#1185,.T.);
#1666=ORIENTED_EDGE('',*,*,#1186,.T.);
#1667=ORIENTED_EDGE('',*,*,#1187,.F.);
#1668=ORIENTED_EDGE('',*,*,#1188,.F.);
#1669=ORIENTED_EDGE('',*,*,#1189,.T.);
#1670=ORIENTED_EDGE('',*,*,#1188,.T.);
#1671=ORIENTED_EDGE('',*,*,#1190,.F.);
#1672=ORIENTED_EDGE('',*,*,#1191,.F.);
#1673=ORIENTED_EDGE('',*,*,#1192,.T.);
#1674=ORIENTED_EDGE('',*,*,#1191,.T.);
#1675=ORIENTED_EDGE('',*,*,#1193,.F.);
#1676=ORIENTED_EDGE('',*,*,#1194,.F.);
#1677=ORIENTED_EDGE('',*,*,#1195,.T.);
#1678=ORIENTED_EDGE('',*,*,#1194,.T.);
#1679=ORIENTED_EDGE('',*,*,#1196,.F.);
#1680=ORIENTED_EDGE('',*,*,#1197,.F.);
#1681=ORIENTED_EDGE('',*,*,#1198,.T.);
#1682=ORIENTED_EDGE('',*,*,#1197,.T.);
#1683=ORIENTED_EDGE('',*,*,#1199,.F.);
#1684=ORIENTED_EDGE('',*,*,#1200,.F.);
#1685=ORIENTED_EDGE('',*,*,#1201,.T.);
#1686=ORIENTED_EDGE('',*,*,#1200,.T.);
#1687=ORIENTED_EDGE('',*,*,#1202,.F.);
#1688=ORIENTED_EDGE('',*,*,#1203,.F.);
#1689=ORIENTED_EDGE('',*,*,#1204,.T.);
#1690=ORIENTED_EDGE('',*,*,#1203,.T.);
#1691=ORIENTED_EDGE('',*,*,#1205,.F.);
#1692=ORIENTED_EDGE('',*,*,#1206,.F.);
#1693=ORIENTED_EDGE('',*,*,#1207,.T.);
#1694=ORIENTED_EDGE('',*,*,#1206,.T.);
#1695=ORIENTED_EDGE('',*,*,#1208,.F.);
#1696=ORIENTED_EDGE('',*,*,#1209,.F.);
#1697=ORIENTED_EDGE('',*,*,#1210,.T.);
#1698=ORIENTED_EDGE('',*,*,#1209,.T.);
#1699=ORIENTED_EDGE('',*,*,#1211,.F.);
#1700=ORIENTED_EDGE('',*,*,#1186,.F.);
#1701=ORIENTED_EDGE('',*,*,#1212,.T.);
#1702=ORIENTED_EDGE('',*,*,#1213,.T.);
#1703=ORIENTED_EDGE('',*,*,#1214,.F.);
#1704=ORIENTED_EDGE('',*,*,#1215,.F.);
#1705=ORIENTED_EDGE('',*,*,#1216,.T.);
#1706=ORIENTED_EDGE('',*,*,#1215,.T.);
#1707=ORIENTED_EDGE('',*,*,#1217,.F.);
#1708=ORIENTED_EDGE('',*,*,#1218,.F.);
#1709=ORIENTED_EDGE('',*,*,#1219,.T.);
#1710=ORIENTED_EDGE('',*,*,#1218,.T.);
#1711=ORIENTED_EDGE('',*,*,#1220,.F.);
#1712=ORIENTED_EDGE('',*,*,#1221,.F.);
#1713=ORIENTED_EDGE('',*,*,#1222,.T.);
#1714=ORIENTED_EDGE('',*,*,#1221,.T.);
#1715=ORIENTED_EDGE('',*,*,#1223,.F.);
#1716=ORIENTED_EDGE('',*,*,#1224,.F.);
#1717=ORIENTED_EDGE('',*,*,#1225,.T.);
#1718=ORIENTED_EDGE('',*,*,#1224,.T.);
#1719=ORIENTED_EDGE('',*,*,#1226,.F.);
#1720=ORIENTED_EDGE('',*,*,#1227,.F.);
#1721=ORIENTED_EDGE('',*,*,#1228,.T.);
#1722=ORIENTED_EDGE('',*,*,#1227,.T.);
#1723=ORIENTED_EDGE('',*,*,#1229,.F.);
#1724=ORIENTED_EDGE('',*,*,#1230,.F.);
#1725=ORIENTED_EDGE('',*,*,#1231,.T.);
#1726=ORIENTED_EDGE('',*,*,#1230,.T.);
#1727=ORIENTED_EDGE('',*,*,#1232,.F.);
#1728=ORIENTED_EDGE('',*,*,#1233,.F.);
#1729=ORIENTED_EDGE('',*,*,#1234,.T.);
#1730=ORIENTED_EDGE('',*,*,#1233,.T.);
#1731=ORIENTED_EDGE('',*,*,#1235,.F.);
#1732=ORIENTED_EDGE('',*,*,#1236,.F.);
#1733=ORIENTED_EDGE('',*,*,#1237,.T.);
#1734=ORIENTED_EDGE('',*,*,#1236,.T.);
#1735=ORIENTED_EDGE('',*,*,#1238,.F.);
#1736=ORIENTED_EDGE('',*,*,#1239,.F.);
#1737=ORIENTED_EDGE('',*,*,#1240,.T.);
#1738=ORIENTED_EDGE('',*,*,#1239,.T.);
#1739=ORIENTED_EDGE('',*,*,#1241,.F.);
#1740=ORIENTED_EDGE('',*,*,#1242,.F.);
#1741=ORIENTED_EDGE('',*,*,#1243,.T.);
#1742=ORIENTED_EDGE('',*,*,#1242,.T.);
#1743=ORIENTED_EDGE('',*,*,#1244,.F.);
#1744=ORIENTED_EDGE('',*,*,#1245,.F.);
#1745=ORIENTED_EDGE('',*,*,#1246,.T.);
#1746=ORIENTED_EDGE('',*,*,#1245,.T.);
#1747=ORIENTED_EDGE('',*,*,#1247,.F.);
#1748=ORIENTED_EDGE('',*,*,#1248,.F.);
#1749=ORIENTED_EDGE('',*,*,#1249,.T.);
#1750=ORIENTED_EDGE('',*,*,#1248,.T.);
#1751=ORIENTED_EDGE('',*,*,#1250,.F.);
#1752=ORIENTED_EDGE('',*,*,#1251,.F.);
#1753=ORIENTED_EDGE('',*,*,#1252,.T.);
#1754=ORIENTED_EDGE('',*,*,#1251,.T.);
#1755=ORIENTED_EDGE('',*,*,#1253,.F.);
#1756=ORIENTED_EDGE('',*,*,#1254,.F.);
#1757=ORIENTED_EDGE('',*,*,#1255,.T.);
#1758=ORIENTED_EDGE('',*,*,#1254,.T.);
#1759=ORIENTED_EDGE('',*,*,#1256,.F.);
#1760=ORIENTED_EDGE('',*,*,#1257,.F.);
#1761=ORIENTED_EDGE('',*,*,#1258,.T.);
#1762=ORIENTED_EDGE('',*,*,#1257,.T.);
#1763=ORIENTED_EDGE('',*,*,#1259,.F.);
#1764=ORIENTED_EDGE('',*,*,#1260,.F.);
#1765=ORIENTED_EDGE('',*,*,#1261,.T.);
#1766=ORIENTED_EDGE('',*,*,#1260,.T.);
#1767=ORIENTED_EDGE('',*,*,#1262,.F.);
#1768=ORIENTED_EDGE('',*,*,#1263,.F.);
#1769=ORIENTED_EDGE('',*,*,#1264,.T.);
#1770=ORIENTED_EDGE('',*,*,#1263,.T.);
#1771=ORIENTED_EDGE('',*,*,#1265,.F.);
#1772=ORIENTED_EDGE('',*,*,#1266,.F.);
#1773=ORIENTED_EDGE('',*,*,#1267,.T.);
#1774=ORIENTED_EDGE('',*,*,#1266,.T.);
#1775=ORIENTED_EDGE('',*,*,#1268,.F.);
#1776=ORIENTED_EDGE('',*,*,#1213,.F.);
#1777=ORIENTED_EDGE('',*,*,#1267,.F.);
#1778=ORIENTED_EDGE('',*,*,#1212,.F.);
#1779=ORIENTED_EDGE('',*,*,#1216,.F.);
#1780=ORIENTED_EDGE('',*,*,#1219,.F.);
#1781=ORIENTED_EDGE('',*,*,#1222,.F.);
#1782=ORIENTED_EDGE('',*,*,#1225,.F.);
#1783=ORIENTED_EDGE('',*,*,#1228,.F.);
#1784=ORIENTED_EDGE('',*,*,#1231,.F.);
#1785=ORIENTED_EDGE('',*,*,#1234,.F.);
#1786=ORIENTED_EDGE('',*,*,#1237,.F.);
#1787=ORIENTED_EDGE('',*,*,#1240,.F.);
#1788=ORIENTED_EDGE('',*,*,#1243,.F.);
#1789=ORIENTED_EDGE('',*,*,#1246,.F.);
#1790=ORIENTED_EDGE('',*,*,#1249,.F.);
#1791=ORIENTED_EDGE('',*,*,#1252,.F.);
#1792=ORIENTED_EDGE('',*,*,#1255,.F.);
#1793=ORIENTED_EDGE('',*,*,#1258,.F.);
#1794=ORIENTED_EDGE('',*,*,#1261,.F.);
#1795=ORIENTED_EDGE('',*,*,#1264,.F.);
#1796=ORIENTED_EDGE('',*,*,#1210,.F.);
#1797=ORIENTED_EDGE('',*,*,#1185,.F.);
#1798=ORIENTED_EDGE('',*,*,#1189,.F.);
#1799=ORIENTED_EDGE('',*,*,#1192,.F.);
#1800=ORIENTED_EDGE('',*,*,#1195,.F.);
#1801=ORIENTED_EDGE('',*,*,#1198,.F.);
#1802=ORIENTED_EDGE('',*,*,#1201,.F.);
#1803=ORIENTED_EDGE('',*,*,#1204,.F.);
#1804=ORIENTED_EDGE('',*,*,#1207,.F.);
#1805=ORIENTED_EDGE('',*,*,#1268,.T.);
#1806=ORIENTED_EDGE('',*,*,#1265,.T.);
#1807=ORIENTED_EDGE('',*,*,#1262,.T.);
#1808=ORIENTED_EDGE('',*,*,#1259,.T.);
#1809=ORIENTED_EDGE('',*,*,#1256,.T.);
#1810=ORIENTED_EDGE('',*,*,#1253,.T.);
#1811=ORIENTED_EDGE('',*,*,#1250,.T.);
#1812=ORIENTED_EDGE('',*,*,#1247,.T.);
#1813=ORIENTED_EDGE('',*,*,#1244,.T.);
#1814=ORIENTED_EDGE('',*,*,#1241,.T.);
#1815=ORIENTED_EDGE('',*,*,#1238,.T.);
#1816=ORIENTED_EDGE('',*,*,#1235,.T.);
#1817=ORIENTED_EDGE('',*,*,#1232,.T.);
#1818=ORIENTED_EDGE('',*,*,#1229,.T.);
#1819=ORIENTED_EDGE('',*,*,#1226,.T.);
#1820=ORIENTED_EDGE('',*,*,#1223,.T.);
#1821=ORIENTED_EDGE('',*,*,#1220,.T.);
#1822=ORIENTED_EDGE('',*,*,#1217,.T.);
#1823=ORIENTED_EDGE('',*,*,#1214,.T.);
#1824=ORIENTED_EDGE('',*,*,#1211,.T.);
#1825=ORIENTED_EDGE('',*,*,#1208,.T.);
#1826=ORIENTED_EDGE('',*,*,#1205,.T.);
#1827=ORIENTED_EDGE('',*,*,#1202,.T.);
#1828=ORIENTED_EDGE('',*,*,#1199,.T.);
#1829=ORIENTED_EDGE('',*,*,#1196,.T.);
#1830=ORIENTED_EDGE('',*,*,#1193,.T.);
#1831=ORIENTED_EDGE('',*,*,#1190,.T.);
#1832=ORIENTED_EDGE('',*,*,#1187,.T.);
#1833=ORIENTED_EDGE('',*,*,#1269,.T.);
#1834=ORIENTED_EDGE('',*,*,#1270,.T.);
#1835=ORIENTED_EDGE('',*,*,#1271,.F.);
#1836=ORIENTED_EDGE('',*,*,#1272,.F.);
#1837=ORIENTED_EDGE('',*,*,#1273,.T.);
#1838=ORIENTED_EDGE('',*,*,#1272,.T.);
#1839=ORIENTED_EDGE('',*,*,#1274,.F.);
#1840=ORIENTED_EDGE('',*,*,#1275,.F.);
#1841=ORIENTED_EDGE('',*,*,#1276,.T.);
#1842=ORIENTED_EDGE('',*,*,#1275,.T.);
#1843=ORIENTED_EDGE('',*,*,#1277,.F.);
#1844=ORIENTED_EDGE('',*,*,#1270,.F.);
#1845=ORIENTED_EDGE('',*,*,#1278,.T.);
#1846=ORIENTED_EDGE('',*,*,#1279,.T.);
#1847=ORIENTED_EDGE('',*,*,#1280,.F.);
#1848=ORIENTED_EDGE('',*,*,#1281,.F.);
#1849=ORIENTED_EDGE('',*,*,#1282,.T.);
#1850=ORIENTED_EDGE('',*,*,#1281,.T.);
#1851=ORIENTED_EDGE('',*,*,#1283,.F.);
#1852=ORIENTED_EDGE('',*,*,#1284,.F.);
#1853=ORIENTED_EDGE('',*,*,#1285,.T.);
#1854=ORIENTED_EDGE('',*,*,#1284,.T.);
#1855=ORIENTED_EDGE('',*,*,#1286,.F.);
#1856=ORIENTED_EDGE('',*,*,#1287,.F.);
#1857=ORIENTED_EDGE('',*,*,#1288,.T.);
#1858=ORIENTED_EDGE('',*,*,#1287,.T.);
#1859=ORIENTED_EDGE('',*,*,#1289,.F.);
#1860=ORIENTED_EDGE('',*,*,#1290,.F.);
#1861=ORIENTED_EDGE('',*,*,#1291,.T.);
#1862=ORIENTED_EDGE('',*,*,#1290,.T.);
#1863=ORIENTED_EDGE('',*,*,#1292,.F.);
#1864=ORIENTED_EDGE('',*,*,#1293,.F.);
#1865=ORIENTED_EDGE('',*,*,#1294,.T.);
#1866=ORIENTED_EDGE('',*,*,#1293,.T.);
#1867=ORIENTED_EDGE('',*,*,#1295,.F.);
#1868=ORIENTED_EDGE('',*,*,#1296,.F.);
#1869=ORIENTED_EDGE('',*,*,#1297,.T.);
#1870=ORIENTED_EDGE('',*,*,#1296,.T.);
#1871=ORIENTED_EDGE('',*,*,#1298,.F.);
#1872=ORIENTED_EDGE('',*,*,#1299,.F.);
#1873=ORIENTED_EDGE('',*,*,#1300,.T.);
#1874=ORIENTED_EDGE('',*,*,#1299,.T.);
#1875=ORIENTED_EDGE('',*,*,#1301,.F.);
#1876=ORIENTED_EDGE('',*,*,#1302,.F.);
#1877=ORIENTED_EDGE('',*,*,#1303,.T.);
#1878=ORIENTED_EDGE('',*,*,#1302,.T.);
#1879=ORIENTED_EDGE('',*,*,#1304,.F.);
#1880=ORIENTED_EDGE('',*,*,#1305,.F.);
#1881=ORIENTED_EDGE('',*,*,#1306,.T.);
#1882=ORIENTED_EDGE('',*,*,#1305,.T.);
#1883=ORIENTED_EDGE('',*,*,#1307,.F.);
#1884=ORIENTED_EDGE('',*,*,#1308,.F.);
#1885=ORIENTED_EDGE('',*,*,#1309,.T.);
#1886=ORIENTED_EDGE('',*,*,#1308,.T.);
#1887=ORIENTED_EDGE('',*,*,#1310,.F.);
#1888=ORIENTED_EDGE('',*,*,#1279,.F.);
#1889=ORIENTED_EDGE('',*,*,#1309,.F.);
#1890=ORIENTED_EDGE('',*,*,#1278,.F.);
#1891=ORIENTED_EDGE('',*,*,#1282,.F.);
#1892=ORIENTED_EDGE('',*,*,#1285,.F.);
#1893=ORIENTED_EDGE('',*,*,#1288,.F.);
#1894=ORIENTED_EDGE('',*,*,#1291,.F.);
#1895=ORIENTED_EDGE('',*,*,#1294,.F.);
#1896=ORIENTED_EDGE('',*,*,#1297,.F.);
#1897=ORIENTED_EDGE('',*,*,#1300,.F.);
#1898=ORIENTED_EDGE('',*,*,#1303,.F.);
#1899=ORIENTED_EDGE('',*,*,#1306,.F.);
#1900=ORIENTED_EDGE('',*,*,#1276,.F.);
#1901=ORIENTED_EDGE('',*,*,#1269,.F.);
#1902=ORIENTED_EDGE('',*,*,#1273,.F.);
#1903=ORIENTED_EDGE('',*,*,#1310,.T.);
#1904=ORIENTED_EDGE('',*,*,#1307,.T.);
#1905=ORIENTED_EDGE('',*,*,#1304,.T.);
#1906=ORIENTED_EDGE('',*,*,#1301,.T.);
#1907=ORIENTED_EDGE('',*,*,#1298,.T.);
#1908=ORIENTED_EDGE('',*,*,#1295,.T.);
#1909=ORIENTED_EDGE('',*,*,#1292,.T.);
#1910=ORIENTED_EDGE('',*,*,#1289,.T.);
#1911=ORIENTED_EDGE('',*,*,#1286,.T.);
#1912=ORIENTED_EDGE('',*,*,#1283,.T.);
#1913=ORIENTED_EDGE('',*,*,#1280,.T.);
#1914=ORIENTED_EDGE('',*,*,#1277,.T.);
#1915=ORIENTED_EDGE('',*,*,#1274,.T.);
#1916=ORIENTED_EDGE('',*,*,#1271,.T.);
#1917=B_SPLINE_SURFACE_WITH_KNOTS('',3,1,((#2486,#2487),(#2488,#2489),(#2490,
#2491),(#2492,#2493),(#2494,#2495)),.UNSPECIFIED.,.F.,.F.,.F.,(4,1,4),(2,
2),(0.,0.156688293419861,0.313368148234359),(0.,0.04),.UNSPECIFIED.);
#1918=B_SPLINE_SURFACE_WITH_KNOTS('',3,1,((#2512,#2513),(#2514,#2515),(#2516,
#2517),(#2518,#2519),(#2520,#2521)),.UNSPECIFIED.,.F.,.F.,.F.,(4,1,4),(2,
2),(0.,0.153616159066528,0.309969511660564),(0.,0.04),.UNSPECIFIED.);
#1919=B_SPLINE_SURFACE_WITH_KNOTS('',3,1,((#2535,#2536),(#2537,#2538),(#2539,
#2540),(#2541,#2542),(#2543,#2544)),.UNSPECIFIED.,.F.,.F.,.F.,(4,1,4),(2,
2),(0.,0.187415710660263,0.351289514478251),(0.,0.04),.UNSPECIFIED.);
#1920=B_SPLINE_SURFACE_WITH_KNOTS('',3,1,((#2558,#2559),(#2560,#2561),(#2562,
#2563),(#2564,#2565),(#2566,#2567)),.UNSPECIFIED.,.F.,.F.,.F.,(4,1,4),(2,
2),(0.,0.170146934985593,0.365204465663263),(0.,0.04),.UNSPECIFIED.);
#1921=B_SPLINE_SURFACE_WITH_KNOTS('',3,1,((#2581,#2582),(#2583,#2584),(#2585,
#2586),(#2587,#2588),(#2589,#2590)),.UNSPECIFIED.,.F.,.F.,.F.,(4,1,4),(2,
2),(0.,0.147976153300884,0.302691675270143),(0.,0.04),.UNSPECIFIED.);
#1922=B_SPLINE_SURFACE_WITH_KNOTS('',3,1,((#2604,#2605),(#2606,#2607),(#2608,
#2609),(#2610,#2611),(#2612,#2613)),.UNSPECIFIED.,.F.,.F.,.F.,(4,1,4),(2,
2),(0.,0.109195544903071,0.214321547609099),(0.,0.04),.UNSPECIFIED.);
#1923=B_SPLINE_SURFACE_WITH_KNOTS('',3,1,((#2627,#2628),(#2629,#2630),(#2631,
#2632),(#2633,#2634),(#2635,#2636)),.UNSPECIFIED.,.F.,.F.,.F.,(4,1,4),(2,
2),(0.,0.120878567938237,0.234764618300595),(0.,0.04),.UNSPECIFIED.);
#1924=B_SPLINE_SURFACE_WITH_KNOTS('',3,1,((#2650,#2651),(#2652,#2653),(#2654,
#2655),(#2656,#2657),(#2658,#2659)),.UNSPECIFIED.,.F.,.F.,.F.,(4,1,4),(2,
2),(0.,0.124876130777252,0.250258861772321),(0.,0.04),.UNSPECIFIED.);
#1925=B_SPLINE_SURFACE_WITH_KNOTS('',3,1,((#2673,#2674),(#2675,#2676),(#2677,
#2678),(#2679,#2680),(#2681,#2682)),.UNSPECIFIED.,.F.,.F.,.F.,(4,1,4),(2,
2),(0.,0.163086128772353,0.340605774318056),(0.,0.04),.UNSPECIFIED.);
#1926=B_SPLINE_SURFACE_WITH_KNOTS('',3,1,((#2693,#2694),(#2695,#2696),(#2697,
#2698),(#2699,#2700),(#2701,#2702)),.UNSPECIFIED.,.F.,.F.,.F.,(4,1,4),(2,
2),(0.,0.217233931762038,0.415872812679898),(0.,0.04),.UNSPECIFIED.);
#1927=B_SPLINE_SURFACE_WITH_KNOTS('',3,1,((#2719,#2720),(#2721,#2722),(#2723,
#2724),(#2725,#2726),(#2727,#2728)),.UNSPECIFIED.,.F.,.F.,.F.,(4,1,4),(2,
2),(0.,0.278644259923766,0.568471178381724),(0.,0.04),.UNSPECIFIED.);
#1928=B_SPLINE_SURFACE_WITH_KNOTS('',3,1,((#2742,#2743),(#2744,#2745),(#2746,
#2747),(#2748,#2749),(#2750,#2751)),.UNSPECIFIED.,.F.,.F.,.F.,(4,1,4),(2,
2),(0.,0.503537364512465,0.881773792184215),(0.,0.04),.UNSPECIFIED.);
#1929=B_SPLINE_SURFACE_WITH_KNOTS('',3,1,((#2765,#2766),(#2767,#2768),(#2769,
#2770),(#2771,#2772),(#2773,#2774)),.UNSPECIFIED.,.F.,.F.,.F.,(4,1,4),(2,
2),(0.,0.332380692320833,0.780265987986463),(0.,0.04),.UNSPECIFIED.);
#1930=B_SPLINE_SURFACE_WITH_KNOTS('',3,1,((#2788,#2789),(#2790,#2791),(#2792,
#2793),(#2794,#2795),(#2796,#2797)),.UNSPECIFIED.,.F.,.F.,.F.,(4,1,4),(2,
2),(0.,0.284309002002257,0.563547383029821),(0.,0.04),.UNSPECIFIED.);
#1931=B_SPLINE_SURFACE_WITH_KNOTS('',3,1,((#2811,#2812),(#2813,#2814),(#2815,
#2816),(#2817,#2818),(#2819,#2820)),.UNSPECIFIED.,.F.,.F.,.F.,(4,1,4),(2,
2),(0.,0.16458136573914,0.336461731960021),(0.,0.04),.UNSPECIFIED.);
#1932=B_SPLINE_SURFACE_WITH_KNOTS('',3,1,((#2834,#2835),(#2836,#2837),(#2838,
#2839),(#2840,#2841),(#2842,#2843)),.UNSPECIFIED.,.F.,.F.,.F.,(4,1,4),(2,
2),(0.,0.172211501161397,0.336690782928974),(0.,0.04),.UNSPECIFIED.);
#1933=B_SPLINE_SURFACE_WITH_KNOTS('',3,1,((#2857,#2858),(#2859,#2860),(#2861,
#2862),(#2863,#2864),(#2865,#2866)),.UNSPECIFIED.,.F.,.F.,.F.,(4,1,4),(2,
2),(0.,0.18274689610621,0.361734029767232),(0.,0.04),.UNSPECIFIED.);
#1934=B_SPLINE_SURFACE_WITH_KNOTS('',3,1,((#2880,#2881),(#2882,#2883),(#2884,
#2885),(#2886,#2887),(#2888,#2889)),.UNSPECIFIED.,.F.,.F.,.F.,(4,1,4),(2,
2),(0.,0.244301952377145,0.507918056682874),(0.,0.04),.UNSPECIFIED.);
#1935=B_SPLINE_SURFACE_WITH_KNOTS('',3,1,((#2903,#2904),(#2905,#2906),(#2907,
#2908),(#2909,#2910),(#2911,#2912)),.UNSPECIFIED.,.F.,.F.,.F.,(4,1,4),(2,
2),(0.,0.231767679629287,0.465849723815716),(0.,0.04),.UNSPECIFIED.);
#1936=B_SPLINE_SURFACE_WITH_KNOTS('',3,1,((#2926,#2927),(#2928,#2929),(#2930,
#2931),(#2932,#2933),(#2934,#2935)),.UNSPECIFIED.,.F.,.F.,.F.,(4,1,4),(2,
2),(0.,0.140193979101089,0.278614292514966),(0.,0.04),.UNSPECIFIED.);
#1937=B_SPLINE_SURFACE_WITH_KNOTS('',3,1,((#2949,#2950),(#2951,#2952),(#2953,
#2954),(#2955,#2956),(#2957,#2958)),.UNSPECIFIED.,.F.,.F.,.F.,(4,1,4),(2,
2),(0.,0.153496315221488,0.297979603808272),(0.,0.04),.UNSPECIFIED.);
#1938=B_SPLINE_SURFACE_WITH_KNOTS('',3,1,((#2972,#2973),(#2974,#2975),(#2976,
#2977),(#2978,#2979),(#2980,#2981)),.UNSPECIFIED.,.F.,.F.,.F.,(4,1,4),(2,
2),(0.,0.203249528462671,0.469599928402112),(0.,0.04),.UNSPECIFIED.);
#1939=B_SPLINE_SURFACE_WITH_KNOTS('',3,1,((#2995,#2996),(#2997,#2998),(#2999,
#3000),(#3001,#3002),(#3003,#3004)),.UNSPECIFIED.,.F.,.F.,.F.,(4,1,4),(2,
2),(0.,0.14687193410697,0.310221821046937),(0.,0.04),.UNSPECIFIED.);
#1940=B_SPLINE_SURFACE_WITH_KNOTS('',3,1,((#3018,#3019),(#3020,#3021),(#3022,
#3023),(#3024,#3025),(#3026,#3027)),.UNSPECIFIED.,.F.,.F.,.F.,(4,1,4),(2,
2),(0.,0.11137347204734,0.219063890533289),(0.,0.04),.UNSPECIFIED.);
#1941=B_SPLINE_SURFACE_WITH_KNOTS('',3,1,((#3041,#3042),(#3043,#3044),(#3045,
#3046),(#3047,#3048),(#3049,#3050)),.UNSPECIFIED.,.F.,.F.,.F.,(4,1,4),(2,
2),(0.,0.136270651435258,0.273192192346287),(0.,0.04),.UNSPECIFIED.);
#1942=B_SPLINE_SURFACE_WITH_KNOTS('',3,1,((#3064,#3065),(#3066,#3067),(#3068,
#3069),(#3070,#3071),(#3072,#3073)),.UNSPECIFIED.,.F.,.F.,.F.,(4,1,4),(2,
2),(0.,0.130949134162369,0.231453684627047),(0.,0.04),.UNSPECIFIED.);
#1943=B_SPLINE_SURFACE_WITH_KNOTS('',3,1,((#3093,#3094),(#3095,#3096),(#3097,
#3098),(#3099,#3100),(#3101,#3102)),.UNSPECIFIED.,.F.,.F.,.F.,(4,1,4),(2,
2),(0.,0.198406306828941,0.414989349741523),(0.,0.04),.UNSPECIFIED.);
#1944=B_SPLINE_SURFACE_WITH_KNOTS('',3,3,((#3300,#3301,#3302,#3303),(#3304,
#3305,#3306,#3307),(#3308,#3309,#3310,#3311),(#3312,#3313,#3314,#3315)),
 .UNSPECIFIED.,.F.,.F.,.F.,(4,4),(4,4),(0.,1.),(0.,0.2),.UNSPECIFIED.);
#1945=B_SPLINE_SURFACE_WITH_KNOTS('',3,1,((#3434,#3435),(#3436,#3437),(#3438,
#3439),(#3440,#3441),(#3442,#3443)),.UNSPECIFIED.,.F.,.F.,.F.,(4,1,4),(2,
2),(0.,0.156688293419861,0.313368148234359),(0.,0.04),.UNSPECIFIED.);
#1946=B_SPLINE_SURFACE_WITH_KNOTS('',3,1,((#3460,#3461),(#3462,#3463),(#3464,
#3465),(#3466,#3467),(#3468,#3469)),.UNSPECIFIED.,.F.,.F.,.F.,(4,1,4),(2,
2),(0.,0.153616159066528,0.309969511660564),(0.,0.04),.UNSPECIFIED.);
#1947=B_SPLINE_SURFACE_WITH_KNOTS('',3,1,((#3483,#3484),(#3485,#3486),(#3487,
#3488),(#3489,#3490),(#3491,#3492)),.UNSPECIFIED.,.F.,.F.,.F.,(4,1,4),(2,
2),(0.,0.187415710660263,0.351289514478251),(0.,0.04),.UNSPECIFIED.);
#1948=B_SPLINE_SURFACE_WITH_KNOTS('',3,1,((#3506,#3507),(#3508,#3509),(#3510,
#3511),(#3512,#3513),(#3514,#3515)),.UNSPECIFIED.,.F.,.F.,.F.,(4,1,4),(2,
2),(0.,0.170146934985593,0.365204465663263),(0.,0.04),.UNSPECIFIED.);
#1949=B_SPLINE_SURFACE_WITH_KNOTS('',3,1,((#3529,#3530),(#3531,#3532),(#3533,
#3534),(#3535,#3536),(#3537,#3538)),.UNSPECIFIED.,.F.,.F.,.F.,(4,1,4),(2,
2),(0.,0.147976153300884,0.302691675270143),(0.,0.04),.UNSPECIFIED.);
#1950=B_SPLINE_SURFACE_WITH_KNOTS('',3,1,((#3552,#3553),(#3554,#3555),(#3556,
#3557),(#3558,#3559),(#3560,#3561)),.UNSPECIFIED.,.F.,.F.,.F.,(4,1,4),(2,
2),(0.,0.109195544903071,0.214321547609099),(0.,0.04),.UNSPECIFIED.);
#1951=B_SPLINE_SURFACE_WITH_KNOTS('',3,1,((#3575,#3576),(#3577,#3578),(#3579,
#3580),(#3581,#3582),(#3583,#3584)),.UNSPECIFIED.,.F.,.F.,.F.,(4,1,4),(2,
2),(0.,0.120878567938237,0.234764618300595),(0.,0.04),.UNSPECIFIED.);
#1952=B_SPLINE_SURFACE_WITH_KNOTS('',3,1,((#3598,#3599),(#3600,#3601),(#3602,
#3603),(#3604,#3605),(#3606,#3607)),.UNSPECIFIED.,.F.,.F.,.F.,(4,1,4),(2,
2),(0.,0.124876130777252,0.250258861772321),(0.,0.04),.UNSPECIFIED.);
#1953=B_SPLINE_SURFACE_WITH_KNOTS('',3,1,((#3621,#3622),(#3623,#3624),(#3625,
#3626),(#3627,#3628),(#3629,#3630)),.UNSPECIFIED.,.F.,.F.,.F.,(4,1,4),(2,
2),(0.,0.163086128772353,0.340605774318056),(0.,0.04),.UNSPECIFIED.);
#1954=B_SPLINE_SURFACE_WITH_KNOTS('',3,1,((#3641,#3642),(#3643,#3644),(#3645,
#3646),(#3647,#3648),(#3649,#3650)),.UNSPECIFIED.,.F.,.F.,.F.,(4,1,4),(2,
2),(0.,0.217233931762038,0.415872812679898),(0.,0.04),.UNSPECIFIED.);
#1955=B_SPLINE_SURFACE_WITH_KNOTS('',3,1,((#3667,#3668),(#3669,#3670),(#3671,
#3672),(#3673,#3674),(#3675,#3676)),.UNSPECIFIED.,.F.,.F.,.F.,(4,1,4),(2,
2),(0.,0.278644259923766,0.568471178381724),(0.,0.04),.UNSPECIFIED.);
#1956=B_SPLINE_SURFACE_WITH_KNOTS('',3,1,((#3690,#3691),(#3692,#3693),(#3694,
#3695),(#3696,#3697),(#3698,#3699)),.UNSPECIFIED.,.F.,.F.,.F.,(4,1,4),(2,
2),(0.,0.503537364512465,0.881773792184215),(0.,0.04),.UNSPECIFIED.);
#1957=B_SPLINE_SURFACE_WITH_KNOTS('',3,1,((#3713,#3714),(#3715,#3716),(#3717,
#3718),(#3719,#3720),(#3721,#3722)),.UNSPECIFIED.,.F.,.F.,.F.,(4,1,4),(2,
2),(0.,0.332380692320833,0.780265987986463),(0.,0.04),.UNSPECIFIED.);
#1958=B_SPLINE_SURFACE_WITH_KNOTS('',3,1,((#3736,#3737),(#3738,#3739),(#3740,
#3741),(#3742,#3743),(#3744,#3745)),.UNSPECIFIED.,.F.,.F.,.F.,(4,1,4),(2,
2),(0.,0.284309002002257,0.563547383029821),(0.,0.04),.UNSPECIFIED.);
#1959=B_SPLINE_SURFACE_WITH_KNOTS('',3,1,((#3759,#3760),(#3761,#3762),(#3763,
#3764),(#3765,#3766),(#3767,#3768)),.UNSPECIFIED.,.F.,.F.,.F.,(4,1,4),(2,
2),(0.,0.16458136573914,0.336461731960021),(0.,0.04),.UNSPECIFIED.);
#1960=B_SPLINE_SURFACE_WITH_KNOTS('',3,1,((#3782,#3783),(#3784,#3785),(#3786,
#3787),(#3788,#3789),(#3790,#3791)),.UNSPECIFIED.,.F.,.F.,.F.,(4,1,4),(2,
2),(0.,0.172211501161397,0.336690782928974),(0.,0.04),.UNSPECIFIED.);
#1961=B_SPLINE_SURFACE_WITH_KNOTS('',3,1,((#3805,#3806),(#3807,#3808),(#3809,
#3810),(#3811,#3812),(#3813,#3814)),.UNSPECIFIED.,.F.,.F.,.F.,(4,1,4),(2,
2),(0.,0.18274689610621,0.361734029767232),(0.,0.04),.UNSPECIFIED.);
#1962=B_SPLINE_SURFACE_WITH_KNOTS('',3,1,((#3828,#3829),(#3830,#3831),(#3832,
#3833),(#3834,#3835),(#3836,#3837)),.UNSPECIFIED.,.F.,.F.,.F.,(4,1,4),(2,
2),(0.,0.244301952377145,0.507918056682874),(0.,0.04),.UNSPECIFIED.);
#1963=B_SPLINE_SURFACE_WITH_KNOTS('',3,1,((#3851,#3852),(#3853,#3854),(#3855,
#3856),(#3857,#3858),(#3859,#3860)),.UNSPECIFIED.,.F.,.F.,.F.,(4,1,4),(2,
2),(0.,0.231767679629287,0.465849723815716),(0.,0.04),.UNSPECIFIED.);
#1964=B_SPLINE_SURFACE_WITH_KNOTS('',3,1,((#3874,#3875),(#3876,#3877),(#3878,
#3879),(#3880,#3881),(#3882,#3883)),.UNSPECIFIED.,.F.,.F.,.F.,(4,1,4),(2,
2),(0.,0.140193979101089,0.278614292514966),(0.,0.04),.UNSPECIFIED.);
#1965=B_SPLINE_SURFACE_WITH_KNOTS('',3,1,((#3897,#3898),(#3899,#3900),(#3901,
#3902),(#3903,#3904),(#3905,#3906)),.UNSPECIFIED.,.F.,.F.,.F.,(4,1,4),(2,
2),(0.,0.153496315221488,0.297979603808272),(0.,0.04),.UNSPECIFIED.);
#1966=B_SPLINE_SURFACE_WITH_KNOTS('',3,1,((#3920,#3921),(#3922,#3923),(#3924,
#3925),(#3926,#3927),(#3928,#3929)),.UNSPECIFIED.,.F.,.F.,.F.,(4,1,4),(2,
2),(0.,0.203249528462671,0.469599928402112),(0.,0.04),.UNSPECIFIED.);
#1967=B_SPLINE_SURFACE_WITH_KNOTS('',3,1,((#3943,#3944),(#3945,#3946),(#3947,
#3948),(#3949,#3950),(#3951,#3952)),.UNSPECIFIED.,.F.,.F.,.F.,(4,1,4),(2,
2),(0.,0.14687193410697,0.310221821046937),(0.,0.04),.UNSPECIFIED.);
#1968=B_SPLINE_SURFACE_WITH_KNOTS('',3,1,((#3966,#3967),(#3968,#3969),(#3970,
#3971),(#3972,#3973),(#3974,#3975)),.UNSPECIFIED.,.F.,.F.,.F.,(4,1,4),(2,
2),(0.,0.11137347204734,0.219063890533289),(0.,0.04),.UNSPECIFIED.);
#1969=B_SPLINE_SURFACE_WITH_KNOTS('',3,1,((#3989,#3990),(#3991,#3992),(#3993,
#3994),(#3995,#3996),(#3997,#3998)),.UNSPECIFIED.,.F.,.F.,.F.,(4,1,4),(2,
2),(0.,0.136270651435258,0.273192192346287),(0.,0.04),.UNSPECIFIED.);
#1970=B_SPLINE_SURFACE_WITH_KNOTS('',3,1,((#4012,#4013),(#4014,#4015),(#4016,
#4017),(#4018,#4019),(#4020,#4021)),.UNSPECIFIED.,.F.,.F.,.F.,(4,1,4),(2,
2),(0.,0.130949134162369,0.231453684627047),(0.,0.04),.UNSPECIFIED.);
#1971=B_SPLINE_SURFACE_WITH_KNOTS('',3,1,((#4041,#4042),(#4043,#4044),(#4045,
#4046),(#4047,#4048),(#4049,#4050)),.UNSPECIFIED.,.F.,.F.,.F.,(4,1,4),(2,
2),(0.,0.198406306828941,0.414989349741523),(0.,0.04),.UNSPECIFIED.);
#1972=ADVANCED_FACE('',(#105),#1917,.F.);
#1973=ADVANCED_FACE('',(#106),#1918,.F.);
#1974=ADVANCED_FACE('',(#107),#1919,.F.);
#1975=ADVANCED_FACE('',(#108),#1920,.F.);
#1976=ADVANCED_FACE('',(#109),#1921,.F.);
#1977=ADVANCED_FACE('',(#110),#1922,.F.);
#1978=ADVANCED_FACE('',(#111),#1923,.F.);
#1979=ADVANCED_FACE('',(#112),#1924,.F.);
#1980=ADVANCED_FACE('',(#113),#1925,.F.);
#1981=ADVANCED_FACE('',(#114),#1926,.F.);
#1982=ADVANCED_FACE('',(#115),#1927,.F.);
#1983=ADVANCED_FACE('',(#116),#1928,.F.);
#1984=ADVANCED_FACE('',(#117),#1929,.F.);
#1985=ADVANCED_FACE('',(#118),#1930,.F.);
#1986=ADVANCED_FACE('',(#119),#1931,.F.);
#1987=ADVANCED_FACE('',(#120),#1932,.F.);
#1988=ADVANCED_FACE('',(#121),#1933,.F.);
#1989=ADVANCED_FACE('',(#122),#1934,.F.);
#1990=ADVANCED_FACE('',(#123),#1935,.F.);
#1991=ADVANCED_FACE('',(#124),#1936,.F.);
#1992=ADVANCED_FACE('',(#125),#1937,.F.);
#1993=ADVANCED_FACE('',(#126),#1938,.F.);
#1994=ADVANCED_FACE('',(#127),#1939,.F.);
#1995=ADVANCED_FACE('',(#128),#1940,.F.);
#1996=ADVANCED_FACE('',(#129),#1941,.F.);
#1997=ADVANCED_FACE('',(#130),#1942,.F.);
#1998=ADVANCED_FACE('',(#131),#54,.F.);
#1999=ADVANCED_FACE('',(#132),#1943,.F.);
#2000=ADVANCED_FACE('',(#133,#44),#55,.T.);
#2001=ADVANCED_FACE('',(#134),#56,.F.);
#2002=ADVANCED_FACE('',(#135),#57,.F.);
#2003=ADVANCED_FACE('',(#136),#58,.F.);
#2004=ADVANCED_FACE('',(#137),#59,.F.);
#2005=ADVANCED_FACE('',(#138),#60,.F.);
#2006=ADVANCED_FACE('',(#139),#61,.F.);
#2007=ADVANCED_FACE('',(#140),#62,.F.);
#2008=ADVANCED_FACE('',(#141),#63,.F.);
#2009=ADVANCED_FACE('',(#142),#64,.F.);
#2010=ADVANCED_FACE('',(#143),#65,.F.);
#2011=ADVANCED_FACE('',(#144),#66,.F.);
#2012=ADVANCED_FACE('',(#145),#67,.F.);
#2013=ADVANCED_FACE('',(#146),#68,.F.);
#2014=ADVANCED_FACE('',(#147),#69,.F.);
#2015=ADVANCED_FACE('',(#148,#45),#70,.F.);
#2016=ADVANCED_FACE('',(#149,#46,#47),#71,.T.);
#2017=ADVANCED_FACE('',(#150),#72,.T.);
#2018=ADVANCED_FACE('',(#151),#26,.F.);
#2019=ADVANCED_FACE('',(#152),#73,.T.);
#2020=ADVANCED_FACE('',(#153),#27,.T.);
#2021=ADVANCED_FACE('',(#154),#74,.T.);
#2022=ADVANCED_FACE('',(#155,#48),#75,.T.);
#2023=ADVANCED_FACE('',(#156),#28,.T.);
#2024=ADVANCED_FACE('',(#157),#29,.F.);
#2025=ADVANCED_FACE('',(#158),#76,.T.);
#2026=ADVANCED_FACE('',(#159),#1944,.T.);
#2027=ADVANCED_FACE('',(#160),#25,.T.);
#2028=ADVANCED_FACE('',(#161),#77,.T.);
#2029=ADVANCED_FACE('',(#162),#30,.F.);
#2030=ADVANCED_FACE('',(#163),#78,.T.);
#2031=ADVANCED_FACE('',(#164),#79,.T.);
#2032=ADVANCED_FACE('',(#165,#49),#80,.F.);
#2033=ADVANCED_FACE('',(#166),#81,.T.);
#2034=ADVANCED_FACE('',(#167),#82,.T.);
#2035=ADVANCED_FACE('',(#168),#83,.T.);
#2036=ADVANCED_FACE('',(#169),#84,.T.);
#2037=ADVANCED_FACE('',(#170),#85,.F.);
#2038=ADVANCED_FACE('',(#171),#1945,.T.);
#2039=ADVANCED_FACE('',(#172),#1946,.T.);
#2040=ADVANCED_FACE('',(#173),#1947,.T.);
#2041=ADVANCED_FACE('',(#174),#1948,.T.);
#2042=ADVANCED_FACE('',(#175),#1949,.T.);
#2043=ADVANCED_FACE('',(#176),#1950,.T.);
#2044=ADVANCED_FACE('',(#177),#1951,.T.);
#2045=ADVANCED_FACE('',(#178),#1952,.T.);
#2046=ADVANCED_FACE('',(#179),#1953,.T.);
#2047=ADVANCED_FACE('',(#180),#1954,.T.);
#2048=ADVANCED_FACE('',(#181),#1955,.T.);
#2049=ADVANCED_FACE('',(#182),#1956,.T.);
#2050=ADVANCED_FACE('',(#183),#1957,.T.);
#2051=ADVANCED_FACE('',(#184),#1958,.T.);
#2052=ADVANCED_FACE('',(#185),#1959,.T.);
#2053=ADVANCED_FACE('',(#186),#1960,.T.);
#2054=ADVANCED_FACE('',(#187),#1961,.T.);
#2055=ADVANCED_FACE('',(#188),#1962,.T.);
#2056=ADVANCED_FACE('',(#189),#1963,.T.);
#2057=ADVANCED_FACE('',(#190),#1964,.T.);
#2058=ADVANCED_FACE('',(#191),#1965,.T.);
#2059=ADVANCED_FACE('',(#192),#1966,.T.);
#2060=ADVANCED_FACE('',(#193),#1967,.T.);
#2061=ADVANCED_FACE('',(#194),#1968,.T.);
#2062=ADVANCED_FACE('',(#195),#1969,.T.);
#2063=ADVANCED_FACE('',(#196),#1970,.T.);
#2064=ADVANCED_FACE('',(#197),#86,.T.);
#2065=ADVANCED_FACE('',(#198),#1971,.T.);
#2066=ADVANCED_FACE('',(#199,#50),#87,.T.);
#2067=ADVANCED_FACE('',(#200,#51),#88,.F.);
#2068=ADVANCED_FACE('',(#201),#89,.T.);
#2069=ADVANCED_FACE('',(#202),#90,.T.);
#2070=ADVANCED_FACE('',(#203),#91,.T.);
#2071=ADVANCED_FACE('',(#204),#92,.T.);
#2072=ADVANCED_FACE('',(#205),#93,.T.);
#2073=ADVANCED_FACE('',(#206),#94,.T.);
#2074=ADVANCED_FACE('',(#207),#95,.T.);
#2075=ADVANCED_FACE('',(#208),#96,.T.);
#2076=ADVANCED_FACE('',(#209),#97,.T.);
#2077=ADVANCED_FACE('',(#210),#98,.T.);
#2078=ADVANCED_FACE('',(#211),#99,.T.);
#2079=ADVANCED_FACE('',(#212),#100,.T.);
#2080=ADVANCED_FACE('',(#213),#101,.T.);
#2081=ADVANCED_FACE('',(#214),#102,.T.);
#2082=ADVANCED_FACE('',(#215,#52),#103,.T.);
#2083=ADVANCED_FACE('',(#216,#53),#104,.T.);
#2084=CLOSED_SHELL('',(#1972,#1973,#1974,#1975,#1976,#1977,#1978,#1979,
#1980,#1981,#1982,#1983,#1984,#1985,#1986,#1987,#1988,#1989,#1990,#1991,
#1992,#1993,#1994,#1995,#1996,#1997,#1998,#1999,#2000,#2001,#2002,#2003,
#2004,#2005,#2006,#2007,#2008,#2009,#2010,#2011,#2012,#2013,#2014,#2015,
#2016,#2017,#2018,#2019,#2020,#2021,#2022,#2023,#2024,#2025,#2026,#2027,
#2028,#2029,#2030,#2031,#2032,#2033,#2034,#2035,#2036,#2037));
#2085=CLOSED_SHELL('',(#2038,#2039,#2040,#2041,#2042,#2043,#2044,#2045,
#2046,#2047,#2048,#2049,#2050,#2051,#2052,#2053,#2054,#2055,#2056,#2057,
#2058,#2059,#2060,#2061,#2062,#2063,#2064,#2065,#2066,#2067));
#2086=CLOSED_SHELL('',(#2068,#2069,#2070,#2071,#2072,#2073,#2074,#2075,
#2076,#2077,#2078,#2079,#2080,#2081,#2082,#2083));
#2087=DERIVED_UNIT_ELEMENT(#2089,1.);
#2088=DERIVED_UNIT_ELEMENT(#4157,-3.);
#2089=(
MASS_UNIT()
NAMED_UNIT(*)
SI_UNIT(.KILO.,.GRAM.)
);
#2090=DERIVED_UNIT((#2087,#2088));
#2091=MEASURE_REPRESENTATION_ITEM('density measure',
POSITIVE_RATIO_MEASURE(7850.),#2090);
#2092=PROPERTY_DEFINITION_REPRESENTATION(#2097,#2094);
#2093=PROPERTY_DEFINITION_REPRESENTATION(#2098,#2095);
#2094=REPRESENTATION('material name',(#2096),#4154);
#2095=REPRESENTATION('density',(#2091),#4154);
#2096=DESCRIPTIVE_REPRESENTATION_ITEM('Acciaio','Acciaio');
#2097=PROPERTY_DEFINITION('material property','material name',#4169);
#2098=PROPERTY_DEFINITION('material property','density of part',#4169);
#2099=AXIS2_PLACEMENT_3D('',#2484,#2168,#2169);
#2100=AXIS2_PLACEMENT_3D('',#2485,#2170,#2171);
#2101=AXIS2_PLACEMENT_3D('',#3087,#2199,#2200);
#2102=AXIS2_PLACEMENT_3D('',#3113,#2204,#2205);
#2103=AXIS2_PLACEMENT_3D('',#3114,#2206,#2207);
#2104=AXIS2_PLACEMENT_3D('',#3123,#2212,#2213);
#2105=AXIS2_PLACEMENT_3D('',#3129,#2217,#2218);
#2106=AXIS2_PLACEMENT_3D('',#3132,#2221,#2222);
#2107=AXIS2_PLACEMENT_3D('',#3141,#2227,#2228);
#2108=AXIS2_PLACEMENT_3D('',#3147,#2232,#2233);
#2109=AXIS2_PLACEMENT_3D('',#3153,#2237,#2238);
#2110=AXIS2_PLACEMENT_3D('',#3159,#2242,#2243);
#2111=AXIS2_PLACEMENT_3D('',#3165,#2247,#2248);
#2112=AXIS2_PLACEMENT_3D('',#3171,#2252,#2253);
#2113=AXIS2_PLACEMENT_3D('',#3177,#2257,#2258);
#2114=AXIS2_PLACEMENT_3D('',#3183,#2262,#2263);
#2115=AXIS2_PLACEMENT_3D('',#3189,#2267,#2268);
#2116=AXIS2_PLACEMENT_3D('',#3195,#2272,#2273);
#2117=AXIS2_PLACEMENT_3D('',#3198,#2276,#2277);
#2118=AXIS2_PLACEMENT_3D('',#3199,#2278,#2279);
#2119=AXIS2_PLACEMENT_3D('',#3208,#2283,#2284);
#2120=AXIS2_PLACEMENT_3D('',#3212,#2286,#2287);
#2121=AXIS2_PLACEMENT_3D('',#3249,#2291,#2292);
#2122=AXIS2_PLACEMENT_3D('',#3250,#2293,#2294);
#2123=AXIS2_PLACEMENT_3D('',#3253,#2295,#2296);
#2124=AXIS2_PLACEMENT_3D('',#3256,#2299,#2300);
#2125=AXIS2_PLACEMENT_3D('',#3260,#2303,#2304);
#2126=AXIS2_PLACEMENT_3D('',#3263,#2305,#2306);
#2127=AXIS2_PLACEMENT_3D('',#3267,#2308,#2309);
#2128=AXIS2_PLACEMENT_3D('',#3269,#2311,#2312);
#2129=AXIS2_PLACEMENT_3D('',#3275,#2316,#2317);
#2130=AXIS2_PLACEMENT_3D('',#3285,#2323,#2324);
#2131=AXIS2_PLACEMENT_3D('',#3287,#2325,#2326);
#2132=AXIS2_PLACEMENT_3D('',#3288,#2327,#2328);
#2133=AXIS2_PLACEMENT_3D('',#3290,#2329,#2330);
#2134=AXIS2_PLACEMENT_3D('',#3292,#2332,#2333);
#2135=AXIS2_PLACEMENT_3D('',#3294,#2334,#2335);
#2136=AXIS2_PLACEMENT_3D('',#3296,#2337,#2338);
#2137=AXIS2_PLACEMENT_3D('',#3411,#2341,#2342);
#2138=AXIS2_PLACEMENT_3D('',#3415,#2345,#2346);
#2139=AXIS2_PLACEMENT_3D('',#3417,#2347,#2348);
#2140=AXIS2_PLACEMENT_3D('',#3419,#2350,#2351);
#2141=AXIS2_PLACEMENT_3D('',#3421,#2353,#2354);
#2142=AXIS2_PLACEMENT_3D('',#3423,#2356,#2357);
#2143=AXIS2_PLACEMENT_3D('',#3424,#2358,#2359);
#2144=AXIS2_PLACEMENT_3D('',#3425,#2360,#2361);
#2145=AXIS2_PLACEMENT_3D('',#3429,#2364,#2365);
#2146=AXIS2_PLACEMENT_3D('',#3431,#2367,#2368);
#2147=AXIS2_PLACEMENT_3D('',#3433,#2370,#2371);
#2148=AXIS2_PLACEMENT_3D('',#4035,#2399,#2400);
#2149=AXIS2_PLACEMENT_3D('',#4061,#2404,#2405);
#2150=AXIS2_PLACEMENT_3D('',#4062,#2406,#2407);
#2151=AXIS2_PLACEMENT_3D('',#4063,#2408,#2409);
#2152=AXIS2_PLACEMENT_3D('',#4072,#2414,#2415);
#2153=AXIS2_PLACEMENT_3D('',#4078,#2419,#2420);
#2154=AXIS2_PLACEMENT_3D('',#4081,#2423,#2424);
#2155=AXIS2_PLACEMENT_3D('',#4090,#2429,#2430);
#2156=AXIS2_PLACEMENT_3D('',#4096,#2434,#2435);
#2157=AXIS2_PLACEMENT_3D('',#4102,#2439,#2440);
#2158=AXIS2_PLACEMENT_3D('',#4108,#2444,#2445);
#2159=AXIS2_PLACEMENT_3D('',#4114,#2449,#2450);
#2160=AXIS2_PLACEMENT_3D('',#4120,#2454,#2455);
#2161=AXIS2_PLACEMENT_3D('',#4126,#2459,#2460);
#2162=AXIS2_PLACEMENT_3D('',#4132,#2464,#2465);
#2163=AXIS2_PLACEMENT_3D('',#4138,#2469,#2470);
#2164=AXIS2_PLACEMENT_3D('',#4144,#2474,#2475);
#2165=AXIS2_PLACEMENT_3D('',#4147,#2478,#2479);
#2166=AXIS2_PLACEMENT_3D('',#4148,#2480,#2481);
#2167=AXIS2_PLACEMENT_3D('',#4149,#2482,#2483);
#2168=DIRECTION('axis',(0.,0.,1.));
#2169=DIRECTION('refdir',(1.,0.,0.));
#2170=DIRECTION('axis',(0.,0.,1.));
#2171=DIRECTION('refdir',(1.,0.,0.));
#2172=DIRECTION('',(0.,0.,-1.));
#2173=DIRECTION('',(0.,0.,-1.));
#2174=DIRECTION('',(0.,0.,-1.));
#2175=DIRECTION('',(0.,0.,-1.));
#2176=DIRECTION('',(0.,0.,-1.));
#2177=DIRECTION('',(0.,0.,-1.));
#2178=DIRECTION('',(0.,0.,-1.));
#2179=DIRECTION('',(0.,0.,-1.));
#2180=DIRECTION('',(0.,0.,-1.));
#2181=DIRECTION('',(0.,0.,-1.));
#2182=DIRECTION('',(0.,0.,-1.));
#2183=DIRECTION('',(0.,0.,-1.));
#2184=DIRECTION('',(0.,0.,-1.));
#2185=DIRECTION('',(0.,0.,-1.));
#2186=DIRECTION('',(0.,0.,-1.));
#2187=DIRECTION('',(0.,0.,-1.));
#2188=DIRECTION('',(0.,0.,-1.));
#2189=DIRECTION('',(0.,0.,-1.));
#2190=DIRECTION('',(0.,0.,-1.));
#2191=DIRECTION('',(0.,0.,-1.));
#2192=DIRECTION('',(0.,0.,-1.));
#2193=DIRECTION('',(0.,0.,-1.));
#2194=DIRECTION('',(0.,0.,-1.));
#2195=DIRECTION('',(0.,0.,-1.));
#2196=DIRECTION('',(0.,0.,-1.));
#2197=DIRECTION('',(0.,0.,-1.));
#2198=DIRECTION('',(0.,0.,-1.));
#2199=DIRECTION('center_axis',(0.0779741016484959,-0.996955384895488,0.));
#2200=DIRECTION('ref_axis',(-0.996955384895488,-0.0779741016484959,0.));
#2201=DIRECTION('',(-0.996955384895488,-0.0779741016484959,0.));
#2202=DIRECTION('',(0.,0.,-1.));
#2203=DIRECTION('',(-0.996955384895488,-0.0779741016484959,0.));
#2204=DIRECTION('center_axis',(0.,0.,1.));
#2205=DIRECTION('ref_axis',(-1.,0.,0.));
#2206=DIRECTION('center_axis',(0.821386145327293,-0.57037251008825,0.));
#2207=DIRECTION('ref_axis',(-0.57037251008825,-0.821386145327293,0.));
#2208=DIRECTION('',(-0.57037251008825,-0.821386145327293,0.));
#2209=DIRECTION('',(0.,0.,-1.));
#2210=DIRECTION('',(-0.57037251008825,-0.821386145327293,0.));
#2211=DIRECTION('',(0.,0.,-1.));
#2212=DIRECTION('center_axis',(-1.,4.92461992294649E-16,0.));
#2213=DIRECTION('ref_axis',(4.92461992294649E-16,1.,0.));
#2214=DIRECTION('',(4.92461992294649E-16,1.,0.));
#2215=DIRECTION('',(0.,0.,-1.));
#2216=DIRECTION('',(4.92461992294649E-16,1.,0.));
#2217=DIRECTION('center_axis',(7.09188206683585E-16,1.,0.));
#2218=DIRECTION('ref_axis',(1.,-7.09188206683585E-16,0.));
#2219=DIRECTION('',(1.,-7.09188206683585E-16,0.));
#2220=DIRECTION('',(1.,-7.09188206683585E-16,0.));
#2221=DIRECTION('center_axis',(1.,-9.2740013574136E-16,0.));
#2222=DIRECTION('ref_axis',(-9.2740013574136E-16,-1.,0.));
#2223=DIRECTION('',(-9.2740013574136E-16,-1.,0.));
#2224=DIRECTION('',(0.,0.,-1.));
#2225=DIRECTION('',(-9.2740013574136E-16,-1.,0.));
#2226=DIRECTION('',(0.,0.,-1.));
#2227=DIRECTION('center_axis',(0.,-1.,0.));
#2228=DIRECTION('ref_axis',(-1.,0.,0.));
#2229=DIRECTION('',(-1.,0.,0.));
#2230=DIRECTION('',(0.,0.,-1.));
#2231=DIRECTION('',(-1.,0.,0.));
#2232=DIRECTION('center_axis',(1.,0.,0.));
#2233=DIRECTION('ref_axis',(0.,-1.,0.));
#2234=DIRECTION('',(0.,-1.,0.));
#2235=DIRECTION('',(0.,0.,-1.));
#2236=DIRECTION('',(0.,-1.,0.));
#2237=DIRECTION('center_axis',(0.,1.,0.));
#2238=DIRECTION('ref_axis',(1.,0.,0.));
#2239=DIRECTION('',(1.,0.,0.));
#2240=DIRECTION('',(0.,0.,-1.));
#2241=DIRECTION('',(1.,0.,0.));
#2242=DIRECTION('center_axis',(1.,-6.85299781670738E-16,0.));
#2243=DIRECTION('ref_axis',(-6.85299781670738E-16,-1.,0.));
#2244=DIRECTION('',(-6.85299781670738E-16,-1.,0.));
#2245=DIRECTION('',(0.,0.,-1.));
#2246=DIRECTION('',(-6.85299781670738E-16,-1.,0.));
#2247=DIRECTION('center_axis',(0.,1.,0.));
#2248=DIRECTION('ref_axis',(1.,0.,0.));
#2249=DIRECTION('',(1.,0.,0.));
#2250=DIRECTION('',(0.,0.,-1.));
#2251=DIRECTION('',(1.,0.,0.));
#2252=DIRECTION('center_axis',(-0.817611338055642,0.575770527105081,0.));
#2253=DIRECTION('ref_axis',(0.575770527105081,0.817611338055642,0.));
#2254=DIRECTION('',(0.575770527105081,0.817611338055642,0.));
#2255=DIRECTION('',(0.,0.,-1.));
#2256=DIRECTION('',(0.575770527105081,0.817611338055642,0.));
#2257=DIRECTION('center_axis',(-1.,4.93207937005363E-16,0.));
#2258=DIRECTION('ref_axis',(4.93207937005363E-16,1.,0.));
#2259=DIRECTION('',(4.93207937005363E-16,1.,0.));
#2260=DIRECTION('',(0.,0.,-1.));
#2261=DIRECTION('',(4.93207937005363E-16,1.,0.));
#2262=DIRECTION('center_axis',(-5.1181978896344E-16,-1.,0.));
#2263=DIRECTION('ref_axis',(-1.,5.1181978896344E-16,0.));
#2264=DIRECTION('',(-1.,5.1181978896344E-16,0.));
#2265=DIRECTION('',(0.,0.,-1.));
#2266=DIRECTION('',(-1.,5.1181978896344E-16,0.));
#2267=DIRECTION('center_axis',(-1.,4.6370006787068E-16,0.));
#2268=DIRECTION('ref_axis',(4.6370006787068E-16,1.,0.));
#2269=DIRECTION('',(4.6370006787068E-16,1.,0.));
#2270=DIRECTION('',(0.,0.,-1.));
#2271=DIRECTION('',(4.6370006787068E-16,1.,0.));
#2272=DIRECTION('center_axis',(0.,-1.,0.));
#2273=DIRECTION('ref_axis',(-1.,0.,0.));
#2274=DIRECTION('',(-1.,0.,0.));
#2275=DIRECTION('',(-1.,0.,0.));
#2276=DIRECTION('center_axis',(0.,0.,-1.));
#2277=DIRECTION('ref_axis',(-1.,0.,0.));
#2278=DIRECTION('center_axis',(0.,0.,1.));
#2279=DIRECTION('ref_axis',(1.,0.,0.));
#2280=DIRECTION('',(1.,0.,0.));
#2281=DIRECTION('',(0.,-1.,0.));
#2282=DIRECTION('',(0.554700196225229,0.832050294337844,0.));
#2283=DIRECTION('center_axis',(0.,0.,1.));
#2284=DIRECTION('ref_axis',(-0.471857925532024,0.881674598767944,0.));
#2285=DIRECTION('',(1.,0.,0.));
#2286=DIRECTION('center_axis',(0.,0.,1.));
#2287=DIRECTION('ref_axis',(0.707106781186547,0.707106781186547,0.));
#2288=DIRECTION('',(0.,-1.,0.));
#2289=DIRECTION('',(1.,1.99005104861445E-17,0.));
#2290=DIRECTION('',(0.,1.,0.));
#2291=DIRECTION('center_axis',(0.,0.,1.));
#2292=DIRECTION('ref_axis',(1.,0.,0.));
#2293=DIRECTION('center_axis',(0.,0.,1.));
#2294=DIRECTION('ref_axis',(-0.471857925532024,0.881674598767944,0.));
#2295=DIRECTION('center_axis',(0.,0.,-1.));
#2296=DIRECTION('ref_axis',(-0.471857925532024,0.881674598767944,0.));
#2297=DIRECTION('',(0.,0.,1.));
#2298=DIRECTION('',(0.,0.,-1.));
#2299=DIRECTION('center_axis',(0.,-1.,0.));
#2300=DIRECTION('ref_axis',(1.,0.,0.));
#2301=DIRECTION('',(1.,0.,0.));
#2302=DIRECTION('',(0.,0.,-1.));
#2303=DIRECTION('center_axis',(0.,1.,0.));
#2304=DIRECTION('ref_axis',(-0.707106781186547,0.,0.707106781186547));
#2305=DIRECTION('center_axis',(0.,-1.,0.));
#2306=DIRECTION('ref_axis',(-0.707106781186547,0.,0.707106781186547));
#2307=DIRECTION('',(0.,-1.,0.));
#2308=DIRECTION('center_axis',(1.23259516440783E-32,1.,0.));
#2309=DIRECTION('ref_axis',(-0.707106781186547,0.,0.707106781186547));
#2310=DIRECTION('',(0.,1.,0.));
#2311=DIRECTION('center_axis',(0.,0.,1.));
#2312=DIRECTION('ref_axis',(1.,0.,0.));
#2313=DIRECTION('',(-1.,0.,0.));
#2314=DIRECTION('',(0.,-1.,0.));
#2315=DIRECTION('',(1.,0.,0.));
#2316=DIRECTION('center_axis',(-1.23259516440783E-32,-1.,0.));
#2317=DIRECTION('ref_axis',(1.,-1.23259516440783E-32,0.));
#2318=DIRECTION('',(0.,0.,-1.));
#2319=DIRECTION('',(0.,0.,1.));
#2320=DIRECTION('',(1.,-1.23259516440783E-32,0.));
#2321=DIRECTION('',(0.,0.,1.));
#2322=DIRECTION('',(0.,0.,1.));
#2323=DIRECTION('center_axis',(1.23259516440783E-32,1.,0.));
#2324=DIRECTION('ref_axis',(0.707106781186547,0.,0.707106781186547));
#2325=DIRECTION('center_axis',(0.,1.,0.));
#2326=DIRECTION('ref_axis',(1.,0.,0.));
#2327=DIRECTION('center_axis',(0.,1.,0.));
#2328=DIRECTION('ref_axis',(0.707106781186547,0.,0.707106781186547));
#2329=DIRECTION('center_axis',(0.,-1.,0.));
#2330=DIRECTION('ref_axis',(0.707106781186547,0.,0.707106781186547));
#2331=DIRECTION('',(0.,1.,0.));
#2332=DIRECTION('center_axis',(0.,0.,1.));
#2333=DIRECTION('ref_axis',(0.707106781186547,0.707106781186547,0.));
#2334=DIRECTION('center_axis',(0.,0.,-1.));
#2335=DIRECTION('ref_axis',(0.707106781186547,0.707106781186547,0.));
#2336=DIRECTION('',(0.,0.,1.));
#2337=DIRECTION('center_axis',(-1.,0.,0.));
#2338=DIRECTION('ref_axis',(0.,-1.,0.));
#2339=DIRECTION('',(0.,-1.,0.));
#2340=DIRECTION('',(0.,0.,1.));
#2341=DIRECTION('center_axis',(0.,0.,-1.));
#2342=DIRECTION('ref_axis',(-1.,0.,0.));
#2343=DIRECTION('',(0.,1.,0.));
#2344=DIRECTION('',(-1.,0.,0.));
#2345=DIRECTION('center_axis',(0.,1.,0.));
#2346=DIRECTION('ref_axis',(1.,0.,0.));
#2347=DIRECTION('center_axis',(0.,-1.,0.));
#2348=DIRECTION('ref_axis',(1.,0.,0.));
#2349=DIRECTION('',(0.,-1.,0.));
#2350=DIRECTION('center_axis',(1.,0.,0.));
#2351=DIRECTION('ref_axis',(0.,0.,-1.));
#2352=DIRECTION('',(0.,0.,-1.));
#2353=DIRECTION('center_axis',(-1.,0.,0.));
#2354=DIRECTION('ref_axis',(0.,0.,1.));
#2355=DIRECTION('',(0.,0.,1.));
#2356=DIRECTION('center_axis',(0.,-1.,0.));
#2357=DIRECTION('ref_axis',(1.,0.,0.));
#2358=DIRECTION('center_axis',(0.,0.,1.));
#2359=DIRECTION('ref_axis',(1.,0.,0.));
#2360=DIRECTION('center_axis',(1.,0.,0.));
#2361=DIRECTION('ref_axis',(0.,1.,0.));
#2362=DIRECTION('',(0.,0.,1.));
#2363=DIRECTION('',(0.,1.,0.));
#2364=DIRECTION('center_axis',(1.99005104861445E-17,-1.,0.));
#2365=DIRECTION('ref_axis',(1.,1.99005104861445E-17,0.));
#2366=DIRECTION('',(1.,1.99005104861445E-17,0.));
#2367=DIRECTION('center_axis',(0.832050294337844,-0.554700196225229,0.));
#2368=DIRECTION('ref_axis',(0.554700196225229,0.832050294337844,0.));
#2369=DIRECTION('',(0.554700196225229,0.832050294337844,0.));
#2370=DIRECTION('center_axis',(0.,0.,1.));
#2371=DIRECTION('ref_axis',(1.,0.,0.));
#2372=DIRECTION('',(0.,0.,-1.));
#2373=DIRECTION('',(0.,0.,-1.));
#2374=DIRECTION('',(0.,0.,-1.));
#2375=DIRECTION('',(0.,0.,-1.));
#2376=DIRECTION('',(0.,0.,-1.));
#2377=DIRECTION('',(0.,0.,-1.));
#2378=DIRECTION('',(0.,0.,-1.));
#2379=DIRECTION('',(0.,0.,-1.));
#2380=DIRECTION('',(0.,0.,-1.));
#2381=DIRECTION('',(0.,0.,-1.));
#2382=DIRECTION('',(0.,0.,-1.));
#2383=DIRECTION('',(0.,0.,-1.));
#2384=DIRECTION('',(0.,0.,-1.));
#2385=DIRECTION('',(0.,0.,-1.));
#2386=DIRECTION('',(0.,0.,-1.));
#2387=DIRECTION('',(0.,0.,-1.));
#2388=DIRECTION('',(0.,0.,-1.));
#2389=DIRECTION('',(0.,0.,-1.));
#2390=DIRECTION('',(0.,0.,-1.));
#2391=DIRECTION('',(0.,0.,-1.));
#2392=DIRECTION('',(0.,0.,-1.));
#2393=DIRECTION('',(0.,0.,-1.));
#2394=DIRECTION('',(0.,0.,-1.));
#2395=DIRECTION('',(0.,0.,-1.));
#2396=DIRECTION('',(0.,0.,-1.));
#2397=DIRECTION('',(0.,0.,-1.));
#2398=DIRECTION('',(0.,0.,-1.));
#2399=DIRECTION('center_axis',(0.0779741016484959,-0.996955384895488,0.));
#2400=DIRECTION('ref_axis',(-0.996955384895488,-0.0779741016484959,0.));
#2401=DIRECTION('',(-0.996955384895488,-0.0779741016484959,0.));
#2402=DIRECTION('',(-0.996955384895488,-0.0779741016484959,0.));
#2403=DIRECTION('',(0.,0.,-1.));
#2404=DIRECTION('center_axis',(0.,0.,1.));
#2405=DIRECTION('ref_axis',(-1.,0.,0.));
#2406=DIRECTION('center_axis',(0.,0.,1.));
#2407=DIRECTION('ref_axis',(-1.,0.,0.));
#2408=DIRECTION('center_axis',(0.821386145327293,-0.57037251008825,0.));
#2409=DIRECTION('ref_axis',(-0.57037251008825,-0.821386145327293,0.));
#2410=DIRECTION('',(-0.57037251008825,-0.821386145327293,0.));
#2411=DIRECTION('',(0.,0.,-1.));
#2412=DIRECTION('',(-0.57037251008825,-0.821386145327293,0.));
#2413=DIRECTION('',(0.,0.,-1.));
#2414=DIRECTION('center_axis',(-1.,4.92461992294649E-16,0.));
#2415=DIRECTION('ref_axis',(4.92461992294649E-16,1.,0.));
#2416=DIRECTION('',(4.92461992294649E-16,1.,0.));
#2417=DIRECTION('',(4.92461992294649E-16,1.,0.));
#2418=DIRECTION('',(0.,0.,-1.));
#2419=DIRECTION('center_axis',(7.09188206683585E-16,1.,0.));
#2420=DIRECTION('ref_axis',(1.,-7.09188206683585E-16,0.));
#2421=DIRECTION('',(1.,-7.09188206683585E-16,0.));
#2422=DIRECTION('',(1.,-7.09188206683585E-16,0.));
#2423=DIRECTION('center_axis',(1.,-9.2740013574136E-16,0.));
#2424=DIRECTION('ref_axis',(-9.2740013574136E-16,-1.,0.));
#2425=DIRECTION('',(-9.2740013574136E-16,-1.,0.));
#2426=DIRECTION('',(0.,0.,-1.));
#2427=DIRECTION('',(-9.2740013574136E-16,-1.,0.));
#2428=DIRECTION('',(0.,0.,-1.));
#2429=DIRECTION('center_axis',(0.,-1.,0.));
#2430=DIRECTION('ref_axis',(-1.,0.,0.));
#2431=DIRECTION('',(-1.,0.,0.));
#2432=DIRECTION('',(-1.,0.,0.));
#2433=DIRECTION('',(0.,0.,-1.));
#2434=DIRECTION('center_axis',(1.,0.,0.));
#2435=DIRECTION('ref_axis',(0.,-1.,0.));
#2436=DIRECTION('',(0.,-1.,0.));
#2437=DIRECTION('',(0.,-1.,0.));
#2438=DIRECTION('',(0.,0.,-1.));
#2439=DIRECTION('center_axis',(0.,1.,0.));
#2440=DIRECTION('ref_axis',(1.,0.,0.));
#2441=DIRECTION('',(1.,0.,0.));
#2442=DIRECTION('',(1.,0.,0.));
#2443=DIRECTION('',(0.,0.,-1.));
#2444=DIRECTION('center_axis',(1.,-6.85299781670738E-16,0.));
#2445=DIRECTION('ref_axis',(-6.85299781670738E-16,-1.,0.));
#2446=DIRECTION('',(-6.85299781670738E-16,-1.,0.));
#2447=DIRECTION('',(-6.85299781670738E-16,-1.,0.));
#2448=DIRECTION('',(0.,0.,-1.));
#2449=DIRECTION('center_axis',(0.,1.,0.));
#2450=DIRECTION('ref_axis',(1.,0.,0.));
#2451=DIRECTION('',(1.,0.,0.));
#2452=DIRECTION('',(1.,0.,0.));
#2453=DIRECTION('',(0.,0.,-1.));
#2454=DIRECTION('center_axis',(-0.817611338055642,0.575770527105081,0.));
#2455=DIRECTION('ref_axis',(0.575770527105081,0.817611338055642,0.));
#2456=DIRECTION('',(0.575770527105081,0.817611338055642,0.));
#2457=DIRECTION('',(0.575770527105081,0.817611338055642,0.));
#2458=DIRECTION('',(0.,0.,-1.));
#2459=DIRECTION('center_axis',(-1.,4.93207937005363E-16,0.));
#2460=DIRECTION('ref_axis',(4.93207937005363E-16,1.,0.));
#2461=DIRECTION('',(4.93207937005363E-16,1.,0.));
#2462=DIRECTION('',(4.93207937005363E-16,1.,0.));
#2463=DIRECTION('',(0.,0.,-1.));
#2464=DIRECTION('center_axis',(-5.1181978896344E-16,-1.,0.));
#2465=DIRECTION('ref_axis',(-1.,5.1181978896344E-16,0.));
#2466=DIRECTION('',(-1.,5.1181978896344E-16,0.));
#2467=DIRECTION('',(-1.,5.1181978896344E-16,0.));
#2468=DIRECTION('',(0.,0.,-1.));
#2469=DIRECTION('center_axis',(-1.,4.6370006787068E-16,0.));
#2470=DIRECTION('ref_axis',(4.6370006787068E-16,1.,0.));
#2471=DIRECTION('',(4.6370006787068E-16,1.,0.));
#2472=DIRECTION('',(4.6370006787068E-16,1.,0.));
#2473=DIRECTION('',(0.,0.,-1.));
#2474=DIRECTION('center_axis',(0.,-1.,0.));
#2475=DIRECTION('ref_axis',(-1.,0.,0.));
#2476=DIRECTION('',(-1.,0.,0.));
#2477=DIRECTION('',(-1.,0.,0.));
#2478=DIRECTION('center_axis',(0.,0.,1.));
#2479=DIRECTION('ref_axis',(-1.,0.,0.));
#2480=DIRECTION('center_axis',(0.,0.,-1.));
#2481=DIRECTION('ref_axis',(-1.,0.,0.));
#2482=DIRECTION('',(0.,0.,1.));
#2483=DIRECTION('',(1.,0.,0.));
#2484=CARTESIAN_POINT('',(0.,0.,0.));
#2485=CARTESIAN_POINT('',(0.,0.,0.));
#2486=CARTESIAN_POINT('Ctrl Pts',(32.6739581079806,34.8924358059364,2.));
#2487=CARTESIAN_POINT('Ctrl Pts',(32.6739581079806,34.8924358059364,1.6));
#2488=CARTESIAN_POINT('Ctrl Pts',(32.140197360994,34.8427021804134,2.));
#2489=CARTESIAN_POINT('Ctrl Pts',(32.140197360994,34.8427021804134,1.6));
#2490=CARTESIAN_POINT('Ctrl Pts',(31.0727046132417,34.7432376078218,2.));
#2491=CARTESIAN_POINT('Ctrl Pts',(31.0727046132417,34.7432376078218,1.6));
#2492=CARTESIAN_POINT('Ctrl Pts',(30.2575257264917,34.0468802421045,2.));
#2493=CARTESIAN_POINT('Ctrl Pts',(30.2575257264917,34.0468802421045,1.6));
#2494=CARTESIAN_POINT('Ctrl Pts',(29.8499472589815,33.6987109352546,2.));
#2495=CARTESIAN_POINT('Ctrl Pts',(29.8499472589815,33.6987109352546,1.6));
#2496=CARTESIAN_POINT('',(32.6739581079806,34.8924358059364,2.));
#2497=CARTESIAN_POINT('',(29.8499472589815,33.6987109352546,2.));
#2498=CARTESIAN_POINT('Ctrl Pts',(32.6739581079806,34.8924358059364,2.));
#2499=CARTESIAN_POINT('Ctrl Pts',(32.140197360994,34.8427021804134,2.));
#2500=CARTESIAN_POINT('Ctrl Pts',(31.0727046132417,34.7432376078218,2.));
#2501=CARTESIAN_POINT('Ctrl Pts',(30.2575257264917,34.0468802421045,2.));
#2502=CARTESIAN_POINT('Ctrl Pts',(29.8499472589815,33.6987109352546,2.));
#2503=CARTESIAN_POINT('',(32.6739581079806,34.8924358059364,1.6));
#2504=CARTESIAN_POINT('',(32.6739581079806,34.8924358059364,2.));
#2505=CARTESIAN_POINT('',(29.8499472589815,33.6987109352546,1.6));
#2506=CARTESIAN_POINT('Ctrl Pts',(32.6739581079806,34.8924358059364,1.6));
#2507=CARTESIAN_POINT('Ctrl Pts',(32.140197360994,34.8427021804134,1.6));
#2508=CARTESIAN_POINT('Ctrl Pts',(31.0727046132417,34.7432376078218,1.6));
#2509=CARTESIAN_POINT('Ctrl Pts',(30.2575257264917,34.0468802421045,1.6));
#2510=CARTESIAN_POINT('Ctrl Pts',(29.8499472589815,33.6987109352546,1.6));
#2511=CARTESIAN_POINT('',(29.8499472589815,33.6987109352546,2.));
#2512=CARTESIAN_POINT('Ctrl Pts',(35.457042023691,33.6987109352546,2.));
#2513=CARTESIAN_POINT('Ctrl Pts',(35.457042023691,33.6987109352546,1.6));
#2514=CARTESIAN_POINT('Ctrl Pts',(35.0623879185054,34.0468731482044,2.));
#2515=CARTESIAN_POINT('Ctrl Pts',(35.0623879185054,34.0468731482044,1.6));
#2516=CARTESIAN_POINT('Ctrl Pts',(34.2660476050738,34.7494012662259,2.));
#2517=CARTESIAN_POINT('Ctrl Pts',(34.2660476050738,34.7494012662259,1.6));
#2518=CARTESIAN_POINT('Ctrl Pts',(33.2077696569772,34.8444777675584,2.));
#2519=CARTESIAN_POINT('Ctrl Pts',(33.2077696569772,34.8444777675584,1.6));
#2520=CARTESIAN_POINT('Ctrl Pts',(32.6739581079806,34.8924358059364,2.));
#2521=CARTESIAN_POINT('Ctrl Pts',(32.6739581079806,34.8924358059364,1.6));
#2522=CARTESIAN_POINT('',(35.457042023691,33.6987109352546,2.));
#2523=CARTESIAN_POINT('Ctrl Pts',(35.457042023691,33.6987109352546,2.));
#2524=CARTESIAN_POINT('Ctrl Pts',(35.0623879185054,34.0468731482044,2.));
#2525=CARTESIAN_POINT('Ctrl Pts',(34.2660476050738,34.7494012662259,2.));
#2526=CARTESIAN_POINT('Ctrl Pts',(33.2077696569772,34.8444777675584,2.));
#2527=CARTESIAN_POINT('Ctrl Pts',(32.6739581079806,34.8924358059364,2.));
#2528=CARTESIAN_POINT('',(35.457042023691,33.6987109352546,1.6));
#2529=CARTESIAN_POINT('',(35.457042023691,33.6987109352546,2.));
#2530=CARTESIAN_POINT('Ctrl Pts',(35.457042023691,33.6987109352546,1.6));
#2531=CARTESIAN_POINT('Ctrl Pts',(35.0623879185054,34.0468731482044,1.6));
#2532=CARTESIAN_POINT('Ctrl Pts',(34.2660476050738,34.7494012662259,1.6));
#2533=CARTESIAN_POINT('Ctrl Pts',(33.2077696569772,34.8444777675584,1.6));
#2534=CARTESIAN_POINT('Ctrl Pts',(32.6739581079806,34.8924358059364,1.6));
#2535=CARTESIAN_POINT('Ctrl Pts',(36.5620882959689,30.4313166309791,2.));
#2536=CARTESIAN_POINT('Ctrl Pts',(36.5620882959689,30.4313166309791,1.6));
#2537=CARTESIAN_POINT('Ctrl Pts',(36.5297177366008,31.0702744480467,2.));
#2538=CARTESIAN_POINT('Ctrl Pts',(36.5297177366008,31.0702744480467,1.6));
#2539=CARTESIAN_POINT('Ctrl Pts',(36.4690427908146,32.2679284789653,2.));
#2540=CARTESIAN_POINT('Ctrl Pts',(36.4690427908146,32.2679284789653,1.6));
#2541=CARTESIAN_POINT('Ctrl Pts',(35.7789601597177,33.243578057542,2.));
#2542=CARTESIAN_POINT('Ctrl Pts',(35.7789601597177,33.243578057542,1.6));
#2543=CARTESIAN_POINT('Ctrl Pts',(35.457042023691,33.6987109352546,2.));
#2544=CARTESIAN_POINT('Ctrl Pts',(35.457042023691,33.6987109352546,1.6));
#2545=CARTESIAN_POINT('',(36.5620882959689,30.4313166309791,2.));
#2546=CARTESIAN_POINT('Ctrl Pts',(36.5620882959689,30.4313166309791,2.));
#2547=CARTESIAN_POINT('Ctrl Pts',(36.5297177366008,31.0702744480467,2.));
#2548=CARTESIAN_POINT('Ctrl Pts',(36.4690427908146,32.2679284789653,2.));
#2549=CARTESIAN_POINT('Ctrl Pts',(35.7789601597177,33.243578057542,2.));
#2550=CARTESIAN_POINT('Ctrl Pts',(35.457042023691,33.6987109352546,2.));
#2551=CARTESIAN_POINT('',(36.5620882959689,30.4313166309791,1.6));
#2552=CARTESIAN_POINT('',(36.5620882959689,30.4313166309791,2.));
#2553=CARTESIAN_POINT('Ctrl Pts',(36.5620882959689,30.4313166309791,1.6));
#2554=CARTESIAN_POINT('Ctrl Pts',(36.5297177366008,31.0702744480467,1.6));
#2555=CARTESIAN_POINT('Ctrl Pts',(36.4690427908146,32.2679284789653,1.6));
#2556=CARTESIAN_POINT('Ctrl Pts',(35.7789601597177,33.243578057542,1.6));
#2557=CARTESIAN_POINT('Ctrl Pts',(35.457042023691,33.6987109352546,1.6));
#2558=CARTESIAN_POINT('Ctrl Pts',(35.4433997125948,27.0206756760078,2.));
#2559=CARTESIAN_POINT('Ctrl Pts',(35.4433997125948,27.0206756760078,1.6));
#2560=CARTESIAN_POINT('Ctrl Pts',(35.7692778440827,27.4982673187037,2.));
#2561=CARTESIAN_POINT('Ctrl Pts',(35.7692778440827,27.4982673187037,1.6));
#2562=CARTESIAN_POINT('Ctrl Pts',(36.4687447424517,28.5233730644568,2.));
#2563=CARTESIAN_POINT('Ctrl Pts',(36.4687447424517,28.5233730644568,1.6));
#2564=CARTESIAN_POINT('Ctrl Pts',(36.5295903518415,29.7670581890559,2.));
#2565=CARTESIAN_POINT('Ctrl Pts',(36.5295903518415,29.7670581890559,1.6));
#2566=CARTESIAN_POINT('Ctrl Pts',(36.5620882959689,30.4313166309791,2.));
#2567=CARTESIAN_POINT('Ctrl Pts',(36.5620882959689,30.4313166309791,1.6));
#2568=CARTESIAN_POINT('',(35.4433997125948,27.0206756760078,2.));
#2569=CARTESIAN_POINT('Ctrl Pts',(35.4433997125948,27.0206756760078,2.));
#2570=CARTESIAN_POINT('Ctrl Pts',(35.7692778440827,27.4982673187037,2.));
#2571=CARTESIAN_POINT('Ctrl Pts',(36.4687447424517,28.5233730644568,2.));
#2572=CARTESIAN_POINT('Ctrl Pts',(36.5295903518415,29.7670581890559,2.));
#2573=CARTESIAN_POINT('Ctrl Pts',(36.5620882959689,30.4313166309791,2.));
#2574=CARTESIAN_POINT('',(35.4433997125948,27.0206756760078,1.6));
#2575=CARTESIAN_POINT('',(35.4433997125948,27.0206756760078,2.));
#2576=CARTESIAN_POINT('Ctrl Pts',(35.4433997125948,27.0206756760078,1.6));
#2577=CARTESIAN_POINT('Ctrl Pts',(35.7692778440827,27.4982673187037,1.6));
#2578=CARTESIAN_POINT('Ctrl Pts',(36.4687447424517,28.5233730644568,1.6));
#2579=CARTESIAN_POINT('Ctrl Pts',(36.5295903518415,29.7670581890559,1.6));
#2580=CARTESIAN_POINT('Ctrl Pts',(36.5620882959689,30.4313166309791,1.6));
#2581=CARTESIAN_POINT('Ctrl Pts',(32.7694566698397,25.7655592133003,2.));
#2582=CARTESIAN_POINT('Ctrl Pts',(32.7694566698397,25.7655592133003,1.6));
#2583=CARTESIAN_POINT('Ctrl Pts',(33.2736364577942,25.8223604715451,2.));
#2584=CARTESIAN_POINT('Ctrl Pts',(33.2736364577942,25.8223604715451,1.6));
#2585=CARTESIAN_POINT('Ctrl Pts',(34.3049582028795,25.9385499225617,2.));
#2586=CARTESIAN_POINT('Ctrl Pts',(34.3049582028795,25.9385499225617,1.6));
#2587=CARTESIAN_POINT('Ctrl Pts',(35.0583280008463,26.6546524656359,2.));
#2588=CARTESIAN_POINT('Ctrl Pts',(35.0583280008463,26.6546524656359,1.6));
#2589=CARTESIAN_POINT('Ctrl Pts',(35.4433997125948,27.0206756760078,2.));
#2590=CARTESIAN_POINT('Ctrl Pts',(35.4433997125948,27.0206756760078,1.6));
#2591=CARTESIAN_POINT('',(32.7694566698397,25.7655592133003,2.));
#2592=CARTESIAN_POINT('Ctrl Pts',(32.7694566698397,25.7655592133003,2.));
#2593=CARTESIAN_POINT('Ctrl Pts',(33.2736364577942,25.8223604715451,2.));
#2594=CARTESIAN_POINT('Ctrl Pts',(34.3049582028795,25.9385499225617,2.));
#2595=CARTESIAN_POINT('Ctrl Pts',(35.0583280008463,26.6546524656359,2.));
#2596=CARTESIAN_POINT('Ctrl Pts',(35.4433997125948,27.0206756760078,2.));
#2597=CARTESIAN_POINT('',(32.7694566698397,25.7655592133003,1.6));
#2598=CARTESIAN_POINT('',(32.7694566698397,25.7655592133003,2.));
#2599=CARTESIAN_POINT('Ctrl Pts',(32.7694566698397,25.7655592133003,1.6));
#2600=CARTESIAN_POINT('Ctrl Pts',(33.2736364577942,25.8223604715451,1.6));
#2601=CARTESIAN_POINT('Ctrl Pts',(34.3049582028795,25.9385499225617,1.6));
#2602=CARTESIAN_POINT('Ctrl Pts',(35.0583280008463,26.6546524656359,1.6));
#2603=CARTESIAN_POINT('Ctrl Pts',(35.4433997125948,27.0206756760078,1.6));
#2604=CARTESIAN_POINT('Ctrl Pts',(30.7367141695345,26.3726539780098,2.));
#2605=CARTESIAN_POINT('Ctrl Pts',(30.7367141695345,26.3726539780098,1.6));
#2606=CARTESIAN_POINT('Ctrl Pts',(31.0600719352535,26.1956026613652,2.));
#2607=CARTESIAN_POINT('Ctrl Pts',(31.0600719352535,26.1956026613652,1.6));
#2608=CARTESIAN_POINT('Ctrl Pts',(31.6947364432407,25.8480984456651,2.));
#2609=CARTESIAN_POINT('Ctrl Pts',(31.6947364432407,25.8480984456651,1.6));
#2610=CARTESIAN_POINT('Ctrl Pts',(32.4157803266083,25.7927217930614,2.));
#2611=CARTESIAN_POINT('Ctrl Pts',(32.4157803266083,25.7927217930614,1.6));
#2612=CARTESIAN_POINT('Ctrl Pts',(32.7694566698397,25.7655592133003,2.));
#2613=CARTESIAN_POINT('Ctrl Pts',(32.7694566698397,25.7655592133003,1.6));
#2614=CARTESIAN_POINT('',(30.7367141695345,26.3726539780098,2.));
#2615=CARTESIAN_POINT('Ctrl Pts',(30.7367141695345,26.3726539780098,2.));
#2616=CARTESIAN_POINT('Ctrl Pts',(31.0600719352535,26.1956026613652,2.));
#2617=CARTESIAN_POINT('Ctrl Pts',(31.6947364432407,25.8480984456651,2.));
#2618=CARTESIAN_POINT('Ctrl Pts',(32.4157803266083,25.7927217930614,2.));
#2619=CARTESIAN_POINT('Ctrl Pts',(32.7694566698397,25.7655592133003,2.));
#2620=CARTESIAN_POINT('',(30.7367141695345,26.3726539780098,1.6));
#2621=CARTESIAN_POINT('',(30.7367141695345,26.3726539780098,2.));
#2622=CARTESIAN_POINT('Ctrl Pts',(30.7367141695345,26.3726539780098,1.6));
#2623=CARTESIAN_POINT('Ctrl Pts',(31.0600719352535,26.1956026613652,1.6));
#2624=CARTESIAN_POINT('Ctrl Pts',(31.6947364432407,25.8480984456651,1.6));
#2625=CARTESIAN_POINT('Ctrl Pts',(32.4157803266083,25.7927217930614,1.6));
#2626=CARTESIAN_POINT('Ctrl Pts',(32.7694566698397,25.7655592133003,1.6));
#2627=CARTESIAN_POINT('Ctrl Pts',(29.2292101831759,28.1393666435676,2.));
#2628=CARTESIAN_POINT('Ctrl Pts',(29.2292101831759,28.1393666435676,1.6));
#2629=CARTESIAN_POINT('Ctrl Pts',(29.421672427503,27.7790897226869,2.));
#2630=CARTESIAN_POINT('Ctrl Pts',(29.421672427503,27.7790897226869,1.6));
#2631=CARTESIAN_POINT('Ctrl Pts',(29.7954634650491,27.0793769840623,2.));
#2632=CARTESIAN_POINT('Ctrl Pts',(29.7954634650491,27.0793769840623,1.6));
#2633=CARTESIAN_POINT('Ctrl Pts',(30.4292564912065,26.603503648163,2.));
#2634=CARTESIAN_POINT('Ctrl Pts',(30.4292564912065,26.603503648163,1.6));
#2635=CARTESIAN_POINT('Ctrl Pts',(30.7367141695345,26.3726539780098,2.));
#2636=CARTESIAN_POINT('Ctrl Pts',(30.7367141695345,26.3726539780098,1.6));
#2637=CARTESIAN_POINT('',(29.2292101831759,28.1393666435676,2.));
#2638=CARTESIAN_POINT('Ctrl Pts',(29.2292101831759,28.1393666435676,2.));
#2639=CARTESIAN_POINT('Ctrl Pts',(29.421672427503,27.7790897226869,2.));
#2640=CARTESIAN_POINT('Ctrl Pts',(29.7954634650491,27.0793769840623,2.));
#2641=CARTESIAN_POINT('Ctrl Pts',(30.4292564912065,26.603503648163,2.));
#2642=CARTESIAN_POINT('Ctrl Pts',(30.7367141695345,26.3726539780098,2.));
#2643=CARTESIAN_POINT('',(29.2292101831759,28.1393666435676,1.6));
#2644=CARTESIAN_POINT('',(29.2292101831759,28.1393666435676,2.));
#2645=CARTESIAN_POINT('Ctrl Pts',(29.2292101831759,28.1393666435676,1.6));
#2646=CARTESIAN_POINT('Ctrl Pts',(29.421672427503,27.7790897226869,1.6));
#2647=CARTESIAN_POINT('Ctrl Pts',(29.7954634650491,27.0793769840623,1.6));
#2648=CARTESIAN_POINT('Ctrl Pts',(30.4292564912065,26.603503648163,1.6));
#2649=CARTESIAN_POINT('Ctrl Pts',(30.7367141695345,26.3726539780098,1.6));
#2650=CARTESIAN_POINT('Ctrl Pts',(28.6903293581332,30.5677421261268,2.));
#2651=CARTESIAN_POINT('Ctrl Pts',(28.6903293581332,30.5677421261268,1.6));
#2652=CARTESIAN_POINT('Ctrl Pts',(28.7129642823637,30.1489806513912,2.));
#2653=CARTESIAN_POINT('Ctrl Pts',(28.7129642823637,30.1489806513912,1.6));
#2654=CARTESIAN_POINT('Ctrl Pts',(28.7583259566803,29.3097588612127,2.));
#2655=CARTESIAN_POINT('Ctrl Pts',(28.7583259566803,29.3097588612127,1.6));
#2656=CARTESIAN_POINT('Ctrl Pts',(29.0720370920239,28.5300235234478,2.));
#2657=CARTESIAN_POINT('Ctrl Pts',(29.0720370920239,28.5300235234478,1.6));
#2658=CARTESIAN_POINT('Ctrl Pts',(29.2292101831759,28.1393666435676,2.));
#2659=CARTESIAN_POINT('Ctrl Pts',(29.2292101831759,28.1393666435676,1.6));
#2660=CARTESIAN_POINT('',(28.6903293581332,30.5677421261268,2.));
#2661=CARTESIAN_POINT('Ctrl Pts',(28.6903293581332,30.5677421261268,2.));
#2662=CARTESIAN_POINT('Ctrl Pts',(28.7129642823637,30.1489806513912,2.));
#2663=CARTESIAN_POINT('Ctrl Pts',(28.7583259566803,29.3097588612127,2.));
#2664=CARTESIAN_POINT('Ctrl Pts',(29.0720370920239,28.5300235234478,2.));
#2665=CARTESIAN_POINT('Ctrl Pts',(29.2292101831759,28.1393666435676,2.));
#2666=CARTESIAN_POINT('',(28.6903293581332,30.5677421261268,1.6));
#2667=CARTESIAN_POINT('',(28.6903293581332,30.5677421261268,2.));
#2668=CARTESIAN_POINT('Ctrl Pts',(28.6903293581332,30.5677421261268,1.6));
#2669=CARTESIAN_POINT('Ctrl Pts',(28.7129642823637,30.1489806513912,1.6));
#2670=CARTESIAN_POINT('Ctrl Pts',(28.7583259566803,29.3097588612127,1.6));
#2671=CARTESIAN_POINT('Ctrl Pts',(29.0720370920239,28.5300235234478,1.6));
#2672=CARTESIAN_POINT('Ctrl Pts',(29.2292101831759,28.1393666435676,1.6));
#2673=CARTESIAN_POINT('Ctrl Pts',(29.8499472589815,33.6987109352546,2.));
#2674=CARTESIAN_POINT('Ctrl Pts',(29.8499472589815,33.6987109352546,1.6));
#2675=CARTESIAN_POINT('Ctrl Pts',(29.5118921363871,33.2571464206579,2.));
#2676=CARTESIAN_POINT('Ctrl Pts',(29.5118921363871,33.2571464206579,1.6));
#2677=CARTESIAN_POINT('Ctrl Pts',(28.8058631953594,32.3349378641257,2.));
#2678=CARTESIAN_POINT('Ctrl Pts',(28.8058631953594,32.3349378641257,1.6));
#2679=CARTESIAN_POINT('Ctrl Pts',(28.729913453116,31.1732170729108,2.));
#2680=CARTESIAN_POINT('Ctrl Pts',(28.729913453116,31.1732170729108,1.6));
#2681=CARTESIAN_POINT('Ctrl Pts',(28.6903293581332,30.5677421261268,2.));
#2682=CARTESIAN_POINT('Ctrl Pts',(28.6903293581332,30.5677421261268,1.6));
#2683=CARTESIAN_POINT('Ctrl Pts',(29.8499472589815,33.6987109352546,2.));
#2684=CARTESIAN_POINT('Ctrl Pts',(29.5118921363871,33.2571464206579,2.));
#2685=CARTESIAN_POINT('Ctrl Pts',(28.8058631953594,32.3349378641257,2.));
#2686=CARTESIAN_POINT('Ctrl Pts',(28.729913453116,31.1732170729108,2.));
#2687=CARTESIAN_POINT('Ctrl Pts',(28.6903293581332,30.5677421261268,2.));
#2688=CARTESIAN_POINT('Ctrl Pts',(29.8499472589815,33.6987109352546,1.6));
#2689=CARTESIAN_POINT('Ctrl Pts',(29.5118921363871,33.2571464206579,1.6));
#2690=CARTESIAN_POINT('Ctrl Pts',(28.8058631953594,32.3349378641257,1.6));
#2691=CARTESIAN_POINT('Ctrl Pts',(28.729913453116,31.1732170729108,1.6));
#2692=CARTESIAN_POINT('Ctrl Pts',(28.6903293581332,30.5677421261268,1.6));
#2693=CARTESIAN_POINT('Ctrl Pts',(33.0423076601351,44.1693778206306,2.));
#2694=CARTESIAN_POINT('Ctrl Pts',(33.0423076601351,44.1693778206306,1.6));
#2695=CARTESIAN_POINT('Ctrl Pts',(33.781067424282,44.1247931541914,2.));
#2696=CARTESIAN_POINT('Ctrl Pts',(33.781067424282,44.1247931541914,1.6));
#2697=CARTESIAN_POINT('Ctrl Pts',(35.1953497075262,44.0394402331072,2.));
#2698=CARTESIAN_POINT('Ctrl Pts',(35.1953497075262,44.0394402331072,1.6));
#2699=CARTESIAN_POINT('Ctrl Pts',(36.3557276031402,43.2318101351976,2.));
#2700=CARTESIAN_POINT('Ctrl Pts',(36.3557276031402,43.2318101351976,1.6));
#2701=CARTESIAN_POINT('Ctrl Pts',(36.9099743814791,42.846050994535,2.));
#2702=CARTESIAN_POINT('Ctrl Pts',(36.9099743814791,42.846050994535,1.6));
#2703=CARTESIAN_POINT('',(33.0423076601351,44.1693778206306,2.));
#2704=CARTESIAN_POINT('',(36.9099743814791,42.846050994535,2.));
#2705=CARTESIAN_POINT('Ctrl Pts',(33.0423076601351,44.1693778206306,2.));
#2706=CARTESIAN_POINT('Ctrl Pts',(33.781067424282,44.1247931541914,2.));
#2707=CARTESIAN_POINT('Ctrl Pts',(35.1953497075262,44.0394402331072,2.));
#2708=CARTESIAN_POINT('Ctrl Pts',(36.3557276031402,43.2318101351976,2.));
#2709=CARTESIAN_POINT('Ctrl Pts',(36.9099743814791,42.846050994535,2.));
#2710=CARTESIAN_POINT('',(33.0423076601351,44.1693778206306,1.6));
#2711=CARTESIAN_POINT('',(33.0423076601351,44.1693778206306,2.));
#2712=CARTESIAN_POINT('',(36.9099743814791,42.846050994535,1.6));
#2713=CARTESIAN_POINT('Ctrl Pts',(33.0423076601351,44.1693778206306,1.6));
#2714=CARTESIAN_POINT('Ctrl Pts',(33.781067424282,44.1247931541914,1.6));
#2715=CARTESIAN_POINT('Ctrl Pts',(35.1953497075262,44.0394402331072,1.6));
#2716=CARTESIAN_POINT('Ctrl Pts',(36.3557276031402,43.2318101351976,1.6));
#2717=CARTESIAN_POINT('Ctrl Pts',(36.9099743814791,42.846050994535,1.6));
#2718=CARTESIAN_POINT('',(36.9099743814791,42.846050994535,2.));
#2719=CARTESIAN_POINT('Ctrl Pts',(28.0082006903017,41.877429025312,2.));
#2720=CARTESIAN_POINT('Ctrl Pts',(28.0082006903017,41.877429025312,1.6));
#2721=CARTESIAN_POINT('Ctrl Pts',(28.6952303463968,42.5458416075354,2.));
#2722=CARTESIAN_POINT('Ctrl Pts',(28.6952303463968,42.5458416075354,1.6));
#2723=CARTESIAN_POINT('Ctrl Pts',(30.0968617968002,43.9094917626316,2.));
#2724=CARTESIAN_POINT('Ctrl Pts',(30.0968617968002,43.9094917626316,1.6));
#2725=CARTESIAN_POINT('Ctrl Pts',(32.0477004237934,44.0816204603179,2.));
#2726=CARTESIAN_POINT('Ctrl Pts',(32.0477004237934,44.0816204603179,1.6));
#2727=CARTESIAN_POINT('Ctrl Pts',(33.0423076601351,44.1693778206306,2.));
#2728=CARTESIAN_POINT('Ctrl Pts',(33.0423076601351,44.1693778206306,1.6));
#2729=CARTESIAN_POINT('',(28.0082006903017,41.877429025312,2.));
#2730=CARTESIAN_POINT('Ctrl Pts',(28.0082006903017,41.877429025312,2.));
#2731=CARTESIAN_POINT('Ctrl Pts',(28.6952303463968,42.5458416075354,2.));
#2732=CARTESIAN_POINT('Ctrl Pts',(30.0968617968002,43.9094917626316,2.));
#2733=CARTESIAN_POINT('Ctrl Pts',(32.0477004237934,44.0816204603179,2.));
#2734=CARTESIAN_POINT('Ctrl Pts',(33.0423076601351,44.1693778206306,2.));
#2735=CARTESIAN_POINT('',(28.0082006903017,41.877429025312,1.6));
#2736=CARTESIAN_POINT('',(28.0082006903017,41.877429025312,2.));
#2737=CARTESIAN_POINT('Ctrl Pts',(28.0082006903017,41.877429025312,1.6));
#2738=CARTESIAN_POINT('Ctrl Pts',(28.6952303463968,42.5458416075354,1.6));
#2739=CARTESIAN_POINT('Ctrl Pts',(30.0968617968002,43.9094917626316,1.6));
#2740=CARTESIAN_POINT('Ctrl Pts',(32.0477004237934,44.0816204603179,1.6));
#2741=CARTESIAN_POINT('Ctrl Pts',(33.0423076601351,44.1693778206306,1.6));
#2742=CARTESIAN_POINT('Ctrl Pts',(25.8663185091341,33.4463234116035,2.));
#2743=CARTESIAN_POINT('Ctrl Pts',(25.8663185091341,33.4463234116035,1.6));
#2744=CARTESIAN_POINT('Ctrl Pts',(25.8922332569255,35.1579165912219,2.));
#2745=CARTESIAN_POINT('Ctrl Pts',(25.8922332569255,35.1579165912219,1.6));
#2746=CARTESIAN_POINT('Ctrl Pts',(25.9376140906906,38.1551877274563,2.));
#2747=CARTESIAN_POINT('Ctrl Pts',(25.9376140906906,38.1551877274563,1.6));
#2748=CARTESIAN_POINT('Ctrl Pts',(27.3866412249258,40.760067253759,2.));
#2749=CARTESIAN_POINT('Ctrl Pts',(27.3866412249258,40.760067253759,1.6));
#2750=CARTESIAN_POINT('Ctrl Pts',(28.0082006903017,41.877429025312,2.));
#2751=CARTESIAN_POINT('Ctrl Pts',(28.0082006903017,41.877429025312,1.6));
#2752=CARTESIAN_POINT('',(25.8663185091341,33.4463234116035,2.));
#2753=CARTESIAN_POINT('Ctrl Pts',(25.8663185091341,33.4463234116035,2.));
#2754=CARTESIAN_POINT('Ctrl Pts',(25.8922332569255,35.1579165912219,2.));
#2755=CARTESIAN_POINT('Ctrl Pts',(25.9376140906906,38.1551877274563,2.));
#2756=CARTESIAN_POINT('Ctrl Pts',(27.3866412249258,40.760067253759,2.));
#2757=CARTESIAN_POINT('Ctrl Pts',(28.0082006903017,41.877429025312,2.));
#2758=CARTESIAN_POINT('',(25.8663185091341,33.4463234116035,1.6));
#2759=CARTESIAN_POINT('',(25.8663185091341,33.4463234116035,2.));
#2760=CARTESIAN_POINT('Ctrl Pts',(25.8663185091341,33.4463234116035,1.6));
#2761=CARTESIAN_POINT('Ctrl Pts',(25.8922332569255,35.1579165912219,1.6));
#2762=CARTESIAN_POINT('Ctrl Pts',(25.9376140906906,38.1551877274563,1.6));
#2763=CARTESIAN_POINT('Ctrl Pts',(27.3866412249258,40.760067253759,1.6));
#2764=CARTESIAN_POINT('Ctrl Pts',(28.0082006903017,41.877429025312,1.6));
#2765=CARTESIAN_POINT('Ctrl Pts',(27.8035624475802,26.0043044258552,2.));
#2766=CARTESIAN_POINT('Ctrl Pts',(27.8035624475802,26.0043044258552,1.6));
#2767=CARTESIAN_POINT('Ctrl Pts',(27.2416147379528,26.9784241313524,2.));
#2768=CARTESIAN_POINT('Ctrl Pts',(27.2416147379528,26.9784241313524,1.6));
#2769=CARTESIAN_POINT('Ctrl Pts',(25.9224385794714,29.2651769181033,2.));
#2770=CARTESIAN_POINT('Ctrl Pts',(25.9224385794714,29.2651769181033,1.6));
#2771=CARTESIAN_POINT('Ctrl Pts',(25.8867845173779,31.9215324038589,2.));
#2772=CARTESIAN_POINT('Ctrl Pts',(25.8867845173779,31.9215324038589,1.6));
#2773=CARTESIAN_POINT('Ctrl Pts',(25.8663185091341,33.4463234116035,2.));
#2774=CARTESIAN_POINT('Ctrl Pts',(25.8663185091341,33.4463234116035,1.6));
#2775=CARTESIAN_POINT('',(27.8035624475802,26.0043044258552,2.));
#2776=CARTESIAN_POINT('Ctrl Pts',(27.8035624475802,26.0043044258552,2.));
#2777=CARTESIAN_POINT('Ctrl Pts',(27.2416147379528,26.9784241313524,2.));
#2778=CARTESIAN_POINT('Ctrl Pts',(25.9224385794714,29.2651769181033,2.));
#2779=CARTESIAN_POINT('Ctrl Pts',(25.8867845173779,31.9215324038589,2.));
#2780=CARTESIAN_POINT('Ctrl Pts',(25.8663185091341,33.4463234116035,2.));
#2781=CARTESIAN_POINT('',(27.8035624475802,26.0043044258552,1.6));
#2782=CARTESIAN_POINT('',(27.8035624475802,26.0043044258552,2.));
#2783=CARTESIAN_POINT('Ctrl Pts',(27.8035624475802,26.0043044258552,1.6));
#2784=CARTESIAN_POINT('Ctrl Pts',(27.2416147379528,26.9784241313524,1.6));
#2785=CARTESIAN_POINT('Ctrl Pts',(25.9224385794714,29.2651769181033,1.6));
#2786=CARTESIAN_POINT('Ctrl Pts',(25.8867845173779,31.9215324038589,1.6));
#2787=CARTESIAN_POINT('Ctrl Pts',(25.8663185091341,33.4463234116035,1.6));
#2788=CARTESIAN_POINT('Ctrl Pts',(32.8103836031283,23.7464590240913,2.));
#2789=CARTESIAN_POINT('Ctrl Pts',(32.8103836031283,23.7464590240913,1.6));
#2790=CARTESIAN_POINT('Ctrl Pts',(31.8373376304907,23.8371036068846,2.));
#2791=CARTESIAN_POINT('Ctrl Pts',(31.8373376304907,23.8371036068846,1.6));
#2792=CARTESIAN_POINT('Ctrl Pts',(29.9085998572024,24.0167761359259,2.));
#2793=CARTESIAN_POINT('Ctrl Pts',(29.9085998572024,24.0167761359259,1.6));
#2794=CARTESIAN_POINT('Ctrl Pts',(28.5010199312419,25.3457809841985,2.));
#2795=CARTESIAN_POINT('Ctrl Pts',(28.5010199312419,25.3457809841985,1.6));
#2796=CARTESIAN_POINT('Ctrl Pts',(27.8035624475802,26.0043044258552,2.));
#2797=CARTESIAN_POINT('Ctrl Pts',(27.8035624475802,26.0043044258552,1.6));
#2798=CARTESIAN_POINT('',(32.8103836031283,23.7464590240913,2.));
#2799=CARTESIAN_POINT('Ctrl Pts',(32.8103836031283,23.7464590240913,2.));
#2800=CARTESIAN_POINT('Ctrl Pts',(31.8373376304907,23.8371036068846,2.));
#2801=CARTESIAN_POINT('Ctrl Pts',(29.9085998572024,24.0167761359259,2.));
#2802=CARTESIAN_POINT('Ctrl Pts',(28.5010199312419,25.3457809841985,2.));
#2803=CARTESIAN_POINT('Ctrl Pts',(27.8035624475802,26.0043044258552,2.));
#2804=CARTESIAN_POINT('',(32.8103836031283,23.7464590240913,1.6));
#2805=CARTESIAN_POINT('',(32.8103836031283,23.7464590240913,2.));
#2806=CARTESIAN_POINT('Ctrl Pts',(32.8103836031283,23.7464590240913,1.6));
#2807=CARTESIAN_POINT('Ctrl Pts',(31.8373376304907,23.8371036068846,1.6));
#2808=CARTESIAN_POINT('Ctrl Pts',(29.9085998572024,24.0167761359259,1.6));
#2809=CARTESIAN_POINT('Ctrl Pts',(28.5010199312419,25.3457809841985,1.6));
#2810=CARTESIAN_POINT('Ctrl Pts',(27.8035624475802,26.0043044258552,1.6));
#2811=CARTESIAN_POINT('Ctrl Pts',(36.0300286264742,24.6059413124519,2.));
#2812=CARTESIAN_POINT('Ctrl Pts',(36.0300286264742,24.6059413124519,1.6));
#2813=CARTESIAN_POINT('Ctrl Pts',(35.5349206612839,24.3552928503845,2.));
#2814=CARTESIAN_POINT('Ctrl Pts',(35.5349206612839,24.3552928503845,1.6));
#2815=CARTESIAN_POINT('Ctrl Pts',(34.5227472434305,23.8428799457913,2.));
#2816=CARTESIAN_POINT('Ctrl Pts',(34.5227472434305,23.8428799457913,1.6));
#2817=CARTESIAN_POINT('Ctrl Pts',(33.3893671078423,23.7790608160587,2.));
#2818=CARTESIAN_POINT('Ctrl Pts',(33.3893671078423,23.7790608160587,1.6));
#2819=CARTESIAN_POINT('Ctrl Pts',(32.8103836031283,23.7464590240913,2.));
#2820=CARTESIAN_POINT('Ctrl Pts',(32.8103836031283,23.7464590240913,1.6));
#2821=CARTESIAN_POINT('',(36.0300286264742,24.6059413124519,2.));
#2822=CARTESIAN_POINT('Ctrl Pts',(36.0300286264742,24.6059413124519,2.));
#2823=CARTESIAN_POINT('Ctrl Pts',(35.5349206612839,24.3552928503845,2.));
#2824=CARTESIAN_POINT('Ctrl Pts',(34.5227472434305,23.8428799457913,2.));
#2825=CARTESIAN_POINT('Ctrl Pts',(33.3893671078423,23.7790608160587,2.));
#2826=CARTESIAN_POINT('Ctrl Pts',(32.8103836031283,23.7464590240913,2.));
#2827=CARTESIAN_POINT('',(36.0300286264742,24.6059413124519,1.6));
#2828=CARTESIAN_POINT('',(36.0300286264742,24.6059413124519,2.));
#2829=CARTESIAN_POINT('Ctrl Pts',(36.0300286264742,24.6059413124519,1.6));
#2830=CARTESIAN_POINT('Ctrl Pts',(35.5349206612839,24.3552928503845,1.6));
#2831=CARTESIAN_POINT('Ctrl Pts',(34.5227472434305,23.8428799457913,1.6));
#2832=CARTESIAN_POINT('Ctrl Pts',(33.3893671078423,23.7790608160587,1.6));
#2833=CARTESIAN_POINT('Ctrl Pts',(32.8103836031283,23.7464590240913,1.6));
#2834=CARTESIAN_POINT('Ctrl Pts',(38.26058702186,27.0820660759407,2.));
#2835=CARTESIAN_POINT('Ctrl Pts',(38.26058702186,27.0820660759407,1.6));
#2836=CARTESIAN_POINT('Ctrl Pts',(37.9703721560395,26.5782120200589,2.));
#2837=CARTESIAN_POINT('Ctrl Pts',(37.9703721560395,26.5782120200589,1.6));
#2838=CARTESIAN_POINT('Ctrl Pts',(37.4029729420976,25.5931267300946,2.));
#2839=CARTESIAN_POINT('Ctrl Pts',(37.4029729420976,25.5931267300946,1.6));
#2840=CARTESIAN_POINT('Ctrl Pts',(36.4806159836368,24.9299262427243,2.));
#2841=CARTESIAN_POINT('Ctrl Pts',(36.4806159836368,24.9299262427243,1.6));
#2842=CARTESIAN_POINT('Ctrl Pts',(36.0300286264742,24.6059413124519,2.));
#2843=CARTESIAN_POINT('Ctrl Pts',(36.0300286264742,24.6059413124519,1.6));
#2844=CARTESIAN_POINT('',(38.26058702186,27.0820660759407,2.));
#2845=CARTESIAN_POINT('Ctrl Pts',(38.26058702186,27.0820660759407,2.));
#2846=CARTESIAN_POINT('Ctrl Pts',(37.9703721560395,26.5782120200589,2.));
#2847=CARTESIAN_POINT('Ctrl Pts',(37.4029729420976,25.5931267300946,2.));
#2848=CARTESIAN_POINT('Ctrl Pts',(36.4806159836368,24.9299262427243,2.));
#2849=CARTESIAN_POINT('Ctrl Pts',(36.0300286264742,24.6059413124519,2.));
#2850=CARTESIAN_POINT('',(38.26058702186,27.0820660759407,1.6));
#2851=CARTESIAN_POINT('',(38.26058702186,27.0820660759407,2.));
#2852=CARTESIAN_POINT('Ctrl Pts',(38.26058702186,27.0820660759407,1.6));
#2853=CARTESIAN_POINT('Ctrl Pts',(37.9703721560395,26.5782120200589,1.6));
#2854=CARTESIAN_POINT('Ctrl Pts',(37.4029729420976,25.5931267300946,1.6));
#2855=CARTESIAN_POINT('Ctrl Pts',(36.4806159836368,24.9299262427243,1.6));
#2856=CARTESIAN_POINT('Ctrl Pts',(36.0300286264742,24.6059413124519,1.6));
#2857=CARTESIAN_POINT('Ctrl Pts',(39.0723212213839,30.581384437223,2.));
#2858=CARTESIAN_POINT('Ctrl Pts',(39.0723212213839,30.581384437223,1.6));
#2859=CARTESIAN_POINT('Ctrl Pts',(39.0399278727533,29.9677727190214,2.));
#2860=CARTESIAN_POINT('Ctrl Pts',(39.0399278727533,29.9677727190214,1.6));
#2861=CARTESIAN_POINT('Ctrl Pts',(38.9758076234496,28.7531734876973,2.));
#2862=CARTESIAN_POINT('Ctrl Pts',(38.9758076234496,28.7531734876973,1.6));
#2863=CARTESIAN_POINT('Ctrl Pts',(38.4973361895866,27.6352286778511,2.));
#2864=CARTESIAN_POINT('Ctrl Pts',(38.4973361895866,27.6352286778511,1.6));
#2865=CARTESIAN_POINT('Ctrl Pts',(38.26058702186,27.0820660759407,2.));
#2866=CARTESIAN_POINT('Ctrl Pts',(38.26058702186,27.0820660759407,1.6));
#2867=CARTESIAN_POINT('',(39.0723212213839,30.581384437223,2.));
#2868=CARTESIAN_POINT('Ctrl Pts',(39.0723212213839,30.581384437223,2.));
#2869=CARTESIAN_POINT('Ctrl Pts',(39.0399278727533,29.9677727190214,2.));
#2870=CARTESIAN_POINT('Ctrl Pts',(38.9758076234496,28.7531734876973,2.));
#2871=CARTESIAN_POINT('Ctrl Pts',(38.4973361895866,27.6352286778511,2.));
#2872=CARTESIAN_POINT('Ctrl Pts',(38.26058702186,27.0820660759407,2.));
#2873=CARTESIAN_POINT('',(39.0723212213839,30.581384437223,1.6));
#2874=CARTESIAN_POINT('',(39.0723212213839,30.581384437223,2.));
#2875=CARTESIAN_POINT('Ctrl Pts',(39.0723212213839,30.581384437223,1.6));
#2876=CARTESIAN_POINT('Ctrl Pts',(39.0399278727533,29.9677727190214,1.6));
#2877=CARTESIAN_POINT('Ctrl Pts',(38.9758076234496,28.7531734876973,1.6));
#2878=CARTESIAN_POINT('Ctrl Pts',(38.4973361895866,27.6352286778511,1.6));
#2879=CARTESIAN_POINT('Ctrl Pts',(38.26058702186,27.0820660759407,1.6));
#2880=CARTESIAN_POINT('Ctrl Pts',(37.3465378733004,35.2539642025428,2.));
#2881=CARTESIAN_POINT('Ctrl Pts',(37.3465378733004,35.2539642025428,1.6));
#2882=CARTESIAN_POINT('Ctrl Pts',(37.8496904315366,34.5904139521546,2.));
#2883=CARTESIAN_POINT('Ctrl Pts',(37.8496904315366,34.5904139521546,1.6));
#2884=CARTESIAN_POINT('Ctrl Pts',(38.8957740469464,33.2108541475391,2.));
#2885=CARTESIAN_POINT('Ctrl Pts',(38.8957740469464,33.2108541475391,1.6));
#2886=CARTESIAN_POINT('Ctrl Pts',(39.0119989690396,31.4798158955725,2.));
#2887=CARTESIAN_POINT('Ctrl Pts',(39.0119989690396,31.4798158955725,1.6));
#2888=CARTESIAN_POINT('Ctrl Pts',(39.0723212213839,30.581384437223,2.));
#2889=CARTESIAN_POINT('Ctrl Pts',(39.0723212213839,30.581384437223,1.6));
#2890=CARTESIAN_POINT('',(37.3465378733004,35.2539642025428,2.));
#2891=CARTESIAN_POINT('Ctrl Pts',(37.3465378733004,35.2539642025428,2.));
#2892=CARTESIAN_POINT('Ctrl Pts',(37.8496904315366,34.5904139521546,2.));
#2893=CARTESIAN_POINT('Ctrl Pts',(38.8957740469464,33.2108541475391,2.));
#2894=CARTESIAN_POINT('Ctrl Pts',(39.0119989690396,31.4798158955725,2.));
#2895=CARTESIAN_POINT('Ctrl Pts',(39.0723212213839,30.581384437223,2.));
#2896=CARTESIAN_POINT('',(37.3465378733004,35.2539642025428,1.6));
#2897=CARTESIAN_POINT('',(37.3465378733004,35.2539642025428,2.));
#2898=CARTESIAN_POINT('Ctrl Pts',(37.3465378733004,35.2539642025428,1.6));
#2899=CARTESIAN_POINT('Ctrl Pts',(37.8496904315366,34.5904139521546,1.6));
#2900=CARTESIAN_POINT('Ctrl Pts',(38.8957740469464,33.2108541475391,1.6));
#2901=CARTESIAN_POINT('Ctrl Pts',(39.0119989690396,31.4798158955725,1.6));
#2902=CARTESIAN_POINT('Ctrl Pts',(39.0723212213839,30.581384437223,1.6));
#2903=CARTESIAN_POINT('Ctrl Pts',(33.1650908441866,37.0616038013893,2.));
#2904=CARTESIAN_POINT('Ctrl Pts',(33.1650908441866,37.0616038013893,1.6));
#2905=CARTESIAN_POINT('Ctrl Pts',(33.9546464708819,36.984800139949,2.));
#2906=CARTESIAN_POINT('Ctrl Pts',(33.9546464708819,36.984800139949,1.6));
#2907=CARTESIAN_POINT('Ctrl Pts',(35.541641996839,36.8304258780708,2.));
#2908=CARTESIAN_POINT('Ctrl Pts',(35.541641996839,36.8304258780708,1.6));
#2909=CARTESIAN_POINT('Ctrl Pts',(36.7429165838829,35.7811889813845,2.));
#2910=CARTESIAN_POINT('Ctrl Pts',(36.7429165838829,35.7811889813845,1.6));
#2911=CARTESIAN_POINT('Ctrl Pts',(37.3465378733004,35.2539642025428,2.));
#2912=CARTESIAN_POINT('Ctrl Pts',(37.3465378733004,35.2539642025428,1.6));
#2913=CARTESIAN_POINT('',(33.1650908441866,37.0616038013893,2.));
#2914=CARTESIAN_POINT('Ctrl Pts',(33.1650908441866,37.0616038013893,2.));
#2915=CARTESIAN_POINT('Ctrl Pts',(33.9546464708819,36.984800139949,2.));
#2916=CARTESIAN_POINT('Ctrl Pts',(35.541641996839,36.8304258780708,2.));
#2917=CARTESIAN_POINT('Ctrl Pts',(36.7429165838829,35.7811889813845,2.));
#2918=CARTESIAN_POINT('Ctrl Pts',(37.3465378733004,35.2539642025428,2.));
#2919=CARTESIAN_POINT('',(33.1650908441866,37.0616038013893,1.6));
#2920=CARTESIAN_POINT('',(33.1650908441866,37.0616038013893,2.));
#2921=CARTESIAN_POINT('Ctrl Pts',(33.1650908441866,37.0616038013893,1.6));
#2922=CARTESIAN_POINT('Ctrl Pts',(33.9546464708819,36.984800139949,1.6));
#2923=CARTESIAN_POINT('Ctrl Pts',(35.541641996839,36.8304258780708,1.6));
#2924=CARTESIAN_POINT('Ctrl Pts',(36.7429165838829,35.7811889813845,1.6));
#2925=CARTESIAN_POINT('Ctrl Pts',(37.3465378733004,35.2539642025428,1.6));
#2926=CARTESIAN_POINT('Ctrl Pts',(30.4775054903353,36.4067609478431,2.));
#2927=CARTESIAN_POINT('Ctrl Pts',(30.4775054903353,36.4067609478431,1.6));
#2928=CARTESIAN_POINT('Ctrl Pts',(30.9085791908607,36.5977542551337,2.));
#2929=CARTESIAN_POINT('Ctrl Pts',(30.9085791908607,36.5977542551337,1.6));
#2930=CARTESIAN_POINT('Ctrl Pts',(31.7652728581907,36.9773245157615,2.));
#2931=CARTESIAN_POINT('Ctrl Pts',(31.7652728581907,36.9773245157615,1.6));
#2932=CARTESIAN_POINT('Ctrl Pts',(32.7004693437421,37.0336301872934,2.));
#2933=CARTESIAN_POINT('Ctrl Pts',(32.7004693437421,37.0336301872934,1.6));
#2934=CARTESIAN_POINT('Ctrl Pts',(33.1650908441866,37.0616038013893,2.));
#2935=CARTESIAN_POINT('Ctrl Pts',(33.1650908441866,37.0616038013893,1.6));
#2936=CARTESIAN_POINT('',(30.4775054903353,36.4067609478431,2.));
#2937=CARTESIAN_POINT('Ctrl Pts',(30.4775054903353,36.4067609478431,2.));
#2938=CARTESIAN_POINT('Ctrl Pts',(30.9085791908607,36.5977542551337,2.));
#2939=CARTESIAN_POINT('Ctrl Pts',(31.7652728581907,36.9773245157615,2.));
#2940=CARTESIAN_POINT('Ctrl Pts',(32.7004693437421,37.0336301872934,2.));
#2941=CARTESIAN_POINT('Ctrl Pts',(33.1650908441866,37.0616038013893,2.));
#2942=CARTESIAN_POINT('',(30.4775054903353,36.4067609478431,1.6));
#2943=CARTESIAN_POINT('',(30.4775054903353,36.4067609478431,2.));
#2944=CARTESIAN_POINT('Ctrl Pts',(30.4775054903353,36.4067609478431,1.6));
#2945=CARTESIAN_POINT('Ctrl Pts',(30.9085791908607,36.5977542551337,1.6));
#2946=CARTESIAN_POINT('Ctrl Pts',(31.7652728581907,36.9773245157615,1.6));
#2947=CARTESIAN_POINT('Ctrl Pts',(32.7004693437421,37.0336301872934,1.6));
#2948=CARTESIAN_POINT('Ctrl Pts',(33.1650908441866,37.0616038013893,1.6));
#2949=CARTESIAN_POINT('Ctrl Pts',(28.3083374948824,34.4013030697303,2.));
#2950=CARTESIAN_POINT('Ctrl Pts',(28.3083374948824,34.4013030697303,1.6));
#2951=CARTESIAN_POINT('Ctrl Pts',(28.6135739149436,34.8189557527613,2.));
#2952=CARTESIAN_POINT('Ctrl Pts',(28.6135739149436,34.8189557527613,1.6));
#2953=CARTESIAN_POINT('Ctrl Pts',(29.2061238233009,35.6297373069597,2.));
#2954=CARTESIAN_POINT('Ctrl Pts',(29.2061238233009,35.6297373069597,1.6));
#2955=CARTESIAN_POINT('Ctrl Pts',(30.0623443379328,36.1530290917392,2.));
#2956=CARTESIAN_POINT('Ctrl Pts',(30.0623443379328,36.1530290917392,1.6));
#2957=CARTESIAN_POINT('Ctrl Pts',(30.4775054903353,36.4067609478431,2.));
#2958=CARTESIAN_POINT('Ctrl Pts',(30.4775054903353,36.4067609478431,1.6));
#2959=CARTESIAN_POINT('',(28.3083374948824,34.4013030697303,2.));
#2960=CARTESIAN_POINT('Ctrl Pts',(28.3083374948824,34.4013030697303,2.));
#2961=CARTESIAN_POINT('Ctrl Pts',(28.6135739149436,34.8189557527613,2.));
#2962=CARTESIAN_POINT('Ctrl Pts',(29.2061238233009,35.6297373069597,2.));
#2963=CARTESIAN_POINT('Ctrl Pts',(30.0623443379328,36.1530290917392,2.));
#2964=CARTESIAN_POINT('Ctrl Pts',(30.4775054903353,36.4067609478431,2.));
#2965=CARTESIAN_POINT('',(28.3083374948824,34.4013030697303,1.6));
#2966=CARTESIAN_POINT('',(28.3083374948824,34.4013030697303,2.));
#2967=CARTESIAN_POINT('Ctrl Pts',(28.3083374948824,34.4013030697303,1.6));
#2968=CARTESIAN_POINT('Ctrl Pts',(28.6135739149436,34.8189557527613,1.6));
#2969=CARTESIAN_POINT('Ctrl Pts',(29.2061238233009,35.6297373069597,1.6));
#2970=CARTESIAN_POINT('Ctrl Pts',(30.0623443379328,36.1530290917392,1.6));
#2971=CARTESIAN_POINT('Ctrl Pts',(30.4775054903353,36.4067609478431,1.6));
#2972=CARTESIAN_POINT('Ctrl Pts',(29.00410847381,39.0261323620277,2.));
#2973=CARTESIAN_POINT('Ctrl Pts',(29.00410847381,39.0261323620277,1.6));
#2974=CARTESIAN_POINT('Ctrl Pts',(28.8083807777271,38.3744453859467,2.));
#2975=CARTESIAN_POINT('Ctrl Pts',(28.8083807777271,38.3744453859467,1.6));
#2976=CARTESIAN_POINT('Ctrl Pts',(28.3561597430114,36.8687486218607,2.));
#2977=CARTESIAN_POINT('Ctrl Pts',(28.3561597430114,36.8687486218607,1.6));
#2978=CARTESIAN_POINT('Ctrl Pts',(28.3256450147308,35.2943050622965,2.));
#2979=CARTESIAN_POINT('Ctrl Pts',(28.3256450147308,35.2943050622965,1.6));
#2980=CARTESIAN_POINT('Ctrl Pts',(28.3083374948824,34.4013030697303,2.));
#2981=CARTESIAN_POINT('Ctrl Pts',(28.3083374948824,34.4013030697303,1.6));
#2982=CARTESIAN_POINT('',(29.00410847381,39.0261323620277,2.));
#2983=CARTESIAN_POINT('Ctrl Pts',(29.00410847381,39.0261323620277,2.));
#2984=CARTESIAN_POINT('Ctrl Pts',(28.8083807777271,38.3744453859467,2.));
#2985=CARTESIAN_POINT('Ctrl Pts',(28.3561597430114,36.8687486218607,2.));
#2986=CARTESIAN_POINT('Ctrl Pts',(28.3256450147308,35.2943050622965,2.));
#2987=CARTESIAN_POINT('Ctrl Pts',(28.3083374948824,34.4013030697303,2.));
#2988=CARTESIAN_POINT('',(29.00410847381,39.0261323620277,1.6));
#2989=CARTESIAN_POINT('',(29.00410847381,39.0261323620277,2.));
#2990=CARTESIAN_POINT('Ctrl Pts',(29.00410847381,39.0261323620277,1.6));
#2991=CARTESIAN_POINT('Ctrl Pts',(28.8083807777271,38.3744453859467,1.6));
#2992=CARTESIAN_POINT('Ctrl Pts',(28.3561597430114,36.8687486218607,1.6));
#2993=CARTESIAN_POINT('Ctrl Pts',(28.3256450147308,35.2943050622965,1.6));
#2994=CARTESIAN_POINT('Ctrl Pts',(28.3083374948824,34.4013030697303,1.6));
#2995=CARTESIAN_POINT('Ctrl Pts',(30.8322127313937,41.4954371620613,2.));
#2996=CARTESIAN_POINT('Ctrl Pts',(30.8322127313937,41.4954371620613,1.6));
#2997=CARTESIAN_POINT('Ctrl Pts',(30.4609260508994,41.1679939095761,2.));
#2998=CARTESIAN_POINT('Ctrl Pts',(30.4609260508994,41.1679939095761,1.6));
#2999=CARTESIAN_POINT('Ctrl Pts',(29.6766970499419,40.4763706754087,2.));
#3000=CARTESIAN_POINT('Ctrl Pts',(29.6766970499419,40.4763706754087,1.6));
#3001=CARTESIAN_POINT('Ctrl Pts',(29.2361055843116,39.5263655063045,2.));
#3002=CARTESIAN_POINT('Ctrl Pts',(29.2361055843116,39.5263655063045,1.6));
#3003=CARTESIAN_POINT('Ctrl Pts',(29.00410847381,39.0261323620277,2.));
#3004=CARTESIAN_POINT('Ctrl Pts',(29.00410847381,39.0261323620277,1.6));
#3005=CARTESIAN_POINT('',(30.8322127313937,41.4954371620613,2.));
#3006=CARTESIAN_POINT('Ctrl Pts',(30.8322127313937,41.4954371620613,2.));
#3007=CARTESIAN_POINT('Ctrl Pts',(30.4609260508994,41.1679939095761,2.));
#3008=CARTESIAN_POINT('Ctrl Pts',(29.6766970499419,40.4763706754087,2.));
#3009=CARTESIAN_POINT('Ctrl Pts',(29.2361055843116,39.5263655063045,2.));
#3010=CARTESIAN_POINT('Ctrl Pts',(29.00410847381,39.0261323620277,2.));
#3011=CARTESIAN_POINT('',(30.8322127313937,41.4954371620613,1.6));
#3012=CARTESIAN_POINT('',(30.8322127313937,41.4954371620613,2.));
#3013=CARTESIAN_POINT('Ctrl Pts',(30.8322127313937,41.4954371620613,1.6));
#3014=CARTESIAN_POINT('Ctrl Pts',(30.4609260508994,41.1679939095761,1.6));
#3015=CARTESIAN_POINT('Ctrl Pts',(29.6766970499419,40.4763706754087,1.6));
#3016=CARTESIAN_POINT('Ctrl Pts',(29.2361055843116,39.5263655063045,1.6));
#3017=CARTESIAN_POINT('Ctrl Pts',(29.00410847381,39.0261323620277,1.6));
#3018=CARTESIAN_POINT('Ctrl Pts',(32.8922398538912,42.1502800156074,2.));
#3019=CARTESIAN_POINT('Ctrl Pts',(32.8922398538912,42.1502800156074,1.6));
#3020=CARTESIAN_POINT('Ctrl Pts',(32.5156670063258,42.1248769087011,2.));
#3021=CARTESIAN_POINT('Ctrl Pts',(32.5156670063258,42.1248769087011,1.6));
#3022=CARTESIAN_POINT('Ctrl Pts',(31.774974348187,42.0749107603155,2.));
#3023=CARTESIAN_POINT('Ctrl Pts',(31.774974348187,42.0749107603155,1.6));
#3024=CARTESIAN_POINT('Ctrl Pts',(31.1429244503904,41.6864178242134,2.));
#3025=CARTESIAN_POINT('Ctrl Pts',(31.1429244503904,41.6864178242134,1.6));
#3026=CARTESIAN_POINT('Ctrl Pts',(30.8322127313937,41.4954371620613,2.));
#3027=CARTESIAN_POINT('Ctrl Pts',(30.8322127313937,41.4954371620613,1.6));
#3028=CARTESIAN_POINT('',(32.8922398538912,42.1502800156074,2.));
#3029=CARTESIAN_POINT('Ctrl Pts',(32.8922398538912,42.1502800156074,2.));
#3030=CARTESIAN_POINT('Ctrl Pts',(32.5156670063258,42.1248769087011,2.));
#3031=CARTESIAN_POINT('Ctrl Pts',(31.774974348187,42.0749107603155,2.));
#3032=CARTESIAN_POINT('Ctrl Pts',(31.1429244503904,41.6864178242134,2.));
#3033=CARTESIAN_POINT('Ctrl Pts',(30.8322127313937,41.4954371620613,2.));
#3034=CARTESIAN_POINT('',(32.8922398538912,42.1502800156074,1.6));
#3035=CARTESIAN_POINT('',(32.8922398538912,42.1502800156074,2.));
#3036=CARTESIAN_POINT('Ctrl Pts',(32.8922398538912,42.1502800156074,1.6));
#3037=CARTESIAN_POINT('Ctrl Pts',(32.5156670063258,42.1248769087011,1.6));
#3038=CARTESIAN_POINT('Ctrl Pts',(31.774974348187,42.0749107603155,1.6));
#3039=CARTESIAN_POINT('Ctrl Pts',(31.1429244503904,41.6864178242134,1.6));
#3040=CARTESIAN_POINT('Ctrl Pts',(30.8322127313937,41.4954371620613,1.6));
#3041=CARTESIAN_POINT('Ctrl Pts',(35.3479011507357,41.0998029877144,2.));
#3042=CARTESIAN_POINT('Ctrl Pts',(35.3479011507357,41.0998029877144,1.6));
#3043=CARTESIAN_POINT('Ctrl Pts',(34.9960287615539,41.4061916251146,2.));
#3044=CARTESIAN_POINT('Ctrl Pts',(34.9960287615539,41.4061916251146,1.6));
#3045=CARTESIAN_POINT('Ctrl Pts',(34.2906032835495,42.0204323488492,2.));
#3046=CARTESIAN_POINT('Ctrl Pts',(34.2906032835495,42.0204323488492,1.6));
#3047=CARTESIAN_POINT('Ctrl Pts',(33.3591007756695,42.1069287664916,2.));
#3048=CARTESIAN_POINT('Ctrl Pts',(33.3591007756695,42.1069287664916,1.6));
#3049=CARTESIAN_POINT('Ctrl Pts',(32.8922398538912,42.1502800156074,2.));
#3050=CARTESIAN_POINT('Ctrl Pts',(32.8922398538912,42.1502800156074,1.6));
#3051=CARTESIAN_POINT('',(35.3479011507357,41.0998029877144,2.));
#3052=CARTESIAN_POINT('Ctrl Pts',(35.3479011507357,41.0998029877144,2.));
#3053=CARTESIAN_POINT('Ctrl Pts',(34.9960287615539,41.4061916251146,2.));
#3054=CARTESIAN_POINT('Ctrl Pts',(34.2906032835495,42.0204323488492,2.));
#3055=CARTESIAN_POINT('Ctrl Pts',(33.3591007756695,42.1069287664916,2.));
#3056=CARTESIAN_POINT('Ctrl Pts',(32.8922398538912,42.1502800156074,2.));
#3057=CARTESIAN_POINT('',(35.3479011507357,41.0998029877144,1.6));
#3058=CARTESIAN_POINT('',(35.3479011507357,41.0998029877144,2.));
#3059=CARTESIAN_POINT('Ctrl Pts',(35.3479011507357,41.0998029877144,1.6));
#3060=CARTESIAN_POINT('Ctrl Pts',(34.9960287615539,41.4061916251146,1.6));
#3061=CARTESIAN_POINT('Ctrl Pts',(34.2906032835495,42.0204323488492,1.6));
#3062=CARTESIAN_POINT('Ctrl Pts',(33.3591007756695,42.1069287664916,1.6));
#3063=CARTESIAN_POINT('Ctrl Pts',(32.8922398538912,42.1502800156074,1.6));
#3064=CARTESIAN_POINT('Ctrl Pts',(36.2755949945773,38.9988477398353,2.));
#3065=CARTESIAN_POINT('Ctrl Pts',(36.2755949945773,38.9988477398353,1.6));
#3066=CARTESIAN_POINT('Ctrl Pts',(36.1717786300254,39.427897531655,2.));
#3067=CARTESIAN_POINT('Ctrl Pts',(36.1717786300254,39.427897531655,1.6));
#3068=CARTESIAN_POINT('Ctrl Pts',(35.9882823415328,40.186246610023,2.));
#3069=CARTESIAN_POINT('Ctrl Pts',(35.9882823415328,40.186246610023,1.6));
#3070=CARTESIAN_POINT('Ctrl Pts',(35.5417846484273,40.823212250212,2.));
#3071=CARTESIAN_POINT('Ctrl Pts',(35.5417846484273,40.823212250212,1.6));
#3072=CARTESIAN_POINT('Ctrl Pts',(35.3479011507357,41.0998029877144,2.));
#3073=CARTESIAN_POINT('Ctrl Pts',(35.3479011507357,41.0998029877144,1.6));
#3074=CARTESIAN_POINT('',(36.2755949945773,38.9988477398353,2.));
#3075=CARTESIAN_POINT('Ctrl Pts',(36.2755949945773,38.9988477398353,2.));
#3076=CARTESIAN_POINT('Ctrl Pts',(36.1717786300254,39.427897531655,2.));
#3077=CARTESIAN_POINT('Ctrl Pts',(35.9882823415328,40.186246610023,2.));
#3078=CARTESIAN_POINT('Ctrl Pts',(35.5417846484273,40.823212250212,2.));
#3079=CARTESIAN_POINT('Ctrl Pts',(35.3479011507357,41.0998029877144,2.));
#3080=CARTESIAN_POINT('',(36.2755949945773,38.9988477398353,1.6));
#3081=CARTESIAN_POINT('',(36.2755949945773,38.9988477398353,2.));
#3082=CARTESIAN_POINT('Ctrl Pts',(36.2755949945773,38.9988477398353,1.6));
#3083=CARTESIAN_POINT('Ctrl Pts',(36.1717786300254,39.427897531655,1.6));
#3084=CARTESIAN_POINT('Ctrl Pts',(35.9882823415328,40.186246610023,1.6));
#3085=CARTESIAN_POINT('Ctrl Pts',(35.5417846484273,40.823212250212,1.6));
#3086=CARTESIAN_POINT('Ctrl Pts',(35.3479011507357,41.0998029877144,1.6));
#3087=CARTESIAN_POINT('Origin',(38.7176163645113,39.1898436714607,2.));
#3088=CARTESIAN_POINT('',(38.7176163645113,39.1898436714607,2.));
#3089=CARTESIAN_POINT('',(22.217402762921,37.8993252068584,2.));
#3090=CARTESIAN_POINT('',(38.7176163645113,39.1898436714607,1.6));
#3091=CARTESIAN_POINT('',(38.7176163645113,39.1898436714607,2.));
#3092=CARTESIAN_POINT('',(38.7176163645113,39.1898436714607,1.6));
#3093=CARTESIAN_POINT('Ctrl Pts',(36.9099743814791,42.846050994535,2.));
#3094=CARTESIAN_POINT('Ctrl Pts',(36.9099743814791,42.846050994535,1.6));
#3095=CARTESIAN_POINT('Ctrl Pts',(37.363991596756,42.3471212974448,2.));
#3096=CARTESIAN_POINT('Ctrl Pts',(37.363991596756,42.3471212974448,1.6));
#3097=CARTESIAN_POINT('Ctrl Pts',(38.3136202247496,41.3035531071417,2.));
#3098=CARTESIAN_POINT('Ctrl Pts',(38.3136202247496,41.3035531071417,1.6));
#3099=CARTESIAN_POINT('Ctrl Pts',(38.5790752973395,39.9146910947133,2.));
#3100=CARTESIAN_POINT('Ctrl Pts',(38.5790752973395,39.9146910947133,1.6));
#3101=CARTESIAN_POINT('Ctrl Pts',(38.7176163645113,39.1898436714607,2.));
#3102=CARTESIAN_POINT('Ctrl Pts',(38.7176163645113,39.1898436714607,1.6));
#3103=CARTESIAN_POINT('Ctrl Pts',(36.9099743814791,42.846050994535,2.));
#3104=CARTESIAN_POINT('Ctrl Pts',(37.363991596756,42.3471212974448,2.));
#3105=CARTESIAN_POINT('Ctrl Pts',(38.3136202247496,41.3035531071417,2.));
#3106=CARTESIAN_POINT('Ctrl Pts',(38.5790752973395,39.9146910947133,2.));
#3107=CARTESIAN_POINT('Ctrl Pts',(38.7176163645113,39.1898436714607,2.));
#3108=CARTESIAN_POINT('Ctrl Pts',(36.9099743814791,42.846050994535,1.6));
#3109=CARTESIAN_POINT('Ctrl Pts',(37.363991596756,42.3471212974448,1.6));
#3110=CARTESIAN_POINT('Ctrl Pts',(38.3136202247496,41.3035531071417,1.6));
#3111=CARTESIAN_POINT('Ctrl Pts',(38.5790752973395,39.9146910947133,1.6));
#3112=CARTESIAN_POINT('Ctrl Pts',(38.7176163645113,39.1898436714607,1.6));
#3113=CARTESIAN_POINT('Origin',(24.3519942799235,33.957918422361,1.6));
#3114=CARTESIAN_POINT('Origin',(18.3083386869753,40.1448233295875,2.));
#3115=CARTESIAN_POINT('',(18.3083386869753,40.1448233295875,2.));
#3116=CARTESIAN_POINT('',(12.0464013667429,31.1270876099067,2.));
#3117=CARTESIAN_POINT('',(12.9362174244112,32.408500316044,2.));
#3118=CARTESIAN_POINT('',(18.3083386869753,40.1448233295875,1.6));
#3119=CARTESIAN_POINT('',(18.3083386869753,40.1448233295875,2.));
#3120=CARTESIAN_POINT('',(12.0464013667429,31.1270876099067,1.6));
#3121=CARTESIAN_POINT('',(18.3083386869753,40.1448233295875,1.6));
#3122=CARTESIAN_POINT('',(12.0464013667429,31.1270876099067,2.));
#3123=CARTESIAN_POINT('Origin',(18.3083386869753,31.1270876099067,2.));
#3124=CARTESIAN_POINT('',(18.3083386869753,31.1270876099067,2.));
#3125=CARTESIAN_POINT('',(18.3083386869753,28.2349483424549,2.));
#3126=CARTESIAN_POINT('',(18.3083386869753,31.1270876099067,1.6));
#3127=CARTESIAN_POINT('',(18.3083386869753,31.1270876099067,2.));
#3128=CARTESIAN_POINT('',(18.3083386869753,31.1270876099067,1.6));
#3129=CARTESIAN_POINT('Origin',(12.0464013667429,31.1270876099067,2.));
#3130=CARTESIAN_POINT('',(9.32236465188864,31.1270876099067,2.));
#3131=CARTESIAN_POINT('',(12.0464013667429,31.1270876099067,1.6));
#3132=CARTESIAN_POINT('Origin',(20.7640011759127,28.8760633636909,2.));
#3133=CARTESIAN_POINT('',(20.7640011759127,28.8760633636909,2.));
#3134=CARTESIAN_POINT('',(20.7640011759127,24.0875239540535,2.));
#3135=CARTESIAN_POINT('',(20.7640011759127,27.109436219347,2.));
#3136=CARTESIAN_POINT('',(20.7640011759127,28.8760633636909,1.6));
#3137=CARTESIAN_POINT('',(20.7640011759127,28.8760633636909,2.));
#3138=CARTESIAN_POINT('',(20.7640011759127,24.0875239540535,1.6));
#3139=CARTESIAN_POINT('',(20.7640011759127,28.8760633636909,1.6));
#3140=CARTESIAN_POINT('',(20.7640011759127,24.0875239540535,2.));
#3141=CARTESIAN_POINT('Origin',(23.4652288408602,28.8760633636909,2.));
#3142=CARTESIAN_POINT('',(23.4652288408602,28.8760633636909,2.));
#3143=CARTESIAN_POINT('',(15.0317783889473,28.8760633636909,2.));
#3144=CARTESIAN_POINT('',(23.4652288408602,28.8760633636909,1.6));
#3145=CARTESIAN_POINT('',(23.4652288408602,28.8760633636909,2.));
#3146=CARTESIAN_POINT('',(23.4652288408602,28.8760633636909,1.6));
#3147=CARTESIAN_POINT('Origin',(23.4652288408602,31.1270876099067,2.));
#3148=CARTESIAN_POINT('',(23.4652288408602,31.1270876099067,2.));
#3149=CARTESIAN_POINT('',(23.4652288408602,28.2349483424549,2.));
#3150=CARTESIAN_POINT('',(23.4652288408602,31.1270876099067,1.6));
#3151=CARTESIAN_POINT('',(23.4652288408602,31.1270876099067,2.));
#3152=CARTESIAN_POINT('',(23.4652288408602,31.1270876099067,1.6));
#3153=CARTESIAN_POINT('Origin',(20.7640011759127,31.1270876099067,2.));
#3154=CARTESIAN_POINT('',(20.7640011759127,31.1270876099067,2.));
#3155=CARTESIAN_POINT('',(13.6811645564735,31.1270876099067,2.));
#3156=CARTESIAN_POINT('',(20.7640011759127,31.1270876099067,1.6));
#3157=CARTESIAN_POINT('',(20.7640011759127,31.1270876099067,2.));
#3158=CARTESIAN_POINT('',(20.7640011759127,31.1270876099067,1.6));
#3159=CARTESIAN_POINT('Origin',(20.7640011759127,44.0875239540535,2.));
#3160=CARTESIAN_POINT('',(20.7640011759127,44.0875239540535,2.));
#3161=CARTESIAN_POINT('',(20.7640011759127,34.7151665145283,2.));
#3162=CARTESIAN_POINT('',(20.7640011759127,44.0875239540535,1.6));
#3163=CARTESIAN_POINT('',(20.7640011759127,44.0875239540535,2.));
#3164=CARTESIAN_POINT('',(20.7640011759127,44.0875239540535,1.6));
#3165=CARTESIAN_POINT('Origin',(18.7585432977999,44.0875239540535,2.));
#3166=CARTESIAN_POINT('',(18.7585432977999,44.0875239540535,2.));
#3167=CARTESIAN_POINT('',(12.6784356174171,44.0875239540535,2.));
#3168=CARTESIAN_POINT('',(18.7585432977999,44.0875239540535,1.6));
#3169=CARTESIAN_POINT('',(18.7585432977999,44.0875239540535,2.));
#3170=CARTESIAN_POINT('',(18.7585432977999,44.0875239540535,1.6));
#3171=CARTESIAN_POINT('Origin',(9.63166733846315,31.1270876099067,2.));
#3172=CARTESIAN_POINT('',(9.63166733846315,31.1270876099067,2.));
#3173=CARTESIAN_POINT('',(7.76738019671717,28.4797442105377,2.));
#3174=CARTESIAN_POINT('',(9.63166733846315,31.1270876099067,1.6));
#3175=CARTESIAN_POINT('',(9.63166733846315,31.1270876099067,2.));
#3176=CARTESIAN_POINT('',(9.63166733846315,31.1270876099067,1.6));
#3177=CARTESIAN_POINT('Origin',(9.63166733846315,28.8760633636909,2.));
#3178=CARTESIAN_POINT('',(9.63166733846315,28.8760633636909,2.));
#3179=CARTESIAN_POINT('',(9.63166733846315,27.109436219347,2.));
#3180=CARTESIAN_POINT('',(9.63166733846315,28.8760633636909,1.6));
#3181=CARTESIAN_POINT('',(9.63166733846315,28.8760633636909,2.));
#3182=CARTESIAN_POINT('',(9.63166733846315,28.8760633636909,1.6));
#3183=CARTESIAN_POINT('Origin',(18.3083386869753,28.8760633636909,2.));
#3184=CARTESIAN_POINT('',(18.3083386869753,28.8760633636909,2.));
#3185=CARTESIAN_POINT('',(12.4533333120048,28.8760633636909,2.));
#3186=CARTESIAN_POINT('',(18.3083386869753,28.8760633636909,1.6));
#3187=CARTESIAN_POINT('',(18.3083386869753,28.8760633636909,2.));
#3188=CARTESIAN_POINT('',(18.3083386869753,28.8760633636909,1.6));
#3189=CARTESIAN_POINT('Origin',(18.3083386869753,24.0875239540535,2.));
#3190=CARTESIAN_POINT('',(18.3083386869753,24.0875239540535,2.));
#3191=CARTESIAN_POINT('',(18.3083386869753,24.7151665145283,2.));
#3192=CARTESIAN_POINT('',(18.3083386869753,24.0875239540535,1.6));
#3193=CARTESIAN_POINT('',(18.3083386869753,24.0875239540535,2.));
#3194=CARTESIAN_POINT('',(18.3083386869753,24.0875239540535,1.6));
#3195=CARTESIAN_POINT('Origin',(20.7640011759127,24.0875239540535,2.));
#3196=CARTESIAN_POINT('',(13.6811645564735,24.0875239540535,2.));
#3197=CARTESIAN_POINT('',(20.7640011759127,24.0875239540535,1.6));
#3198=CARTESIAN_POINT('Origin',(24.3519942799235,33.957918422361,1.6));
#3199=CARTESIAN_POINT('Origin',(6.59832793703435,25.3428090750031,2.));
#3200=CARTESIAN_POINT('',(-50.0490859393571,2.,2.));
#3201=CARTESIAN_POINT('',(-35.1011158049721,2.,2.));
#3202=CARTESIAN_POINT('',(-18.0013939339689,2.,2.));
#3203=CARTESIAN_POINT('',(-35.1011158049721,-1.84889274661175E-31,2.));
#3204=CARTESIAN_POINT('',(-35.1011158049721,12.6714045375015,2.));
#3205=CARTESIAN_POINT('',(-26.5854484842213,12.7735009811261,2.));
#3206=CARTESIAN_POINT('',(-35.1011158049721,-1.84889274661175E-31,2.));
#3207=CARTESIAN_POINT('',(-22.4251970125321,15.,2.));
#3208=CARTESIAN_POINT('Origin',(-22.4251970125321,10.,2.));
#3209=CARTESIAN_POINT('',(32.8988841950279,15.,2.));
#3210=CARTESIAN_POINT('',(-25.1011158049721,15.,2.));
#3211=CARTESIAN_POINT('',(37.8988841950279,10.,2.));
#3212=CARTESIAN_POINT('Origin',(32.8988841950279,10.,2.));
#3213=CARTESIAN_POINT('',(37.8988841950279,-5.81103436683085E-16,2.));
#3214=CARTESIAN_POINT('',(37.8988841950279,15.,2.));
#3215=CARTESIAN_POINT('',(57.8988841950279,-1.83093226960195E-16,2.));
#3216=CARTESIAN_POINT('',(37.8988841950279,-5.81103436683085E-16,2.));
#3217=CARTESIAN_POINT('',(57.8988841950279,13.7904145304352,2.));
#3218=CARTESIAN_POINT('',(57.8988841950279,-1.83093226960195E-16,2.));
#3219=CARTESIAN_POINT('',(58.4319002802622,16.0367570477785,2.));
#3220=CARTESIAN_POINT('Ctrl Pts',(58.4319002802622,16.0367570477785,2.));
#3221=CARTESIAN_POINT('Ctrl Pts',(58.0830085520682,15.3429653727314,2.));
#3222=CARTESIAN_POINT('Ctrl Pts',(57.8988841950279,14.5669918455603,2.));
#3223=CARTESIAN_POINT('Ctrl Pts',(57.8988841950279,13.7904145304352,2.));
#3224=CARTESIAN_POINT('Ctrl Pts',(58.4319002802622,16.0367570477785,2.));
#3225=CARTESIAN_POINT('Ctrl Pts',(59.1815940639471,17.5275671298853,2.));
#3226=CARTESIAN_POINT('Ctrl Pts',(60.6132102505394,20.6341970780687,2.));
#3227=CARTESIAN_POINT('Ctrl Pts',(62.2453655442564,25.1293264417564,2.));
#3228=CARTESIAN_POINT('Ctrl Pts',(63.280793762676,30.6361690375739,2.));
#3229=CARTESIAN_POINT('Ctrl Pts',(62.5982663274937,36.613780384776,2.));
#3230=CARTESIAN_POINT('Ctrl Pts',(59.8125996395505,41.704578392416,2.));
#3231=CARTESIAN_POINT('Ctrl Pts',(55.0039649137187,45.714804730086,2.));
#3232=CARTESIAN_POINT('Ctrl Pts',(48.3230996084811,48.5860823396896,2.));
#3233=CARTESIAN_POINT('Ctrl Pts',(40.0064839395956,50.2580369812606,2.));
#3234=CARTESIAN_POINT('Ctrl Pts',(30.359601422637,50.6856181500062,2.));
#3235=CARTESIAN_POINT('Ctrl Pts',(19.7476715830357,49.8555037734216,2.));
#3236=CARTESIAN_POINT('Ctrl Pts',(8.5864179787521,47.8055810387236,2.));
#3237=CARTESIAN_POINT('Ctrl Pts',(-2.66623746517154,44.6432543759336,2.));
#3238=CARTESIAN_POINT('Ctrl Pts',(-13.5141816978606,40.5721750436172,2.));
#3239=CARTESIAN_POINT('Ctrl Pts',(-23.4658257942909,35.8557823493406,2.));
#3240=CARTESIAN_POINT('Ctrl Pts',(-32.084420469065,30.7722716097974,2.));
#3241=CARTESIAN_POINT('Ctrl Pts',(-39.0341405020781,25.5754771967701,2.));
#3242=CARTESIAN_POINT('Ctrl Pts',(-44.1375975727127,20.4497331409994,2.));
#3243=CARTESIAN_POINT('Ctrl Pts',(-47.4167748826706,15.4754444979465,2.));
#3244=CARTESIAN_POINT('Ctrl Pts',(-49.0585860193287,10.9197496553461,2.));
#3245=CARTESIAN_POINT('Ctrl Pts',(-49.682742809924,7.2511802775812,2.));
#3246=CARTESIAN_POINT('Ctrl Pts',(-49.9286008957672,4.47730801750783,2.));
#3247=CARTESIAN_POINT('Ctrl Pts',(-50.0213658971816,2.70135318074373,2.));
#3248=CARTESIAN_POINT('Ctrl Pts',(-50.049085939358,1.99999999997669,2.));
#3249=CARTESIAN_POINT('Origin',(6.59832793703435,25.3428090750031,2.));
#3250=CARTESIAN_POINT('Origin',(-22.4251970125321,10.,0.));
#3251=CARTESIAN_POINT('',(-26.5854484842213,12.7735009811261,0.));
#3252=CARTESIAN_POINT('',(-22.4251970125321,15.,0.));
#3253=CARTESIAN_POINT('Origin',(-22.4251970125321,10.,0.));
#3254=CARTESIAN_POINT('',(-22.4251970125321,15.,0.));
#3255=CARTESIAN_POINT('',(-26.5854484842213,12.7735009811261,0.));
#3256=CARTESIAN_POINT('Origin',(-25.1011158049721,15.,0.));
#3257=CARTESIAN_POINT('',(32.8988841950279,15.,0.));
#3258=CARTESIAN_POINT('',(-25.1011158049721,15.,0.));
#3259=CARTESIAN_POINT('',(32.8988841950279,15.,0.));
#3260=CARTESIAN_POINT('Origin',(-45.1011158049721,0.,7.));
#3261=CARTESIAN_POINT('',(-45.1011158049721,2.,12.));
#3262=CARTESIAN_POINT('',(-50.1011158049721,2.,7.));
#3263=CARTESIAN_POINT('Origin',(-45.1011158049721,2.,7.));
#3264=CARTESIAN_POINT('',(-50.1011158049721,0.,7.));
#3265=CARTESIAN_POINT('',(-50.1011158049721,0.,7.));
#3266=CARTESIAN_POINT('',(-45.1011158049721,0.,12.));
#3267=CARTESIAN_POINT('Origin',(-45.1011158049721,0.,7.));
#3268=CARTESIAN_POINT('',(-45.1011158049721,0.,12.));
#3269=CARTESIAN_POINT('Origin',(-50.1011158049721,0.,12.));
#3270=CARTESIAN_POINT('',(-40.1011158049721,0.,12.));
#3271=CARTESIAN_POINT('',(-35.1011158049721,0.,12.));
#3272=CARTESIAN_POINT('',(-40.1011158049721,2.,12.));
#3273=CARTESIAN_POINT('',(-40.1011158049721,0.,12.));
#3274=CARTESIAN_POINT('',(-35.1011158049721,2.,12.));
#3275=CARTESIAN_POINT('Origin',(-50.1011158049721,0.,0.));
#3276=CARTESIAN_POINT('',(-50.1011158049721,0.,2.));
#3277=CARTESIAN_POINT('',(-50.1011158049721,0.,12.));
#3278=CARTESIAN_POINT('',(-50.1011158049721,0.,0.));
#3279=CARTESIAN_POINT('',(-50.1011158049721,0.,0.));
#3280=CARTESIAN_POINT('',(-35.1011158049721,-1.84889274661175E-31,0.));
#3281=CARTESIAN_POINT('',(-50.1011158049721,0.,0.));
#3282=CARTESIAN_POINT('',(-35.1011158049721,-1.84889274661175E-31,0.));
#3283=CARTESIAN_POINT('',(-35.1011158049721,0.,7.));
#3284=CARTESIAN_POINT('',(-35.1011158049721,0.,2.));
#3285=CARTESIAN_POINT('Origin',(-40.1011158049721,0.,7.));
#3286=CARTESIAN_POINT('',(-44.3511158049721,0.,7.));
#3287=CARTESIAN_POINT('Origin',(-41.6011158049721,0.,7.));
#3288=CARTESIAN_POINT('Origin',(-40.1011158049721,0.,7.));
#3289=CARTESIAN_POINT('',(-35.1011158049721,2.,7.));
#3290=CARTESIAN_POINT('Origin',(-40.1011158049721,2.,7.));
#3291=CARTESIAN_POINT('',(-35.1011158049721,0.,7.));
#3292=CARTESIAN_POINT('Origin',(32.8988841950279,10.,0.));
#3293=CARTESIAN_POINT('',(37.8988841950279,10.,0.));
#3294=CARTESIAN_POINT('Origin',(32.8988841950279,10.,0.));
#3295=CARTESIAN_POINT('',(37.8988841950279,10.,0.));
#3296=CARTESIAN_POINT('Origin',(37.8988841950279,15.,0.));
#3297=CARTESIAN_POINT('',(37.8988841950279,-5.81103436683085E-16,0.));
#3298=CARTESIAN_POINT('',(37.8988841950279,15.,0.));
#3299=CARTESIAN_POINT('',(37.8988841950279,-5.81103436683085E-16,0.));
#3300=CARTESIAN_POINT('Ctrl Pts',(57.8988841950279,13.7904145304352,-2.08166817117217E-16));
#3301=CARTESIAN_POINT('Ctrl Pts',(57.8988841950279,13.7904145304352,0.666666666666667));
#3302=CARTESIAN_POINT('Ctrl Pts',(57.8988841950279,13.7904145304352,1.33333333333333));
#3303=CARTESIAN_POINT('Ctrl Pts',(57.8988841950279,13.7904145304352,2.));
#3304=CARTESIAN_POINT('Ctrl Pts',(57.8988841950279,14.5669918455603,-2.08166817117217E-16));
#3305=CARTESIAN_POINT('Ctrl Pts',(57.8988841950279,14.5669918455603,0.666666666666667));
#3306=CARTESIAN_POINT('Ctrl Pts',(57.8988841950279,14.5669918455603,1.33333333333333));
#3307=CARTESIAN_POINT('Ctrl Pts',(57.8988841950279,14.5669918455603,2.));
#3308=CARTESIAN_POINT('Ctrl Pts',(58.0830085520682,15.3429653727313,-2.08166817117217E-16));
#3309=CARTESIAN_POINT('Ctrl Pts',(58.0830085520682,15.3429653727313,0.666666666666666));
#3310=CARTESIAN_POINT('Ctrl Pts',(58.0830085520682,15.3429653727314,1.33333333333333));
#3311=CARTESIAN_POINT('Ctrl Pts',(58.0830085520682,15.3429653727314,2.));
#3312=CARTESIAN_POINT('Ctrl Pts',(58.4319002802622,16.0367570477785,-2.08166817117217E-16));
#3313=CARTESIAN_POINT('Ctrl Pts',(58.4319002802622,16.0367570477785,0.666666666666667));
#3314=CARTESIAN_POINT('Ctrl Pts',(58.4319002802622,16.0367570477785,1.33333333333333));
#3315=CARTESIAN_POINT('Ctrl Pts',(58.4319002802622,16.0367570477785,2.));
#3316=CARTESIAN_POINT('',(57.8988841950279,13.7904145304352,-1.04083408558608E-16));
#3317=CARTESIAN_POINT('',(58.4319002802622,16.0367570477785,0.));
#3318=CARTESIAN_POINT('Ctrl Pts',(57.8988841950279,13.7904145304352,-2.08166817117217E-16));
#3319=CARTESIAN_POINT('Ctrl Pts',(57.8988841950279,14.5669918455603,-2.08166817117217E-16));
#3320=CARTESIAN_POINT('Ctrl Pts',(58.0830085520682,15.3429653727313,-2.08166817117217E-16));
#3321=CARTESIAN_POINT('Ctrl Pts',(58.4319002802622,16.0367570477785,-2.08166817117217E-16));
#3322=CARTESIAN_POINT('Ctrl Pts',(58.4319002802622,16.0367570477785,-2.08166817117217E-16));
#3323=CARTESIAN_POINT('Ctrl Pts',(58.4319002802622,16.0367570477785,0.666666666666667));
#3324=CARTESIAN_POINT('Ctrl Pts',(58.4319002802622,16.0367570477785,1.33333333333333));
#3325=CARTESIAN_POINT('Ctrl Pts',(58.4319002802622,16.0367570477785,2.));
#3326=CARTESIAN_POINT('Ctrl Pts',(57.8988841950279,13.7904145304352,2.));
#3327=CARTESIAN_POINT('Ctrl Pts',(57.8988841950279,13.7904145304352,1.33333333333333));
#3328=CARTESIAN_POINT('Ctrl Pts',(57.8988841950279,13.7904145304352,0.666666666666667));
#3329=CARTESIAN_POINT('Ctrl Pts',(57.8988841950279,13.7904145304352,-2.08166817117217E-16));
#3330=CARTESIAN_POINT('Ctrl Pts',(57.8988841950279,15.,0.));
#3331=CARTESIAN_POINT('Ctrl Pts',(57.8988841950279,15.,2.));
#3332=CARTESIAN_POINT('Ctrl Pts',(58.8025025430616,16.7205071357951,0.));
#3333=CARTESIAN_POINT('Ctrl Pts',(58.8025025430616,16.7205071357951,2.));
#3334=CARTESIAN_POINT('Ctrl Pts',(60.4021826355918,20.0635108113993,0.));
#3335=CARTESIAN_POINT('Ctrl Pts',(60.4021826355918,20.0635108113993,2.));
#3336=CARTESIAN_POINT('Ctrl Pts',(62.1790268786998,24.7839871189512,0.));
#3337=CARTESIAN_POINT('Ctrl Pts',(62.1790268786998,24.7839871189512,2.));
#3338=CARTESIAN_POINT('Ctrl Pts',(63.2977716790408,30.4874755488102,0.));
#3339=CARTESIAN_POINT('Ctrl Pts',(63.2977716790408,30.4874755488102,2.));
#3340=CARTESIAN_POINT('Ctrl Pts',(62.5982663274937,36.613780384776,0.));
#3341=CARTESIAN_POINT('Ctrl Pts',(62.5982663274937,36.613780384776,2.));
#3342=CARTESIAN_POINT('Ctrl Pts',(59.8125996395505,41.704578392416,0.));
#3343=CARTESIAN_POINT('Ctrl Pts',(59.8125996395505,41.704578392416,2.));
#3344=CARTESIAN_POINT('Ctrl Pts',(55.0039649137187,45.714804730086,0.));
#3345=CARTESIAN_POINT('Ctrl Pts',(55.0039649137187,45.714804730086,2.));
#3346=CARTESIAN_POINT('Ctrl Pts',(48.3230996084811,48.5860823396896,0.));
#3347=CARTESIAN_POINT('Ctrl Pts',(48.3230996084811,48.5860823396896,2.));
#3348=CARTESIAN_POINT('Ctrl Pts',(40.0064839395956,50.2580369812606,0.));
#3349=CARTESIAN_POINT('Ctrl Pts',(40.0064839395956,50.2580369812606,2.));
#3350=CARTESIAN_POINT('Ctrl Pts',(30.359601422637,50.6856181500062,0.));
#3351=CARTESIAN_POINT('Ctrl Pts',(30.359601422637,50.6856181500062,2.));
#3352=CARTESIAN_POINT('Ctrl Pts',(19.7476715830357,49.8555037734216,0.));
#3353=CARTESIAN_POINT('Ctrl Pts',(19.7476715830357,49.8555037734216,2.));
#3354=CARTESIAN_POINT('Ctrl Pts',(8.5864179787521,47.8055810387236,0.));
#3355=CARTESIAN_POINT('Ctrl Pts',(8.5864179787521,47.8055810387236,2.));
#3356=CARTESIAN_POINT('Ctrl Pts',(-2.66623746517154,44.6432543759336,0.));
#3357=CARTESIAN_POINT('Ctrl Pts',(-2.66623746517154,44.6432543759336,2.));
#3358=CARTESIAN_POINT('Ctrl Pts',(-13.5141816978606,40.5721750436172,0.));
#3359=CARTESIAN_POINT('Ctrl Pts',(-13.5141816978606,40.5721750436172,2.));
#3360=CARTESIAN_POINT('Ctrl Pts',(-23.4658257942909,35.8557823493406,0.));
#3361=CARTESIAN_POINT('Ctrl Pts',(-23.4658257942909,35.8557823493406,2.));
#3362=CARTESIAN_POINT('Ctrl Pts',(-32.084420469065,30.7722716097974,0.));
#3363=CARTESIAN_POINT('Ctrl Pts',(-32.084420469065,30.7722716097974,2.));
#3364=CARTESIAN_POINT('Ctrl Pts',(-39.0341405020781,25.5754771967701,0.));
#3365=CARTESIAN_POINT('Ctrl Pts',(-39.0341405020781,25.5754771967701,2.));
#3366=CARTESIAN_POINT('Ctrl Pts',(-44.1375975727127,20.4497331409994,0.));
#3367=CARTESIAN_POINT('Ctrl Pts',(-44.1375975727127,20.4497331409994,2.));
#3368=CARTESIAN_POINT('Ctrl Pts',(-47.4167748826706,15.4754444979465,0.));
#3369=CARTESIAN_POINT('Ctrl Pts',(-47.4167748826706,15.4754444979465,2.));
#3370=CARTESIAN_POINT('Ctrl Pts',(-49.1859952088352,10.5662148457843,0.));
#3371=CARTESIAN_POINT('Ctrl Pts',(-49.1859952088352,10.5662148457843,2.));
#3372=CARTESIAN_POINT('Ctrl Pts',(-49.7997335192317,6.52444374243718,0.));
#3373=CARTESIAN_POINT('Ctrl Pts',(-49.7997335192317,6.52444374243718,2.));
#3374=CARTESIAN_POINT('Ctrl Pts',(-50.0180202305715,3.33580883824897,0.));
#3375=CARTESIAN_POINT('Ctrl Pts',(-50.0180202305715,3.33580883824897,2.));
#3376=CARTESIAN_POINT('Ctrl Pts',(-50.0863006953806,1.12594832895177,0.));
#3377=CARTESIAN_POINT('Ctrl Pts',(-50.0863006953806,1.12594832895177,2.));
#3378=CARTESIAN_POINT('Ctrl Pts',(-50.1011158049721,0.,0.));
#3379=CARTESIAN_POINT('Ctrl Pts',(-50.1011158049721,0.,2.));
#3380=CARTESIAN_POINT('Ctrl Pts',(58.4319002802622,16.0367570477785,0.));
#3381=CARTESIAN_POINT('Ctrl Pts',(59.1815940639471,17.5275671298853,0.));
#3382=CARTESIAN_POINT('Ctrl Pts',(60.6132102505394,20.6341970780687,0.));
#3383=CARTESIAN_POINT('Ctrl Pts',(62.2453655442564,25.1293264417564,0.));
#3384=CARTESIAN_POINT('Ctrl Pts',(63.280793762676,30.6361690375739,0.));
#3385=CARTESIAN_POINT('Ctrl Pts',(62.5982663274937,36.613780384776,0.));
#3386=CARTESIAN_POINT('Ctrl Pts',(59.8125996395505,41.704578392416,0.));
#3387=CARTESIAN_POINT('Ctrl Pts',(55.0039649137187,45.714804730086,0.));
#3388=CARTESIAN_POINT('Ctrl Pts',(48.3230996084811,48.5860823396896,0.));
#3389=CARTESIAN_POINT('Ctrl Pts',(40.0064839395956,50.2580369812606,0.));
#3390=CARTESIAN_POINT('Ctrl Pts',(30.359601422637,50.6856181500062,0.));
#3391=CARTESIAN_POINT('Ctrl Pts',(19.7476715830357,49.8555037734216,0.));
#3392=CARTESIAN_POINT('Ctrl Pts',(8.5864179787521,47.8055810387236,0.));
#3393=CARTESIAN_POINT('Ctrl Pts',(-2.66623746517154,44.6432543759336,0.));
#3394=CARTESIAN_POINT('Ctrl Pts',(-13.5141816978606,40.5721750436172,0.));
#3395=CARTESIAN_POINT('Ctrl Pts',(-23.4658257942909,35.8557823493406,0.));
#3396=CARTESIAN_POINT('Ctrl Pts',(-32.084420469065,30.7722716097974,0.));
#3397=CARTESIAN_POINT('Ctrl Pts',(-39.0341405020781,25.5754771967701,0.));
#3398=CARTESIAN_POINT('Ctrl Pts',(-44.1375975727127,20.4497331409994,0.));
#3399=CARTESIAN_POINT('Ctrl Pts',(-47.4167748826706,15.4754444979465,0.));
#3400=CARTESIAN_POINT('Ctrl Pts',(-49.1859952088352,10.5662148457843,0.));
#3401=CARTESIAN_POINT('Ctrl Pts',(-49.7997335192317,6.52444374243718,0.));
#3402=CARTESIAN_POINT('Ctrl Pts',(-50.0180202305715,3.33580883824897,0.));
#3403=CARTESIAN_POINT('Ctrl Pts',(-50.0863006953806,1.12594832895177,0.));
#3404=CARTESIAN_POINT('Ctrl Pts',(-50.1011158049721,0.,0.));
#3405=CARTESIAN_POINT('Ctrl Pts',(-50.049085939358,1.99999999997669,2.));
#3406=CARTESIAN_POINT('Ctrl Pts',(-50.0646833074553,1.60536626684395,2.));
#3407=CARTESIAN_POINT('Ctrl Pts',(-50.0775963689759,1.20809051511404,2.));
#3408=CARTESIAN_POINT('Ctrl Pts',(-50.0879412734119,0.808118948350321,2.));
#3409=CARTESIAN_POINT('Ctrl Pts',(-50.095781305143,0.405421987008731,2.));
#3410=CARTESIAN_POINT('Ctrl Pts',(-50.1011158049721,0.,2.));
#3411=CARTESIAN_POINT('Origin',(-35.1011158049721,0.,2.));
#3412=CARTESIAN_POINT('',(-50.1011158049721,2.,2.));
#3413=CARTESIAN_POINT('',(-50.1011158049721,0.,2.));
#3414=CARTESIAN_POINT('',(-50.1011158049721,2.,2.));
#3415=CARTESIAN_POINT('Origin',(-41.6011158049721,0.,7.));
#3416=CARTESIAN_POINT('',(-44.3511158049721,2.,7.));
#3417=CARTESIAN_POINT('Origin',(-41.6011158049721,2.,7.));
#3418=CARTESIAN_POINT('',(-44.3511158049721,0.,7.));
#3419=CARTESIAN_POINT('Origin',(-35.1011158049721,0.,12.));
#3420=CARTESIAN_POINT('',(-35.1011158049721,2.,2.));
#3421=CARTESIAN_POINT('Origin',(-50.1011158049721,0.,2.));
#3422=CARTESIAN_POINT('',(-50.1011158049721,2.,12.));
#3423=CARTESIAN_POINT('Origin',(-42.6011158049721,2.,7.));
#3424=CARTESIAN_POINT('Origin',(6.59832793703435,25.3428090750031,2.));
#3425=CARTESIAN_POINT('Origin',(57.8988841950279,-1.83093226960195E-16,
0.));
#3426=CARTESIAN_POINT('',(57.8988841950279,-1.83093226960195E-16,0.));
#3427=CARTESIAN_POINT('',(57.8988841950279,-1.83093226960195E-16,0.));
#3428=CARTESIAN_POINT('',(57.8988841950279,-1.83093226960195E-16,0.));
#3429=CARTESIAN_POINT('Origin',(37.8988841950279,-5.81103436683085E-16,
0.));
#3430=CARTESIAN_POINT('',(37.8988841950279,-5.81103436683085E-16,0.));
#3431=CARTESIAN_POINT('Origin',(-35.1011158049721,-1.84889274661175E-31,
0.));
#3432=CARTESIAN_POINT('',(-35.1011158049721,-1.84889274661175E-31,0.));
#3433=CARTESIAN_POINT('Origin',(6.59832793703435,25.3428090750031,0.));
#3434=CARTESIAN_POINT('Ctrl Pts',(32.6739581079806,34.8924358059364,2.));
#3435=CARTESIAN_POINT('Ctrl Pts',(32.6739581079806,34.8924358059364,1.6));
#3436=CARTESIAN_POINT('Ctrl Pts',(32.140197360994,34.8427021804134,2.));
#3437=CARTESIAN_POINT('Ctrl Pts',(32.140197360994,34.8427021804134,1.6));
#3438=CARTESIAN_POINT('Ctrl Pts',(31.0727046132417,34.7432376078218,2.));
#3439=CARTESIAN_POINT('Ctrl Pts',(31.0727046132417,34.7432376078218,1.6));
#3440=CARTESIAN_POINT('Ctrl Pts',(30.2575257264917,34.0468802421045,2.));
#3441=CARTESIAN_POINT('Ctrl Pts',(30.2575257264917,34.0468802421045,1.6));
#3442=CARTESIAN_POINT('Ctrl Pts',(29.8499472589815,33.6987109352546,2.));
#3443=CARTESIAN_POINT('Ctrl Pts',(29.8499472589815,33.6987109352546,1.6));
#3444=CARTESIAN_POINT('',(32.6739581079806,34.8924358059364,2.));
#3445=CARTESIAN_POINT('',(29.8499472589815,33.6987109352546,2.));
#3446=CARTESIAN_POINT('Ctrl Pts',(32.6739581079806,34.8924358059364,2.));
#3447=CARTESIAN_POINT('Ctrl Pts',(32.140197360994,34.8427021804134,2.));
#3448=CARTESIAN_POINT('Ctrl Pts',(31.0727046132417,34.7432376078218,2.));
#3449=CARTESIAN_POINT('Ctrl Pts',(30.2575257264917,34.0468802421045,2.));
#3450=CARTESIAN_POINT('Ctrl Pts',(29.8499472589815,33.6987109352546,2.));
#3451=CARTESIAN_POINT('',(29.8499472589815,33.6987109352546,1.6));
#3452=CARTESIAN_POINT('',(29.8499472589815,33.6987109352546,2.));
#3453=CARTESIAN_POINT('',(32.6739581079806,34.8924358059364,1.6));
#3454=CARTESIAN_POINT('Ctrl Pts',(32.6739581079806,34.8924358059364,1.6));
#3455=CARTESIAN_POINT('Ctrl Pts',(32.140197360994,34.8427021804134,1.6));
#3456=CARTESIAN_POINT('Ctrl Pts',(31.0727046132417,34.7432376078218,1.6));
#3457=CARTESIAN_POINT('Ctrl Pts',(30.2575257264917,34.0468802421045,1.6));
#3458=CARTESIAN_POINT('Ctrl Pts',(29.8499472589815,33.6987109352546,1.6));
#3459=CARTESIAN_POINT('',(32.6739581079806,34.8924358059364,2.));
#3460=CARTESIAN_POINT('Ctrl Pts',(35.457042023691,33.6987109352546,2.));
#3461=CARTESIAN_POINT('Ctrl Pts',(35.457042023691,33.6987109352546,1.6));
#3462=CARTESIAN_POINT('Ctrl Pts',(35.0623879185054,34.0468731482044,2.));
#3463=CARTESIAN_POINT('Ctrl Pts',(35.0623879185054,34.0468731482044,1.6));
#3464=CARTESIAN_POINT('Ctrl Pts',(34.2660476050738,34.7494012662259,2.));
#3465=CARTESIAN_POINT('Ctrl Pts',(34.2660476050738,34.7494012662259,1.6));
#3466=CARTESIAN_POINT('Ctrl Pts',(33.2077696569772,34.8444777675584,2.));
#3467=CARTESIAN_POINT('Ctrl Pts',(33.2077696569772,34.8444777675584,1.6));
#3468=CARTESIAN_POINT('Ctrl Pts',(32.6739581079806,34.8924358059364,2.));
#3469=CARTESIAN_POINT('Ctrl Pts',(32.6739581079806,34.8924358059364,1.6));
#3470=CARTESIAN_POINT('',(35.457042023691,33.6987109352546,2.));
#3471=CARTESIAN_POINT('Ctrl Pts',(35.457042023691,33.6987109352546,2.));
#3472=CARTESIAN_POINT('Ctrl Pts',(35.0623879185054,34.0468731482044,2.));
#3473=CARTESIAN_POINT('Ctrl Pts',(34.2660476050738,34.7494012662259,2.));
#3474=CARTESIAN_POINT('Ctrl Pts',(33.2077696569772,34.8444777675584,2.));
#3475=CARTESIAN_POINT('Ctrl Pts',(32.6739581079806,34.8924358059364,2.));
#3476=CARTESIAN_POINT('',(35.457042023691,33.6987109352546,1.6));
#3477=CARTESIAN_POINT('Ctrl Pts',(35.457042023691,33.6987109352546,1.6));
#3478=CARTESIAN_POINT('Ctrl Pts',(35.0623879185054,34.0468731482044,1.6));
#3479=CARTESIAN_POINT('Ctrl Pts',(34.2660476050738,34.7494012662259,1.6));
#3480=CARTESIAN_POINT('Ctrl Pts',(33.2077696569772,34.8444777675584,1.6));
#3481=CARTESIAN_POINT('Ctrl Pts',(32.6739581079806,34.8924358059364,1.6));
#3482=CARTESIAN_POINT('',(35.457042023691,33.6987109352546,2.));
#3483=CARTESIAN_POINT('Ctrl Pts',(36.5620882959689,30.4313166309791,2.));
#3484=CARTESIAN_POINT('Ctrl Pts',(36.5620882959689,30.4313166309791,1.6));
#3485=CARTESIAN_POINT('Ctrl Pts',(36.5297177366008,31.0702744480467,2.));
#3486=CARTESIAN_POINT('Ctrl Pts',(36.5297177366008,31.0702744480467,1.6));
#3487=CARTESIAN_POINT('Ctrl Pts',(36.4690427908146,32.2679284789653,2.));
#3488=CARTESIAN_POINT('Ctrl Pts',(36.4690427908146,32.2679284789653,1.6));
#3489=CARTESIAN_POINT('Ctrl Pts',(35.7789601597177,33.243578057542,2.));
#3490=CARTESIAN_POINT('Ctrl Pts',(35.7789601597177,33.243578057542,1.6));
#3491=CARTESIAN_POINT('Ctrl Pts',(35.457042023691,33.6987109352546,2.));
#3492=CARTESIAN_POINT('Ctrl Pts',(35.457042023691,33.6987109352546,1.6));
#3493=CARTESIAN_POINT('',(36.5620882959689,30.4313166309791,2.));
#3494=CARTESIAN_POINT('Ctrl Pts',(36.5620882959689,30.4313166309791,2.));
#3495=CARTESIAN_POINT('Ctrl Pts',(36.5297177366008,31.0702744480467,2.));
#3496=CARTESIAN_POINT('Ctrl Pts',(36.4690427908146,32.2679284789653,2.));
#3497=CARTESIAN_POINT('Ctrl Pts',(35.7789601597177,33.243578057542,2.));
#3498=CARTESIAN_POINT('Ctrl Pts',(35.457042023691,33.6987109352546,2.));
#3499=CARTESIAN_POINT('',(36.5620882959689,30.4313166309791,1.6));
#3500=CARTESIAN_POINT('Ctrl Pts',(36.5620882959689,30.4313166309791,1.6));
#3501=CARTESIAN_POINT('Ctrl Pts',(36.5297177366008,31.0702744480467,1.6));
#3502=CARTESIAN_POINT('Ctrl Pts',(36.4690427908146,32.2679284789653,1.6));
#3503=CARTESIAN_POINT('Ctrl Pts',(35.7789601597177,33.243578057542,1.6));
#3504=CARTESIAN_POINT('Ctrl Pts',(35.457042023691,33.6987109352546,1.6));
#3505=CARTESIAN_POINT('',(36.5620882959689,30.4313166309791,2.));
#3506=CARTESIAN_POINT('Ctrl Pts',(35.4433997125948,27.0206756760078,2.));
#3507=CARTESIAN_POINT('Ctrl Pts',(35.4433997125948,27.0206756760078,1.6));
#3508=CARTESIAN_POINT('Ctrl Pts',(35.7692778440827,27.4982673187037,2.));
#3509=CARTESIAN_POINT('Ctrl Pts',(35.7692778440827,27.4982673187037,1.6));
#3510=CARTESIAN_POINT('Ctrl Pts',(36.4687447424517,28.5233730644568,2.));
#3511=CARTESIAN_POINT('Ctrl Pts',(36.4687447424517,28.5233730644568,1.6));
#3512=CARTESIAN_POINT('Ctrl Pts',(36.5295903518415,29.7670581890559,2.));
#3513=CARTESIAN_POINT('Ctrl Pts',(36.5295903518415,29.7670581890559,1.6));
#3514=CARTESIAN_POINT('Ctrl Pts',(36.5620882959689,30.4313166309791,2.));
#3515=CARTESIAN_POINT('Ctrl Pts',(36.5620882959689,30.4313166309791,1.6));
#3516=CARTESIAN_POINT('',(35.4433997125948,27.0206756760078,2.));
#3517=CARTESIAN_POINT('Ctrl Pts',(35.4433997125948,27.0206756760078,2.));
#3518=CARTESIAN_POINT('Ctrl Pts',(35.7692778440827,27.4982673187037,2.));
#3519=CARTESIAN_POINT('Ctrl Pts',(36.4687447424517,28.5233730644568,2.));
#3520=CARTESIAN_POINT('Ctrl Pts',(36.5295903518415,29.7670581890559,2.));
#3521=CARTESIAN_POINT('Ctrl Pts',(36.5620882959689,30.4313166309791,2.));
#3522=CARTESIAN_POINT('',(35.4433997125948,27.0206756760078,1.6));
#3523=CARTESIAN_POINT('Ctrl Pts',(35.4433997125948,27.0206756760078,1.6));
#3524=CARTESIAN_POINT('Ctrl Pts',(35.7692778440827,27.4982673187037,1.6));
#3525=CARTESIAN_POINT('Ctrl Pts',(36.4687447424517,28.5233730644568,1.6));
#3526=CARTESIAN_POINT('Ctrl Pts',(36.5295903518415,29.7670581890559,1.6));
#3527=CARTESIAN_POINT('Ctrl Pts',(36.5620882959689,30.4313166309791,1.6));
#3528=CARTESIAN_POINT('',(35.4433997125948,27.0206756760078,2.));
#3529=CARTESIAN_POINT('Ctrl Pts',(32.7694566698397,25.7655592133003,2.));
#3530=CARTESIAN_POINT('Ctrl Pts',(32.7694566698397,25.7655592133003,1.6));
#3531=CARTESIAN_POINT('Ctrl Pts',(33.2736364577942,25.8223604715451,2.));
#3532=CARTESIAN_POINT('Ctrl Pts',(33.2736364577942,25.8223604715451,1.6));
#3533=CARTESIAN_POINT('Ctrl Pts',(34.3049582028795,25.9385499225617,2.));
#3534=CARTESIAN_POINT('Ctrl Pts',(34.3049582028795,25.9385499225617,1.6));
#3535=CARTESIAN_POINT('Ctrl Pts',(35.0583280008463,26.6546524656359,2.));
#3536=CARTESIAN_POINT('Ctrl Pts',(35.0583280008463,26.6546524656359,1.6));
#3537=CARTESIAN_POINT('Ctrl Pts',(35.4433997125948,27.0206756760078,2.));
#3538=CARTESIAN_POINT('Ctrl Pts',(35.4433997125948,27.0206756760078,1.6));
#3539=CARTESIAN_POINT('',(32.7694566698397,25.7655592133003,2.));
#3540=CARTESIAN_POINT('Ctrl Pts',(32.7694566698397,25.7655592133003,2.));
#3541=CARTESIAN_POINT('Ctrl Pts',(33.2736364577942,25.8223604715451,2.));
#3542=CARTESIAN_POINT('Ctrl Pts',(34.3049582028795,25.9385499225617,2.));
#3543=CARTESIAN_POINT('Ctrl Pts',(35.0583280008463,26.6546524656359,2.));
#3544=CARTESIAN_POINT('Ctrl Pts',(35.4433997125948,27.0206756760078,2.));
#3545=CARTESIAN_POINT('',(32.7694566698397,25.7655592133003,1.6));
#3546=CARTESIAN_POINT('Ctrl Pts',(32.7694566698397,25.7655592133003,1.6));
#3547=CARTESIAN_POINT('Ctrl Pts',(33.2736364577942,25.8223604715451,1.6));
#3548=CARTESIAN_POINT('Ctrl Pts',(34.3049582028795,25.9385499225617,1.6));
#3549=CARTESIAN_POINT('Ctrl Pts',(35.0583280008463,26.6546524656359,1.6));
#3550=CARTESIAN_POINT('Ctrl Pts',(35.4433997125948,27.0206756760078,1.6));
#3551=CARTESIAN_POINT('',(32.7694566698397,25.7655592133003,2.));
#3552=CARTESIAN_POINT('Ctrl Pts',(30.7367141695345,26.3726539780098,2.));
#3553=CARTESIAN_POINT('Ctrl Pts',(30.7367141695345,26.3726539780098,1.6));
#3554=CARTESIAN_POINT('Ctrl Pts',(31.0600719352535,26.1956026613652,2.));
#3555=CARTESIAN_POINT('Ctrl Pts',(31.0600719352535,26.1956026613652,1.6));
#3556=CARTESIAN_POINT('Ctrl Pts',(31.6947364432407,25.8480984456651,2.));
#3557=CARTESIAN_POINT('Ctrl Pts',(31.6947364432407,25.8480984456651,1.6));
#3558=CARTESIAN_POINT('Ctrl Pts',(32.4157803266083,25.7927217930614,2.));
#3559=CARTESIAN_POINT('Ctrl Pts',(32.4157803266083,25.7927217930614,1.6));
#3560=CARTESIAN_POINT('Ctrl Pts',(32.7694566698397,25.7655592133003,2.));
#3561=CARTESIAN_POINT('Ctrl Pts',(32.7694566698397,25.7655592133003,1.6));
#3562=CARTESIAN_POINT('',(30.7367141695345,26.3726539780098,2.));
#3563=CARTESIAN_POINT('Ctrl Pts',(30.7367141695345,26.3726539780098,2.));
#3564=CARTESIAN_POINT('Ctrl Pts',(31.0600719352535,26.1956026613652,2.));
#3565=CARTESIAN_POINT('Ctrl Pts',(31.6947364432407,25.8480984456651,2.));
#3566=CARTESIAN_POINT('Ctrl Pts',(32.4157803266083,25.7927217930614,2.));
#3567=CARTESIAN_POINT('Ctrl Pts',(32.7694566698397,25.7655592133003,2.));
#3568=CARTESIAN_POINT('',(30.7367141695345,26.3726539780098,1.6));
#3569=CARTESIAN_POINT('Ctrl Pts',(30.7367141695345,26.3726539780098,1.6));
#3570=CARTESIAN_POINT('Ctrl Pts',(31.0600719352535,26.1956026613652,1.6));
#3571=CARTESIAN_POINT('Ctrl Pts',(31.6947364432407,25.8480984456651,1.6));
#3572=CARTESIAN_POINT('Ctrl Pts',(32.4157803266083,25.7927217930614,1.6));
#3573=CARTESIAN_POINT('Ctrl Pts',(32.7694566698397,25.7655592133003,1.6));
#3574=CARTESIAN_POINT('',(30.7367141695345,26.3726539780098,2.));
#3575=CARTESIAN_POINT('Ctrl Pts',(29.2292101831759,28.1393666435676,2.));
#3576=CARTESIAN_POINT('Ctrl Pts',(29.2292101831759,28.1393666435676,1.6));
#3577=CARTESIAN_POINT('Ctrl Pts',(29.421672427503,27.7790897226869,2.));
#3578=CARTESIAN_POINT('Ctrl Pts',(29.421672427503,27.7790897226869,1.6));
#3579=CARTESIAN_POINT('Ctrl Pts',(29.7954634650491,27.0793769840623,2.));
#3580=CARTESIAN_POINT('Ctrl Pts',(29.7954634650491,27.0793769840623,1.6));
#3581=CARTESIAN_POINT('Ctrl Pts',(30.4292564912065,26.603503648163,2.));
#3582=CARTESIAN_POINT('Ctrl Pts',(30.4292564912065,26.603503648163,1.6));
#3583=CARTESIAN_POINT('Ctrl Pts',(30.7367141695345,26.3726539780098,2.));
#3584=CARTESIAN_POINT('Ctrl Pts',(30.7367141695345,26.3726539780098,1.6));
#3585=CARTESIAN_POINT('',(29.2292101831759,28.1393666435676,2.));
#3586=CARTESIAN_POINT('Ctrl Pts',(29.2292101831759,28.1393666435676,2.));
#3587=CARTESIAN_POINT('Ctrl Pts',(29.421672427503,27.7790897226869,2.));
#3588=CARTESIAN_POINT('Ctrl Pts',(29.7954634650491,27.0793769840623,2.));
#3589=CARTESIAN_POINT('Ctrl Pts',(30.4292564912065,26.603503648163,2.));
#3590=CARTESIAN_POINT('Ctrl Pts',(30.7367141695345,26.3726539780098,2.));
#3591=CARTESIAN_POINT('',(29.2292101831759,28.1393666435676,1.6));
#3592=CARTESIAN_POINT('Ctrl Pts',(29.2292101831759,28.1393666435676,1.6));
#3593=CARTESIAN_POINT('Ctrl Pts',(29.421672427503,27.7790897226869,1.6));
#3594=CARTESIAN_POINT('Ctrl Pts',(29.7954634650491,27.0793769840623,1.6));
#3595=CARTESIAN_POINT('Ctrl Pts',(30.4292564912065,26.603503648163,1.6));
#3596=CARTESIAN_POINT('Ctrl Pts',(30.7367141695345,26.3726539780098,1.6));
#3597=CARTESIAN_POINT('',(29.2292101831759,28.1393666435676,2.));
#3598=CARTESIAN_POINT('Ctrl Pts',(28.6903293581332,30.5677421261268,2.));
#3599=CARTESIAN_POINT('Ctrl Pts',(28.6903293581332,30.5677421261268,1.6));
#3600=CARTESIAN_POINT('Ctrl Pts',(28.7129642823637,30.1489806513912,2.));
#3601=CARTESIAN_POINT('Ctrl Pts',(28.7129642823637,30.1489806513912,1.6));
#3602=CARTESIAN_POINT('Ctrl Pts',(28.7583259566803,29.3097588612127,2.));
#3603=CARTESIAN_POINT('Ctrl Pts',(28.7583259566803,29.3097588612127,1.6));
#3604=CARTESIAN_POINT('Ctrl Pts',(29.0720370920239,28.5300235234478,2.));
#3605=CARTESIAN_POINT('Ctrl Pts',(29.0720370920239,28.5300235234478,1.6));
#3606=CARTESIAN_POINT('Ctrl Pts',(29.2292101831759,28.1393666435676,2.));
#3607=CARTESIAN_POINT('Ctrl Pts',(29.2292101831759,28.1393666435676,1.6));
#3608=CARTESIAN_POINT('',(28.6903293581332,30.5677421261268,2.));
#3609=CARTESIAN_POINT('Ctrl Pts',(28.6903293581332,30.5677421261268,2.));
#3610=CARTESIAN_POINT('Ctrl Pts',(28.7129642823637,30.1489806513912,2.));
#3611=CARTESIAN_POINT('Ctrl Pts',(28.7583259566803,29.3097588612127,2.));
#3612=CARTESIAN_POINT('Ctrl Pts',(29.0720370920239,28.5300235234478,2.));
#3613=CARTESIAN_POINT('Ctrl Pts',(29.2292101831759,28.1393666435676,2.));
#3614=CARTESIAN_POINT('',(28.6903293581332,30.5677421261268,1.6));
#3615=CARTESIAN_POINT('Ctrl Pts',(28.6903293581332,30.5677421261268,1.6));
#3616=CARTESIAN_POINT('Ctrl Pts',(28.7129642823637,30.1489806513912,1.6));
#3617=CARTESIAN_POINT('Ctrl Pts',(28.7583259566803,29.3097588612127,1.6));
#3618=CARTESIAN_POINT('Ctrl Pts',(29.0720370920239,28.5300235234478,1.6));
#3619=CARTESIAN_POINT('Ctrl Pts',(29.2292101831759,28.1393666435676,1.6));
#3620=CARTESIAN_POINT('',(28.6903293581332,30.5677421261268,2.));
#3621=CARTESIAN_POINT('Ctrl Pts',(29.8499472589815,33.6987109352546,2.));
#3622=CARTESIAN_POINT('Ctrl Pts',(29.8499472589815,33.6987109352546,1.6));
#3623=CARTESIAN_POINT('Ctrl Pts',(29.5118921363871,33.2571464206579,2.));
#3624=CARTESIAN_POINT('Ctrl Pts',(29.5118921363871,33.2571464206579,1.6));
#3625=CARTESIAN_POINT('Ctrl Pts',(28.8058631953594,32.3349378641257,2.));
#3626=CARTESIAN_POINT('Ctrl Pts',(28.8058631953594,32.3349378641257,1.6));
#3627=CARTESIAN_POINT('Ctrl Pts',(28.729913453116,31.1732170729108,2.));
#3628=CARTESIAN_POINT('Ctrl Pts',(28.729913453116,31.1732170729108,1.6));
#3629=CARTESIAN_POINT('Ctrl Pts',(28.6903293581332,30.5677421261268,2.));
#3630=CARTESIAN_POINT('Ctrl Pts',(28.6903293581332,30.5677421261268,1.6));
#3631=CARTESIAN_POINT('Ctrl Pts',(29.8499472589815,33.6987109352546,2.));
#3632=CARTESIAN_POINT('Ctrl Pts',(29.5118921363871,33.2571464206579,2.));
#3633=CARTESIAN_POINT('Ctrl Pts',(28.8058631953594,32.3349378641257,2.));
#3634=CARTESIAN_POINT('Ctrl Pts',(28.729913453116,31.1732170729108,2.));
#3635=CARTESIAN_POINT('Ctrl Pts',(28.6903293581332,30.5677421261268,2.));
#3636=CARTESIAN_POINT('Ctrl Pts',(29.8499472589815,33.6987109352546,1.6));
#3637=CARTESIAN_POINT('Ctrl Pts',(29.5118921363871,33.2571464206579,1.6));
#3638=CARTESIAN_POINT('Ctrl Pts',(28.8058631953594,32.3349378641257,1.6));
#3639=CARTESIAN_POINT('Ctrl Pts',(28.729913453116,31.1732170729108,1.6));
#3640=CARTESIAN_POINT('Ctrl Pts',(28.6903293581332,30.5677421261268,1.6));
#3641=CARTESIAN_POINT('Ctrl Pts',(33.0423076601351,44.1693778206306,2.));
#3642=CARTESIAN_POINT('Ctrl Pts',(33.0423076601351,44.1693778206306,1.6));
#3643=CARTESIAN_POINT('Ctrl Pts',(33.781067424282,44.1247931541914,2.));
#3644=CARTESIAN_POINT('Ctrl Pts',(33.781067424282,44.1247931541914,1.6));
#3645=CARTESIAN_POINT('Ctrl Pts',(35.1953497075262,44.0394402331072,2.));
#3646=CARTESIAN_POINT('Ctrl Pts',(35.1953497075262,44.0394402331072,1.6));
#3647=CARTESIAN_POINT('Ctrl Pts',(36.3557276031402,43.2318101351976,2.));
#3648=CARTESIAN_POINT('Ctrl Pts',(36.3557276031402,43.2318101351976,1.6));
#3649=CARTESIAN_POINT('Ctrl Pts',(36.9099743814791,42.846050994535,2.));
#3650=CARTESIAN_POINT('Ctrl Pts',(36.9099743814791,42.846050994535,1.6));
#3651=CARTESIAN_POINT('',(33.0423076601351,44.1693778206306,2.));
#3652=CARTESIAN_POINT('',(36.9099743814791,42.846050994535,2.));
#3653=CARTESIAN_POINT('Ctrl Pts',(33.0423076601351,44.1693778206306,2.));
#3654=CARTESIAN_POINT('Ctrl Pts',(33.781067424282,44.1247931541914,2.));
#3655=CARTESIAN_POINT('Ctrl Pts',(35.1953497075262,44.0394402331072,2.));
#3656=CARTESIAN_POINT('Ctrl Pts',(36.3557276031402,43.2318101351976,2.));
#3657=CARTESIAN_POINT('Ctrl Pts',(36.9099743814791,42.846050994535,2.));
#3658=CARTESIAN_POINT('',(36.9099743814791,42.846050994535,1.6));
#3659=CARTESIAN_POINT('',(36.9099743814791,42.846050994535,2.));
#3660=CARTESIAN_POINT('',(33.0423076601351,44.1693778206306,1.6));
#3661=CARTESIAN_POINT('Ctrl Pts',(33.0423076601351,44.1693778206306,1.6));
#3662=CARTESIAN_POINT('Ctrl Pts',(33.781067424282,44.1247931541914,1.6));
#3663=CARTESIAN_POINT('Ctrl Pts',(35.1953497075262,44.0394402331072,1.6));
#3664=CARTESIAN_POINT('Ctrl Pts',(36.3557276031402,43.2318101351976,1.6));
#3665=CARTESIAN_POINT('Ctrl Pts',(36.9099743814791,42.846050994535,1.6));
#3666=CARTESIAN_POINT('',(33.0423076601351,44.1693778206306,2.));
#3667=CARTESIAN_POINT('Ctrl Pts',(28.0082006903017,41.877429025312,2.));
#3668=CARTESIAN_POINT('Ctrl Pts',(28.0082006903017,41.877429025312,1.6));
#3669=CARTESIAN_POINT('Ctrl Pts',(28.6952303463968,42.5458416075354,2.));
#3670=CARTESIAN_POINT('Ctrl Pts',(28.6952303463968,42.5458416075354,1.6));
#3671=CARTESIAN_POINT('Ctrl Pts',(30.0968617968002,43.9094917626316,2.));
#3672=CARTESIAN_POINT('Ctrl Pts',(30.0968617968002,43.9094917626316,1.6));
#3673=CARTESIAN_POINT('Ctrl Pts',(32.0477004237934,44.0816204603179,2.));
#3674=CARTESIAN_POINT('Ctrl Pts',(32.0477004237934,44.0816204603179,1.6));
#3675=CARTESIAN_POINT('Ctrl Pts',(33.0423076601351,44.1693778206306,2.));
#3676=CARTESIAN_POINT('Ctrl Pts',(33.0423076601351,44.1693778206306,1.6));
#3677=CARTESIAN_POINT('',(28.0082006903017,41.877429025312,2.));
#3678=CARTESIAN_POINT('Ctrl Pts',(28.0082006903017,41.877429025312,2.));
#3679=CARTESIAN_POINT('Ctrl Pts',(28.6952303463968,42.5458416075354,2.));
#3680=CARTESIAN_POINT('Ctrl Pts',(30.0968617968002,43.9094917626316,2.));
#3681=CARTESIAN_POINT('Ctrl Pts',(32.0477004237934,44.0816204603179,2.));
#3682=CARTESIAN_POINT('Ctrl Pts',(33.0423076601351,44.1693778206306,2.));
#3683=CARTESIAN_POINT('',(28.0082006903017,41.877429025312,1.6));
#3684=CARTESIAN_POINT('Ctrl Pts',(28.0082006903017,41.877429025312,1.6));
#3685=CARTESIAN_POINT('Ctrl Pts',(28.6952303463968,42.5458416075354,1.6));
#3686=CARTESIAN_POINT('Ctrl Pts',(30.0968617968002,43.9094917626316,1.6));
#3687=CARTESIAN_POINT('Ctrl Pts',(32.0477004237934,44.0816204603179,1.6));
#3688=CARTESIAN_POINT('Ctrl Pts',(33.0423076601351,44.1693778206306,1.6));
#3689=CARTESIAN_POINT('',(28.0082006903017,41.877429025312,2.));
#3690=CARTESIAN_POINT('Ctrl Pts',(25.8663185091341,33.4463234116035,2.));
#3691=CARTESIAN_POINT('Ctrl Pts',(25.8663185091341,33.4463234116035,1.6));
#3692=CARTESIAN_POINT('Ctrl Pts',(25.8922332569255,35.1579165912219,2.));
#3693=CARTESIAN_POINT('Ctrl Pts',(25.8922332569255,35.1579165912219,1.6));
#3694=CARTESIAN_POINT('Ctrl Pts',(25.9376140906906,38.1551877274563,2.));
#3695=CARTESIAN_POINT('Ctrl Pts',(25.9376140906906,38.1551877274563,1.6));
#3696=CARTESIAN_POINT('Ctrl Pts',(27.3866412249258,40.760067253759,2.));
#3697=CARTESIAN_POINT('Ctrl Pts',(27.3866412249258,40.760067253759,1.6));
#3698=CARTESIAN_POINT('Ctrl Pts',(28.0082006903017,41.877429025312,2.));
#3699=CARTESIAN_POINT('Ctrl Pts',(28.0082006903017,41.877429025312,1.6));
#3700=CARTESIAN_POINT('',(25.8663185091341,33.4463234116035,2.));
#3701=CARTESIAN_POINT('Ctrl Pts',(25.8663185091341,33.4463234116035,2.));
#3702=CARTESIAN_POINT('Ctrl Pts',(25.8922332569255,35.1579165912219,2.));
#3703=CARTESIAN_POINT('Ctrl Pts',(25.9376140906906,38.1551877274563,2.));
#3704=CARTESIAN_POINT('Ctrl Pts',(27.3866412249258,40.760067253759,2.));
#3705=CARTESIAN_POINT('Ctrl Pts',(28.0082006903017,41.877429025312,2.));
#3706=CARTESIAN_POINT('',(25.8663185091341,33.4463234116035,1.6));
#3707=CARTESIAN_POINT('Ctrl Pts',(25.8663185091341,33.4463234116035,1.6));
#3708=CARTESIAN_POINT('Ctrl Pts',(25.8922332569255,35.1579165912219,1.6));
#3709=CARTESIAN_POINT('Ctrl Pts',(25.9376140906906,38.1551877274563,1.6));
#3710=CARTESIAN_POINT('Ctrl Pts',(27.3866412249258,40.760067253759,1.6));
#3711=CARTESIAN_POINT('Ctrl Pts',(28.0082006903017,41.877429025312,1.6));
#3712=CARTESIAN_POINT('',(25.8663185091341,33.4463234116035,2.));
#3713=CARTESIAN_POINT('Ctrl Pts',(27.8035624475802,26.0043044258552,2.));
#3714=CARTESIAN_POINT('Ctrl Pts',(27.8035624475802,26.0043044258552,1.6));
#3715=CARTESIAN_POINT('Ctrl Pts',(27.2416147379528,26.9784241313524,2.));
#3716=CARTESIAN_POINT('Ctrl Pts',(27.2416147379528,26.9784241313524,1.6));
#3717=CARTESIAN_POINT('Ctrl Pts',(25.9224385794714,29.2651769181033,2.));
#3718=CARTESIAN_POINT('Ctrl Pts',(25.9224385794714,29.2651769181033,1.6));
#3719=CARTESIAN_POINT('Ctrl Pts',(25.8867845173779,31.9215324038589,2.));
#3720=CARTESIAN_POINT('Ctrl Pts',(25.8867845173779,31.9215324038589,1.6));
#3721=CARTESIAN_POINT('Ctrl Pts',(25.8663185091341,33.4463234116035,2.));
#3722=CARTESIAN_POINT('Ctrl Pts',(25.8663185091341,33.4463234116035,1.6));
#3723=CARTESIAN_POINT('',(27.8035624475802,26.0043044258552,2.));
#3724=CARTESIAN_POINT('Ctrl Pts',(27.8035624475802,26.0043044258552,2.));
#3725=CARTESIAN_POINT('Ctrl Pts',(27.2416147379528,26.9784241313524,2.));
#3726=CARTESIAN_POINT('Ctrl Pts',(25.9224385794714,29.2651769181033,2.));
#3727=CARTESIAN_POINT('Ctrl Pts',(25.8867845173779,31.9215324038589,2.));
#3728=CARTESIAN_POINT('Ctrl Pts',(25.8663185091341,33.4463234116035,2.));
#3729=CARTESIAN_POINT('',(27.8035624475802,26.0043044258552,1.6));
#3730=CARTESIAN_POINT('Ctrl Pts',(27.8035624475802,26.0043044258552,1.6));
#3731=CARTESIAN_POINT('Ctrl Pts',(27.2416147379528,26.9784241313524,1.6));
#3732=CARTESIAN_POINT('Ctrl Pts',(25.9224385794714,29.2651769181033,1.6));
#3733=CARTESIAN_POINT('Ctrl Pts',(25.8867845173779,31.9215324038589,1.6));
#3734=CARTESIAN_POINT('Ctrl Pts',(25.8663185091341,33.4463234116035,1.6));
#3735=CARTESIAN_POINT('',(27.8035624475802,26.0043044258552,2.));
#3736=CARTESIAN_POINT('Ctrl Pts',(32.8103836031283,23.7464590240913,2.));
#3737=CARTESIAN_POINT('Ctrl Pts',(32.8103836031283,23.7464590240913,1.6));
#3738=CARTESIAN_POINT('Ctrl Pts',(31.8373376304907,23.8371036068846,2.));
#3739=CARTESIAN_POINT('Ctrl Pts',(31.8373376304907,23.8371036068846,1.6));
#3740=CARTESIAN_POINT('Ctrl Pts',(29.9085998572024,24.0167761359259,2.));
#3741=CARTESIAN_POINT('Ctrl Pts',(29.9085998572024,24.0167761359259,1.6));
#3742=CARTESIAN_POINT('Ctrl Pts',(28.5010199312419,25.3457809841985,2.));
#3743=CARTESIAN_POINT('Ctrl Pts',(28.5010199312419,25.3457809841985,1.6));
#3744=CARTESIAN_POINT('Ctrl Pts',(27.8035624475802,26.0043044258552,2.));
#3745=CARTESIAN_POINT('Ctrl Pts',(27.8035624475802,26.0043044258552,1.6));
#3746=CARTESIAN_POINT('',(32.8103836031283,23.7464590240913,2.));
#3747=CARTESIAN_POINT('Ctrl Pts',(32.8103836031283,23.7464590240913,2.));
#3748=CARTESIAN_POINT('Ctrl Pts',(31.8373376304907,23.8371036068846,2.));
#3749=CARTESIAN_POINT('Ctrl Pts',(29.9085998572024,24.0167761359259,2.));
#3750=CARTESIAN_POINT('Ctrl Pts',(28.5010199312419,25.3457809841985,2.));
#3751=CARTESIAN_POINT('Ctrl Pts',(27.8035624475802,26.0043044258552,2.));
#3752=CARTESIAN_POINT('',(32.8103836031283,23.7464590240913,1.6));
#3753=CARTESIAN_POINT('Ctrl Pts',(32.8103836031283,23.7464590240913,1.6));
#3754=CARTESIAN_POINT('Ctrl Pts',(31.8373376304907,23.8371036068846,1.6));
#3755=CARTESIAN_POINT('Ctrl Pts',(29.9085998572024,24.0167761359259,1.6));
#3756=CARTESIAN_POINT('Ctrl Pts',(28.5010199312419,25.3457809841985,1.6));
#3757=CARTESIAN_POINT('Ctrl Pts',(27.8035624475802,26.0043044258552,1.6));
#3758=CARTESIAN_POINT('',(32.8103836031283,23.7464590240913,2.));
#3759=CARTESIAN_POINT('Ctrl Pts',(36.0300286264742,24.6059413124519,2.));
#3760=CARTESIAN_POINT('Ctrl Pts',(36.0300286264742,24.6059413124519,1.6));
#3761=CARTESIAN_POINT('Ctrl Pts',(35.5349206612839,24.3552928503845,2.));
#3762=CARTESIAN_POINT('Ctrl Pts',(35.5349206612839,24.3552928503845,1.6));
#3763=CARTESIAN_POINT('Ctrl Pts',(34.5227472434305,23.8428799457913,2.));
#3764=CARTESIAN_POINT('Ctrl Pts',(34.5227472434305,23.8428799457913,1.6));
#3765=CARTESIAN_POINT('Ctrl Pts',(33.3893671078423,23.7790608160587,2.));
#3766=CARTESIAN_POINT('Ctrl Pts',(33.3893671078423,23.7790608160587,1.6));
#3767=CARTESIAN_POINT('Ctrl Pts',(32.8103836031283,23.7464590240913,2.));
#3768=CARTESIAN_POINT('Ctrl Pts',(32.8103836031283,23.7464590240913,1.6));
#3769=CARTESIAN_POINT('',(36.0300286264742,24.6059413124519,2.));
#3770=CARTESIAN_POINT('Ctrl Pts',(36.0300286264742,24.6059413124519,2.));
#3771=CARTESIAN_POINT('Ctrl Pts',(35.5349206612839,24.3552928503845,2.));
#3772=CARTESIAN_POINT('Ctrl Pts',(34.5227472434305,23.8428799457913,2.));
#3773=CARTESIAN_POINT('Ctrl Pts',(33.3893671078423,23.7790608160587,2.));
#3774=CARTESIAN_POINT('Ctrl Pts',(32.8103836031283,23.7464590240913,2.));
#3775=CARTESIAN_POINT('',(36.0300286264742,24.6059413124519,1.6));
#3776=CARTESIAN_POINT('Ctrl Pts',(36.0300286264742,24.6059413124519,1.6));
#3777=CARTESIAN_POINT('Ctrl Pts',(35.5349206612839,24.3552928503845,1.6));
#3778=CARTESIAN_POINT('Ctrl Pts',(34.5227472434305,23.8428799457913,1.6));
#3779=CARTESIAN_POINT('Ctrl Pts',(33.3893671078423,23.7790608160587,1.6));
#3780=CARTESIAN_POINT('Ctrl Pts',(32.8103836031283,23.7464590240913,1.6));
#3781=CARTESIAN_POINT('',(36.0300286264742,24.6059413124519,2.));
#3782=CARTESIAN_POINT('Ctrl Pts',(38.26058702186,27.0820660759407,2.));
#3783=CARTESIAN_POINT('Ctrl Pts',(38.26058702186,27.0820660759407,1.6));
#3784=CARTESIAN_POINT('Ctrl Pts',(37.9703721560395,26.5782120200589,2.));
#3785=CARTESIAN_POINT('Ctrl Pts',(37.9703721560395,26.5782120200589,1.6));
#3786=CARTESIAN_POINT('Ctrl Pts',(37.4029729420976,25.5931267300946,2.));
#3787=CARTESIAN_POINT('Ctrl Pts',(37.4029729420976,25.5931267300946,1.6));
#3788=CARTESIAN_POINT('Ctrl Pts',(36.4806159836368,24.9299262427243,2.));
#3789=CARTESIAN_POINT('Ctrl Pts',(36.4806159836368,24.9299262427243,1.6));
#3790=CARTESIAN_POINT('Ctrl Pts',(36.0300286264742,24.6059413124519,2.));
#3791=CARTESIAN_POINT('Ctrl Pts',(36.0300286264742,24.6059413124519,1.6));
#3792=CARTESIAN_POINT('',(38.26058702186,27.0820660759407,2.));
#3793=CARTESIAN_POINT('Ctrl Pts',(38.26058702186,27.0820660759407,2.));
#3794=CARTESIAN_POINT('Ctrl Pts',(37.9703721560395,26.5782120200589,2.));
#3795=CARTESIAN_POINT('Ctrl Pts',(37.4029729420976,25.5931267300946,2.));
#3796=CARTESIAN_POINT('Ctrl Pts',(36.4806159836368,24.9299262427243,2.));
#3797=CARTESIAN_POINT('Ctrl Pts',(36.0300286264742,24.6059413124519,2.));
#3798=CARTESIAN_POINT('',(38.26058702186,27.0820660759407,1.6));
#3799=CARTESIAN_POINT('Ctrl Pts',(38.26058702186,27.0820660759407,1.6));
#3800=CARTESIAN_POINT('Ctrl Pts',(37.9703721560395,26.5782120200589,1.6));
#3801=CARTESIAN_POINT('Ctrl Pts',(37.4029729420976,25.5931267300946,1.6));
#3802=CARTESIAN_POINT('Ctrl Pts',(36.4806159836368,24.9299262427243,1.6));
#3803=CARTESIAN_POINT('Ctrl Pts',(36.0300286264742,24.6059413124519,1.6));
#3804=CARTESIAN_POINT('',(38.26058702186,27.0820660759407,2.));
#3805=CARTESIAN_POINT('Ctrl Pts',(39.0723212213839,30.581384437223,2.));
#3806=CARTESIAN_POINT('Ctrl Pts',(39.0723212213839,30.581384437223,1.6));
#3807=CARTESIAN_POINT('Ctrl Pts',(39.0399278727533,29.9677727190214,2.));
#3808=CARTESIAN_POINT('Ctrl Pts',(39.0399278727533,29.9677727190214,1.6));
#3809=CARTESIAN_POINT('Ctrl Pts',(38.9758076234496,28.7531734876973,2.));
#3810=CARTESIAN_POINT('Ctrl Pts',(38.9758076234496,28.7531734876973,1.6));
#3811=CARTESIAN_POINT('Ctrl Pts',(38.4973361895866,27.6352286778511,2.));
#3812=CARTESIAN_POINT('Ctrl Pts',(38.4973361895866,27.6352286778511,1.6));
#3813=CARTESIAN_POINT('Ctrl Pts',(38.26058702186,27.0820660759407,2.));
#3814=CARTESIAN_POINT('Ctrl Pts',(38.26058702186,27.0820660759407,1.6));
#3815=CARTESIAN_POINT('',(39.0723212213839,30.581384437223,2.));
#3816=CARTESIAN_POINT('Ctrl Pts',(39.0723212213839,30.581384437223,2.));
#3817=CARTESIAN_POINT('Ctrl Pts',(39.0399278727533,29.9677727190214,2.));
#3818=CARTESIAN_POINT('Ctrl Pts',(38.9758076234496,28.7531734876973,2.));
#3819=CARTESIAN_POINT('Ctrl Pts',(38.4973361895866,27.6352286778511,2.));
#3820=CARTESIAN_POINT('Ctrl Pts',(38.26058702186,27.0820660759407,2.));
#3821=CARTESIAN_POINT('',(39.0723212213839,30.581384437223,1.6));
#3822=CARTESIAN_POINT('Ctrl Pts',(39.0723212213839,30.581384437223,1.6));
#3823=CARTESIAN_POINT('Ctrl Pts',(39.0399278727533,29.9677727190214,1.6));
#3824=CARTESIAN_POINT('Ctrl Pts',(38.9758076234496,28.7531734876973,1.6));
#3825=CARTESIAN_POINT('Ctrl Pts',(38.4973361895866,27.6352286778511,1.6));
#3826=CARTESIAN_POINT('Ctrl Pts',(38.26058702186,27.0820660759407,1.6));
#3827=CARTESIAN_POINT('',(39.0723212213839,30.581384437223,2.));
#3828=CARTESIAN_POINT('Ctrl Pts',(37.3465378733004,35.2539642025428,2.));
#3829=CARTESIAN_POINT('Ctrl Pts',(37.3465378733004,35.2539642025428,1.6));
#3830=CARTESIAN_POINT('Ctrl Pts',(37.8496904315366,34.5904139521546,2.));
#3831=CARTESIAN_POINT('Ctrl Pts',(37.8496904315366,34.5904139521546,1.6));
#3832=CARTESIAN_POINT('Ctrl Pts',(38.8957740469464,33.2108541475391,2.));
#3833=CARTESIAN_POINT('Ctrl Pts',(38.8957740469464,33.2108541475391,1.6));
#3834=CARTESIAN_POINT('Ctrl Pts',(39.0119989690396,31.4798158955725,2.));
#3835=CARTESIAN_POINT('Ctrl Pts',(39.0119989690396,31.4798158955725,1.6));
#3836=CARTESIAN_POINT('Ctrl Pts',(39.0723212213839,30.581384437223,2.));
#3837=CARTESIAN_POINT('Ctrl Pts',(39.0723212213839,30.581384437223,1.6));
#3838=CARTESIAN_POINT('',(37.3465378733004,35.2539642025428,2.));
#3839=CARTESIAN_POINT('Ctrl Pts',(37.3465378733004,35.2539642025428,2.));
#3840=CARTESIAN_POINT('Ctrl Pts',(37.8496904315366,34.5904139521546,2.));
#3841=CARTESIAN_POINT('Ctrl Pts',(38.8957740469464,33.2108541475391,2.));
#3842=CARTESIAN_POINT('Ctrl Pts',(39.0119989690396,31.4798158955725,2.));
#3843=CARTESIAN_POINT('Ctrl Pts',(39.0723212213839,30.581384437223,2.));
#3844=CARTESIAN_POINT('',(37.3465378733004,35.2539642025428,1.6));
#3845=CARTESIAN_POINT('Ctrl Pts',(37.3465378733004,35.2539642025428,1.6));
#3846=CARTESIAN_POINT('Ctrl Pts',(37.8496904315366,34.5904139521546,1.6));
#3847=CARTESIAN_POINT('Ctrl Pts',(38.8957740469464,33.2108541475391,1.6));
#3848=CARTESIAN_POINT('Ctrl Pts',(39.0119989690396,31.4798158955725,1.6));
#3849=CARTESIAN_POINT('Ctrl Pts',(39.0723212213839,30.581384437223,1.6));
#3850=CARTESIAN_POINT('',(37.3465378733004,35.2539642025428,2.));
#3851=CARTESIAN_POINT('Ctrl Pts',(33.1650908441866,37.0616038013893,2.));
#3852=CARTESIAN_POINT('Ctrl Pts',(33.1650908441866,37.0616038013893,1.6));
#3853=CARTESIAN_POINT('Ctrl Pts',(33.9546464708819,36.984800139949,2.));
#3854=CARTESIAN_POINT('Ctrl Pts',(33.9546464708819,36.984800139949,1.6));
#3855=CARTESIAN_POINT('Ctrl Pts',(35.541641996839,36.8304258780708,2.));
#3856=CARTESIAN_POINT('Ctrl Pts',(35.541641996839,36.8304258780708,1.6));
#3857=CARTESIAN_POINT('Ctrl Pts',(36.7429165838829,35.7811889813845,2.));
#3858=CARTESIAN_POINT('Ctrl Pts',(36.7429165838829,35.7811889813845,1.6));
#3859=CARTESIAN_POINT('Ctrl Pts',(37.3465378733004,35.2539642025428,2.));
#3860=CARTESIAN_POINT('Ctrl Pts',(37.3465378733004,35.2539642025428,1.6));
#3861=CARTESIAN_POINT('',(33.1650908441866,37.0616038013893,2.));
#3862=CARTESIAN_POINT('Ctrl Pts',(33.1650908441866,37.0616038013893,2.));
#3863=CARTESIAN_POINT('Ctrl Pts',(33.9546464708819,36.984800139949,2.));
#3864=CARTESIAN_POINT('Ctrl Pts',(35.541641996839,36.8304258780708,2.));
#3865=CARTESIAN_POINT('Ctrl Pts',(36.7429165838829,35.7811889813845,2.));
#3866=CARTESIAN_POINT('Ctrl Pts',(37.3465378733004,35.2539642025428,2.));
#3867=CARTESIAN_POINT('',(33.1650908441866,37.0616038013893,1.6));
#3868=CARTESIAN_POINT('Ctrl Pts',(33.1650908441866,37.0616038013893,1.6));
#3869=CARTESIAN_POINT('Ctrl Pts',(33.9546464708819,36.984800139949,1.6));
#3870=CARTESIAN_POINT('Ctrl Pts',(35.541641996839,36.8304258780708,1.6));
#3871=CARTESIAN_POINT('Ctrl Pts',(36.7429165838829,35.7811889813845,1.6));
#3872=CARTESIAN_POINT('Ctrl Pts',(37.3465378733004,35.2539642025428,1.6));
#3873=CARTESIAN_POINT('',(33.1650908441866,37.0616038013893,2.));
#3874=CARTESIAN_POINT('Ctrl Pts',(30.4775054903353,36.4067609478431,2.));
#3875=CARTESIAN_POINT('Ctrl Pts',(30.4775054903353,36.4067609478431,1.6));
#3876=CARTESIAN_POINT('Ctrl Pts',(30.9085791908607,36.5977542551337,2.));
#3877=CARTESIAN_POINT('Ctrl Pts',(30.9085791908607,36.5977542551337,1.6));
#3878=CARTESIAN_POINT('Ctrl Pts',(31.7652728581907,36.9773245157615,2.));
#3879=CARTESIAN_POINT('Ctrl Pts',(31.7652728581907,36.9773245157615,1.6));
#3880=CARTESIAN_POINT('Ctrl Pts',(32.7004693437421,37.0336301872934,2.));
#3881=CARTESIAN_POINT('Ctrl Pts',(32.7004693437421,37.0336301872934,1.6));
#3882=CARTESIAN_POINT('Ctrl Pts',(33.1650908441866,37.0616038013893,2.));
#3883=CARTESIAN_POINT('Ctrl Pts',(33.1650908441866,37.0616038013893,1.6));
#3884=CARTESIAN_POINT('',(30.4775054903353,36.4067609478431,2.));
#3885=CARTESIAN_POINT('Ctrl Pts',(30.4775054903353,36.4067609478431,2.));
#3886=CARTESIAN_POINT('Ctrl Pts',(30.9085791908607,36.5977542551337,2.));
#3887=CARTESIAN_POINT('Ctrl Pts',(31.7652728581907,36.9773245157615,2.));
#3888=CARTESIAN_POINT('Ctrl Pts',(32.7004693437421,37.0336301872934,2.));
#3889=CARTESIAN_POINT('Ctrl Pts',(33.1650908441866,37.0616038013893,2.));
#3890=CARTESIAN_POINT('',(30.4775054903353,36.4067609478431,1.6));
#3891=CARTESIAN_POINT('Ctrl Pts',(30.4775054903353,36.4067609478431,1.6));
#3892=CARTESIAN_POINT('Ctrl Pts',(30.9085791908607,36.5977542551337,1.6));
#3893=CARTESIAN_POINT('Ctrl Pts',(31.7652728581907,36.9773245157615,1.6));
#3894=CARTESIAN_POINT('Ctrl Pts',(32.7004693437421,37.0336301872934,1.6));
#3895=CARTESIAN_POINT('Ctrl Pts',(33.1650908441866,37.0616038013893,1.6));
#3896=CARTESIAN_POINT('',(30.4775054903353,36.4067609478431,2.));
#3897=CARTESIAN_POINT('Ctrl Pts',(28.3083374948824,34.4013030697303,2.));
#3898=CARTESIAN_POINT('Ctrl Pts',(28.3083374948824,34.4013030697303,1.6));
#3899=CARTESIAN_POINT('Ctrl Pts',(28.6135739149436,34.8189557527613,2.));
#3900=CARTESIAN_POINT('Ctrl Pts',(28.6135739149436,34.8189557527613,1.6));
#3901=CARTESIAN_POINT('Ctrl Pts',(29.2061238233009,35.6297373069597,2.));
#3902=CARTESIAN_POINT('Ctrl Pts',(29.2061238233009,35.6297373069597,1.6));
#3903=CARTESIAN_POINT('Ctrl Pts',(30.0623443379328,36.1530290917392,2.));
#3904=CARTESIAN_POINT('Ctrl Pts',(30.0623443379328,36.1530290917392,1.6));
#3905=CARTESIAN_POINT('Ctrl Pts',(30.4775054903353,36.4067609478431,2.));
#3906=CARTESIAN_POINT('Ctrl Pts',(30.4775054903353,36.4067609478431,1.6));
#3907=CARTESIAN_POINT('',(28.3083374948824,34.4013030697303,2.));
#3908=CARTESIAN_POINT('Ctrl Pts',(28.3083374948824,34.4013030697303,2.));
#3909=CARTESIAN_POINT('Ctrl Pts',(28.6135739149436,34.8189557527613,2.));
#3910=CARTESIAN_POINT('Ctrl Pts',(29.2061238233009,35.6297373069597,2.));
#3911=CARTESIAN_POINT('Ctrl Pts',(30.0623443379328,36.1530290917392,2.));
#3912=CARTESIAN_POINT('Ctrl Pts',(30.4775054903353,36.4067609478431,2.));
#3913=CARTESIAN_POINT('',(28.3083374948824,34.4013030697303,1.6));
#3914=CARTESIAN_POINT('Ctrl Pts',(28.3083374948824,34.4013030697303,1.6));
#3915=CARTESIAN_POINT('Ctrl Pts',(28.6135739149436,34.8189557527613,1.6));
#3916=CARTESIAN_POINT('Ctrl Pts',(29.2061238233009,35.6297373069597,1.6));
#3917=CARTESIAN_POINT('Ctrl Pts',(30.0623443379328,36.1530290917392,1.6));
#3918=CARTESIAN_POINT('Ctrl Pts',(30.4775054903353,36.4067609478431,1.6));
#3919=CARTESIAN_POINT('',(28.3083374948824,34.4013030697303,2.));
#3920=CARTESIAN_POINT('Ctrl Pts',(29.00410847381,39.0261323620277,2.));
#3921=CARTESIAN_POINT('Ctrl Pts',(29.00410847381,39.0261323620277,1.6));
#3922=CARTESIAN_POINT('Ctrl Pts',(28.8083807777271,38.3744453859467,2.));
#3923=CARTESIAN_POINT('Ctrl Pts',(28.8083807777271,38.3744453859467,1.6));
#3924=CARTESIAN_POINT('Ctrl Pts',(28.3561597430114,36.8687486218607,2.));
#3925=CARTESIAN_POINT('Ctrl Pts',(28.3561597430114,36.8687486218607,1.6));
#3926=CARTESIAN_POINT('Ctrl Pts',(28.3256450147308,35.2943050622965,2.));
#3927=CARTESIAN_POINT('Ctrl Pts',(28.3256450147308,35.2943050622965,1.6));
#3928=CARTESIAN_POINT('Ctrl Pts',(28.3083374948824,34.4013030697303,2.));
#3929=CARTESIAN_POINT('Ctrl Pts',(28.3083374948824,34.4013030697303,1.6));
#3930=CARTESIAN_POINT('',(29.00410847381,39.0261323620277,2.));
#3931=CARTESIAN_POINT('Ctrl Pts',(29.00410847381,39.0261323620277,2.));
#3932=CARTESIAN_POINT('Ctrl Pts',(28.8083807777271,38.3744453859467,2.));
#3933=CARTESIAN_POINT('Ctrl Pts',(28.3561597430114,36.8687486218607,2.));
#3934=CARTESIAN_POINT('Ctrl Pts',(28.3256450147308,35.2943050622965,2.));
#3935=CARTESIAN_POINT('Ctrl Pts',(28.3083374948824,34.4013030697303,2.));
#3936=CARTESIAN_POINT('',(29.00410847381,39.0261323620277,1.6));
#3937=CARTESIAN_POINT('Ctrl Pts',(29.00410847381,39.0261323620277,1.6));
#3938=CARTESIAN_POINT('Ctrl Pts',(28.8083807777271,38.3744453859467,1.6));
#3939=CARTESIAN_POINT('Ctrl Pts',(28.3561597430114,36.8687486218607,1.6));
#3940=CARTESIAN_POINT('Ctrl Pts',(28.3256450147308,35.2943050622965,1.6));
#3941=CARTESIAN_POINT('Ctrl Pts',(28.3083374948824,34.4013030697303,1.6));
#3942=CARTESIAN_POINT('',(29.00410847381,39.0261323620277,2.));
#3943=CARTESIAN_POINT('Ctrl Pts',(30.8322127313937,41.4954371620613,2.));
#3944=CARTESIAN_POINT('Ctrl Pts',(30.8322127313937,41.4954371620613,1.6));
#3945=CARTESIAN_POINT('Ctrl Pts',(30.4609260508994,41.1679939095761,2.));
#3946=CARTESIAN_POINT('Ctrl Pts',(30.4609260508994,41.1679939095761,1.6));
#3947=CARTESIAN_POINT('Ctrl Pts',(29.6766970499419,40.4763706754087,2.));
#3948=CARTESIAN_POINT('Ctrl Pts',(29.6766970499419,40.4763706754087,1.6));
#3949=CARTESIAN_POINT('Ctrl Pts',(29.2361055843116,39.5263655063045,2.));
#3950=CARTESIAN_POINT('Ctrl Pts',(29.2361055843116,39.5263655063045,1.6));
#3951=CARTESIAN_POINT('Ctrl Pts',(29.00410847381,39.0261323620277,2.));
#3952=CARTESIAN_POINT('Ctrl Pts',(29.00410847381,39.0261323620277,1.6));
#3953=CARTESIAN_POINT('',(30.8322127313937,41.4954371620613,2.));
#3954=CARTESIAN_POINT('Ctrl Pts',(30.8322127313937,41.4954371620613,2.));
#3955=CARTESIAN_POINT('Ctrl Pts',(30.4609260508994,41.1679939095761,2.));
#3956=CARTESIAN_POINT('Ctrl Pts',(29.6766970499419,40.4763706754087,2.));
#3957=CARTESIAN_POINT('Ctrl Pts',(29.2361055843116,39.5263655063045,2.));
#3958=CARTESIAN_POINT('Ctrl Pts',(29.00410847381,39.0261323620277,2.));
#3959=CARTESIAN_POINT('',(30.8322127313937,41.4954371620613,1.6));
#3960=CARTESIAN_POINT('Ctrl Pts',(30.8322127313937,41.4954371620613,1.6));
#3961=CARTESIAN_POINT('Ctrl Pts',(30.4609260508994,41.1679939095761,1.6));
#3962=CARTESIAN_POINT('Ctrl Pts',(29.6766970499419,40.4763706754087,1.6));
#3963=CARTESIAN_POINT('Ctrl Pts',(29.2361055843116,39.5263655063045,1.6));
#3964=CARTESIAN_POINT('Ctrl Pts',(29.00410847381,39.0261323620277,1.6));
#3965=CARTESIAN_POINT('',(30.8322127313937,41.4954371620613,2.));
#3966=CARTESIAN_POINT('Ctrl Pts',(32.8922398538912,42.1502800156074,2.));
#3967=CARTESIAN_POINT('Ctrl Pts',(32.8922398538912,42.1502800156074,1.6));
#3968=CARTESIAN_POINT('Ctrl Pts',(32.5156670063258,42.1248769087011,2.));
#3969=CARTESIAN_POINT('Ctrl Pts',(32.5156670063258,42.1248769087011,1.6));
#3970=CARTESIAN_POINT('Ctrl Pts',(31.774974348187,42.0749107603155,2.));
#3971=CARTESIAN_POINT('Ctrl Pts',(31.774974348187,42.0749107603155,1.6));
#3972=CARTESIAN_POINT('Ctrl Pts',(31.1429244503904,41.6864178242134,2.));
#3973=CARTESIAN_POINT('Ctrl Pts',(31.1429244503904,41.6864178242134,1.6));
#3974=CARTESIAN_POINT('Ctrl Pts',(30.8322127313937,41.4954371620613,2.));
#3975=CARTESIAN_POINT('Ctrl Pts',(30.8322127313937,41.4954371620613,1.6));
#3976=CARTESIAN_POINT('',(32.8922398538912,42.1502800156074,2.));
#3977=CARTESIAN_POINT('Ctrl Pts',(32.8922398538912,42.1502800156074,2.));
#3978=CARTESIAN_POINT('Ctrl Pts',(32.5156670063258,42.1248769087011,2.));
#3979=CARTESIAN_POINT('Ctrl Pts',(31.774974348187,42.0749107603155,2.));
#3980=CARTESIAN_POINT('Ctrl Pts',(31.1429244503904,41.6864178242134,2.));
#3981=CARTESIAN_POINT('Ctrl Pts',(30.8322127313937,41.4954371620613,2.));
#3982=CARTESIAN_POINT('',(32.8922398538912,42.1502800156074,1.6));
#3983=CARTESIAN_POINT('Ctrl Pts',(32.8922398538912,42.1502800156074,1.6));
#3984=CARTESIAN_POINT('Ctrl Pts',(32.5156670063258,42.1248769087011,1.6));
#3985=CARTESIAN_POINT('Ctrl Pts',(31.774974348187,42.0749107603155,1.6));
#3986=CARTESIAN_POINT('Ctrl Pts',(31.1429244503904,41.6864178242134,1.6));
#3987=CARTESIAN_POINT('Ctrl Pts',(30.8322127313937,41.4954371620613,1.6));
#3988=CARTESIAN_POINT('',(32.8922398538912,42.1502800156074,2.));
#3989=CARTESIAN_POINT('Ctrl Pts',(35.3479011507357,41.0998029877144,2.));
#3990=CARTESIAN_POINT('Ctrl Pts',(35.3479011507357,41.0998029877144,1.6));
#3991=CARTESIAN_POINT('Ctrl Pts',(34.9960287615539,41.4061916251146,2.));
#3992=CARTESIAN_POINT('Ctrl Pts',(34.9960287615539,41.4061916251146,1.6));
#3993=CARTESIAN_POINT('Ctrl Pts',(34.2906032835495,42.0204323488492,2.));
#3994=CARTESIAN_POINT('Ctrl Pts',(34.2906032835495,42.0204323488492,1.6));
#3995=CARTESIAN_POINT('Ctrl Pts',(33.3591007756695,42.1069287664916,2.));
#3996=CARTESIAN_POINT('Ctrl Pts',(33.3591007756695,42.1069287664916,1.6));
#3997=CARTESIAN_POINT('Ctrl Pts',(32.8922398538912,42.1502800156074,2.));
#3998=CARTESIAN_POINT('Ctrl Pts',(32.8922398538912,42.1502800156074,1.6));
#3999=CARTESIAN_POINT('',(35.3479011507357,41.0998029877144,2.));
#4000=CARTESIAN_POINT('Ctrl Pts',(35.3479011507357,41.0998029877144,2.));
#4001=CARTESIAN_POINT('Ctrl Pts',(34.9960287615539,41.4061916251146,2.));
#4002=CARTESIAN_POINT('Ctrl Pts',(34.2906032835495,42.0204323488492,2.));
#4003=CARTESIAN_POINT('Ctrl Pts',(33.3591007756695,42.1069287664916,2.));
#4004=CARTESIAN_POINT('Ctrl Pts',(32.8922398538912,42.1502800156074,2.));
#4005=CARTESIAN_POINT('',(35.3479011507357,41.0998029877144,1.6));
#4006=CARTESIAN_POINT('Ctrl Pts',(35.3479011507357,41.0998029877144,1.6));
#4007=CARTESIAN_POINT('Ctrl Pts',(34.9960287615539,41.4061916251146,1.6));
#4008=CARTESIAN_POINT('Ctrl Pts',(34.2906032835495,42.0204323488492,1.6));
#4009=CARTESIAN_POINT('Ctrl Pts',(33.3591007756695,42.1069287664916,1.6));
#4010=CARTESIAN_POINT('Ctrl Pts',(32.8922398538912,42.1502800156074,1.6));
#4011=CARTESIAN_POINT('',(35.3479011507357,41.0998029877144,2.));
#4012=CARTESIAN_POINT('Ctrl Pts',(36.2755949945773,38.9988477398353,2.));
#4013=CARTESIAN_POINT('Ctrl Pts',(36.2755949945773,38.9988477398353,1.6));
#4014=CARTESIAN_POINT('Ctrl Pts',(36.1717786300254,39.427897531655,2.));
#4015=CARTESIAN_POINT('Ctrl Pts',(36.1717786300254,39.427897531655,1.6));
#4016=CARTESIAN_POINT('Ctrl Pts',(35.9882823415328,40.186246610023,2.));
#4017=CARTESIAN_POINT('Ctrl Pts',(35.9882823415328,40.186246610023,1.6));
#4018=CARTESIAN_POINT('Ctrl Pts',(35.5417846484273,40.823212250212,2.));
#4019=CARTESIAN_POINT('Ctrl Pts',(35.5417846484273,40.823212250212,1.6));
#4020=CARTESIAN_POINT('Ctrl Pts',(35.3479011507357,41.0998029877144,2.));
#4021=CARTESIAN_POINT('Ctrl Pts',(35.3479011507357,41.0998029877144,1.6));
#4022=CARTESIAN_POINT('',(36.2755949945773,38.9988477398353,2.));
#4023=CARTESIAN_POINT('Ctrl Pts',(36.2755949945773,38.9988477398353,2.));
#4024=CARTESIAN_POINT('Ctrl Pts',(36.1717786300254,39.427897531655,2.));
#4025=CARTESIAN_POINT('Ctrl Pts',(35.9882823415328,40.186246610023,2.));
#4026=CARTESIAN_POINT('Ctrl Pts',(35.5417846484273,40.823212250212,2.));
#4027=CARTESIAN_POINT('Ctrl Pts',(35.3479011507357,41.0998029877144,2.));
#4028=CARTESIAN_POINT('',(36.2755949945773,38.9988477398353,1.6));
#4029=CARTESIAN_POINT('Ctrl Pts',(36.2755949945773,38.9988477398353,1.6));
#4030=CARTESIAN_POINT('Ctrl Pts',(36.1717786300254,39.427897531655,1.6));
#4031=CARTESIAN_POINT('Ctrl Pts',(35.9882823415328,40.186246610023,1.6));
#4032=CARTESIAN_POINT('Ctrl Pts',(35.5417846484273,40.823212250212,1.6));
#4033=CARTESIAN_POINT('Ctrl Pts',(35.3479011507357,41.0998029877144,1.6));
#4034=CARTESIAN_POINT('',(36.2755949945773,38.9988477398353,2.));
#4035=CARTESIAN_POINT('Origin',(38.7176163645113,39.1898436714607,2.));
#4036=CARTESIAN_POINT('',(38.7176163645113,39.1898436714607,2.));
#4037=CARTESIAN_POINT('',(38.7176163645113,39.1898436714607,2.));
#4038=CARTESIAN_POINT('',(38.7176163645113,39.1898436714607,1.6));
#4039=CARTESIAN_POINT('',(38.7176163645113,39.1898436714607,1.6));
#4040=CARTESIAN_POINT('',(38.7176163645113,39.1898436714607,2.));
#4041=CARTESIAN_POINT('Ctrl Pts',(36.9099743814791,42.846050994535,2.));
#4042=CARTESIAN_POINT('Ctrl Pts',(36.9099743814791,42.846050994535,1.6));
#4043=CARTESIAN_POINT('Ctrl Pts',(37.363991596756,42.3471212974448,2.));
#4044=CARTESIAN_POINT('Ctrl Pts',(37.363991596756,42.3471212974448,1.6));
#4045=CARTESIAN_POINT('Ctrl Pts',(38.3136202247496,41.3035531071417,2.));
#4046=CARTESIAN_POINT('Ctrl Pts',(38.3136202247496,41.3035531071417,1.6));
#4047=CARTESIAN_POINT('Ctrl Pts',(38.5790752973395,39.9146910947133,2.));
#4048=CARTESIAN_POINT('Ctrl Pts',(38.5790752973395,39.9146910947133,1.6));
#4049=CARTESIAN_POINT('Ctrl Pts',(38.7176163645113,39.1898436714607,2.));
#4050=CARTESIAN_POINT('Ctrl Pts',(38.7176163645113,39.1898436714607,1.6));
#4051=CARTESIAN_POINT('Ctrl Pts',(36.9099743814791,42.846050994535,2.));
#4052=CARTESIAN_POINT('Ctrl Pts',(37.363991596756,42.3471212974448,2.));
#4053=CARTESIAN_POINT('Ctrl Pts',(38.3136202247496,41.3035531071417,2.));
#4054=CARTESIAN_POINT('Ctrl Pts',(38.5790752973395,39.9146910947133,2.));
#4055=CARTESIAN_POINT('Ctrl Pts',(38.7176163645113,39.1898436714607,2.));
#4056=CARTESIAN_POINT('Ctrl Pts',(36.9099743814791,42.846050994535,1.6));
#4057=CARTESIAN_POINT('Ctrl Pts',(37.363991596756,42.3471212974448,1.6));
#4058=CARTESIAN_POINT('Ctrl Pts',(38.3136202247496,41.3035531071417,1.6));
#4059=CARTESIAN_POINT('Ctrl Pts',(38.5790752973395,39.9146910947133,1.6));
#4060=CARTESIAN_POINT('Ctrl Pts',(38.7176163645113,39.1898436714607,1.6));
#4061=CARTESIAN_POINT('Origin',(24.3519942799235,33.957918422361,2.));
#4062=CARTESIAN_POINT('Origin',(24.3519942799235,33.957918422361,1.6));
#4063=CARTESIAN_POINT('Origin',(18.3083386869753,40.1448233295875,2.));
#4064=CARTESIAN_POINT('',(18.3083386869753,40.1448233295875,2.));
#4065=CARTESIAN_POINT('',(12.0464013667429,31.1270876099067,2.));
#4066=CARTESIAN_POINT('',(18.3083386869753,40.1448233295875,2.));
#4067=CARTESIAN_POINT('',(12.0464013667429,31.1270876099067,1.6));
#4068=CARTESIAN_POINT('',(12.0464013667429,31.1270876099067,2.));
#4069=CARTESIAN_POINT('',(18.3083386869753,40.1448233295875,1.6));
#4070=CARTESIAN_POINT('',(18.3083386869753,40.1448233295875,1.6));
#4071=CARTESIAN_POINT('',(18.3083386869753,40.1448233295875,2.));
#4072=CARTESIAN_POINT('Origin',(18.3083386869753,31.1270876099067,2.));
#4073=CARTESIAN_POINT('',(18.3083386869753,31.1270876099067,2.));
#4074=CARTESIAN_POINT('',(18.3083386869753,31.1270876099067,2.));
#4075=CARTESIAN_POINT('',(18.3083386869753,31.1270876099067,1.6));
#4076=CARTESIAN_POINT('',(18.3083386869753,31.1270876099067,1.6));
#4077=CARTESIAN_POINT('',(18.3083386869753,31.1270876099067,2.));
#4078=CARTESIAN_POINT('Origin',(12.0464013667429,31.1270876099067,2.));
#4079=CARTESIAN_POINT('',(12.0464013667429,31.1270876099067,2.));
#4080=CARTESIAN_POINT('',(12.0464013667429,31.1270876099067,1.6));
#4081=CARTESIAN_POINT('Origin',(20.7640011759127,28.8760633636909,2.));
#4082=CARTESIAN_POINT('',(20.7640011759127,28.8760633636909,2.));
#4083=CARTESIAN_POINT('',(20.7640011759127,24.0875239540535,2.));
#4084=CARTESIAN_POINT('',(20.7640011759127,28.8760633636909,2.));
#4085=CARTESIAN_POINT('',(20.7640011759127,24.0875239540535,1.6));
#4086=CARTESIAN_POINT('',(20.7640011759127,24.0875239540535,2.));
#4087=CARTESIAN_POINT('',(20.7640011759127,28.8760633636909,1.6));
#4088=CARTESIAN_POINT('',(20.7640011759127,28.8760633636909,1.6));
#4089=CARTESIAN_POINT('',(20.7640011759127,28.8760633636909,2.));
#4090=CARTESIAN_POINT('Origin',(23.4652288408602,28.8760633636909,2.));
#4091=CARTESIAN_POINT('',(23.4652288408602,28.8760633636909,2.));
#4092=CARTESIAN_POINT('',(23.4652288408602,28.8760633636909,2.));
#4093=CARTESIAN_POINT('',(23.4652288408602,28.8760633636909,1.6));
#4094=CARTESIAN_POINT('',(23.4652288408602,28.8760633636909,1.6));
#4095=CARTESIAN_POINT('',(23.4652288408602,28.8760633636909,2.));
#4096=CARTESIAN_POINT('Origin',(23.4652288408602,31.1270876099067,2.));
#4097=CARTESIAN_POINT('',(23.4652288408602,31.1270876099067,2.));
#4098=CARTESIAN_POINT('',(23.4652288408602,31.1270876099067,2.));
#4099=CARTESIAN_POINT('',(23.4652288408602,31.1270876099067,1.6));
#4100=CARTESIAN_POINT('',(23.4652288408602,31.1270876099067,1.6));
#4101=CARTESIAN_POINT('',(23.4652288408602,31.1270876099067,2.));
#4102=CARTESIAN_POINT('Origin',(20.7640011759127,31.1270876099067,2.));
#4103=CARTESIAN_POINT('',(20.7640011759127,31.1270876099067,2.));
#4104=CARTESIAN_POINT('',(20.7640011759127,31.1270876099067,2.));
#4105=CARTESIAN_POINT('',(20.7640011759127,31.1270876099067,1.6));
#4106=CARTESIAN_POINT('',(20.7640011759127,31.1270876099067,1.6));
#4107=CARTESIAN_POINT('',(20.7640011759127,31.1270876099067,2.));
#4108=CARTESIAN_POINT('Origin',(20.7640011759127,44.0875239540535,2.));
#4109=CARTESIAN_POINT('',(20.7640011759127,44.0875239540535,2.));
#4110=CARTESIAN_POINT('',(20.7640011759127,44.0875239540535,2.));
#4111=CARTESIAN_POINT('',(20.7640011759127,44.0875239540535,1.6));
#4112=CARTESIAN_POINT('',(20.7640011759127,44.0875239540535,1.6));
#4113=CARTESIAN_POINT('',(20.7640011759127,44.0875239540535,2.));
#4114=CARTESIAN_POINT('Origin',(18.7585432977999,44.0875239540535,2.));
#4115=CARTESIAN_POINT('',(18.7585432977999,44.0875239540535,2.));
#4116=CARTESIAN_POINT('',(18.7585432977999,44.0875239540535,2.));
#4117=CARTESIAN_POINT('',(18.7585432977999,44.0875239540535,1.6));
#4118=CARTESIAN_POINT('',(18.7585432977999,44.0875239540535,1.6));
#4119=CARTESIAN_POINT('',(18.7585432977999,44.0875239540535,2.));
#4120=CARTESIAN_POINT('Origin',(9.63166733846315,31.1270876099067,2.));
#4121=CARTESIAN_POINT('',(9.63166733846315,31.1270876099067,2.));
#4122=CARTESIAN_POINT('',(9.63166733846315,31.1270876099067,2.));
#4123=CARTESIAN_POINT('',(9.63166733846315,31.1270876099067,1.6));
#4124=CARTESIAN_POINT('',(9.63166733846315,31.1270876099067,1.6));
#4125=CARTESIAN_POINT('',(9.63166733846315,31.1270876099067,2.));
#4126=CARTESIAN_POINT('Origin',(9.63166733846315,28.8760633636909,2.));
#4127=CARTESIAN_POINT('',(9.63166733846315,28.8760633636909,2.));
#4128=CARTESIAN_POINT('',(9.63166733846315,28.8760633636909,2.));
#4129=CARTESIAN_POINT('',(9.63166733846315,28.8760633636909,1.6));
#4130=CARTESIAN_POINT('',(9.63166733846315,28.8760633636909,1.6));
#4131=CARTESIAN_POINT('',(9.63166733846315,28.8760633636909,2.));
#4132=CARTESIAN_POINT('Origin',(18.3083386869753,28.8760633636909,2.));
#4133=CARTESIAN_POINT('',(18.3083386869753,28.8760633636909,2.));
#4134=CARTESIAN_POINT('',(18.3083386869753,28.8760633636909,2.));
#4135=CARTESIAN_POINT('',(18.3083386869753,28.8760633636909,1.6));
#4136=CARTESIAN_POINT('',(18.3083386869753,28.8760633636909,1.6));
#4137=CARTESIAN_POINT('',(18.3083386869753,28.8760633636909,2.));
#4138=CARTESIAN_POINT('Origin',(18.3083386869753,24.0875239540535,2.));
#4139=CARTESIAN_POINT('',(18.3083386869753,24.0875239540535,2.));
#4140=CARTESIAN_POINT('',(18.3083386869753,24.0875239540535,2.));
#4141=CARTESIAN_POINT('',(18.3083386869753,24.0875239540535,1.6));
#4142=CARTESIAN_POINT('',(18.3083386869753,24.0875239540535,1.6));
#4143=CARTESIAN_POINT('',(18.3083386869753,24.0875239540535,2.));
#4144=CARTESIAN_POINT('Origin',(20.7640011759127,24.0875239540535,2.));
#4145=CARTESIAN_POINT('',(20.7640011759127,24.0875239540535,2.));
#4146=CARTESIAN_POINT('',(20.7640011759127,24.0875239540535,1.6));
#4147=CARTESIAN_POINT('Origin',(24.3519942799235,33.957918422361,2.));
#4148=CARTESIAN_POINT('Origin',(24.3519942799235,33.957918422361,1.6));
#4149=CARTESIAN_POINT('',(0.,0.,0.));
#4150=UNCERTAINTY_MEASURE_WITH_UNIT(LENGTH_MEASURE(0.01),#4156,
'DISTANCE_ACCURACY_VALUE',
'Maximum model space distance between geometric entities at asserted c
onnectivities');
#4151=UNCERTAINTY_MEASURE_WITH_UNIT(LENGTH_MEASURE(0.01),#4156,
'DISTANCE_ACCURACY_VALUE',
'Maximum model space distance between geometric entities at asserted c
onnectivities');
#4152=UNCERTAINTY_MEASURE_WITH_UNIT(LENGTH_MEASURE(0.01),#4156,
'DISTANCE_ACCURACY_VALUE',
'Maximum model space distance between geometric entities at asserted c
onnectivities');
#4153=(
GEOMETRIC_REPRESENTATION_CONTEXT(3)
GLOBAL_UNCERTAINTY_ASSIGNED_CONTEXT((#4150))
GLOBAL_UNIT_ASSIGNED_CONTEXT((#4156,#4158,#4159))
REPRESENTATION_CONTEXT('','3D')
);
#4154=(
GEOMETRIC_REPRESENTATION_CONTEXT(3)
GLOBAL_UNCERTAINTY_ASSIGNED_CONTEXT((#4151))
GLOBAL_UNIT_ASSIGNED_CONTEXT((#4156,#4158,#4159))
REPRESENTATION_CONTEXT('','3D')
);
#4155=(
GEOMETRIC_REPRESENTATION_CONTEXT(3)
GLOBAL_UNCERTAINTY_ASSIGNED_CONTEXT((#4152))
GLOBAL_UNIT_ASSIGNED_CONTEXT((#4156,#4158,#4159))
REPRESENTATION_CONTEXT('','3D')
);
#4156=(
LENGTH_UNIT()
NAMED_UNIT(*)
SI_UNIT(.MILLI.,.METRE.)
);
#4157=(
LENGTH_UNIT()
NAMED_UNIT(*)
SI_UNIT($,.METRE.)
);
#4158=(
NAMED_UNIT(*)
PLANE_ANGLE_UNIT()
SI_UNIT($,.RADIAN.)
);
#4159=(
NAMED_UNIT(*)
SI_UNIT($,.STERADIAN.)
SOLID_ANGLE_UNIT()
);
#4160=SHAPE_DEFINITION_REPRESENTATION(#4162,#4165);
#4161=SHAPE_DEFINITION_REPRESENTATION(#4163,#4166);
#4162=PRODUCT_DEFINITION_SHAPE('',$,#4168);
#4163=PRODUCT_DEFINITION_SHAPE('',$,#4169);
#4164=PRODUCT_DEFINITION_SHAPE($,$,#14);
#4165=SHAPE_REPRESENTATION('',(#2099,#2167),#4153);
#4166=SHAPE_REPRESENTATION('',(#2100),#4154);
#4167=PRODUCT_DEFINITION_CONTEXT('part definition',#4175,'design');
#4168=PRODUCT_DEFINITION('bandiera','bandiera v5',#4170,#4167);
#4169=PRODUCT_DEFINITION('Componente1','Componente1',#4171,#4167);
#4170=PRODUCT_DEFINITION_FORMATION('',$,#4177);
#4171=PRODUCT_DEFINITION_FORMATION('',$,#4178);
#4172=PRODUCT_RELATED_PRODUCT_CATEGORY('bandiera v5','bandiera v5',(#4177));
#4173=PRODUCT_RELATED_PRODUCT_CATEGORY('Componente1','Componente1',(#4178));
#4174=APPLICATION_PROTOCOL_DEFINITION('international standard',
'automotive_design',2009,#4175);
#4175=APPLICATION_CONTEXT(
'Core Data for Automotive Mechanical Design Process');
#4176=PRODUCT_CONTEXT('part definition',#4175,'mechanical');
#4177=PRODUCT('bandiera','bandiera v5',$,(#4176));
#4178=PRODUCT('Componente1','Componente1',$,(#4176));
#4179=PRESENTATION_STYLE_ASSIGNMENT((#4182));
#4180=PRESENTATION_STYLE_ASSIGNMENT((#4183));
#4181=PRESENTATION_STYLE_ASSIGNMENT((#4184));
#4182=SURFACE_STYLE_USAGE(.BOTH.,#4185);
#4183=SURFACE_STYLE_USAGE(.BOTH.,#4186);
#4184=SURFACE_STYLE_USAGE(.BOTH.,#4187);
#4185=SURFACE_SIDE_STYLE('',(#4188));
#4186=SURFACE_SIDE_STYLE('',(#4189));
#4187=SURFACE_SIDE_STYLE('',(#4190));
#4188=SURFACE_STYLE_FILL_AREA(#4191);
#4189=SURFACE_STYLE_FILL_AREA(#4192);
#4190=SURFACE_STYLE_FILL_AREA(#4193);
#4191=FILL_AREA_STYLE('Acciaio - Satinato',(#4194));
#4192=FILL_AREA_STYLE('Plastica - Opaco (giallo)',(#4195));
#4193=FILL_AREA_STYLE('Plastica - Opaco (blu)',(#4196));
#4194=FILL_AREA_STYLE_COLOUR('Acciaio - Satinato',#4197);
#4195=FILL_AREA_STYLE_COLOUR('Plastica - Opaco (giallo)',#4198);
#4196=FILL_AREA_STYLE_COLOUR('Plastica - Opaco (blu)',#4199);
#4197=COLOUR_RGB('Acciaio - Satinato',0.627450980392157,0.627450980392157,
0.627450980392157);
#4198=COLOUR_RGB('Plastica - Opaco (giallo)',0.909803921568627,0.67843137254902,
0.137254901960784);
#4199=COLOUR_RGB('Plastica - Opaco (blu)',0.188235294117647,0.231372549019608,
0.588235294117647);
ENDSEC;
END-ISO-10303-21;
