ISO-10303-21;
HEADER;
/* Generated by software containing ST-Developer
 * from STEP Tools, Inc. (www.steptools.com) 
 */

FILE_DESCRIPTION(
/* description */ ('',
'CAx-IF Rec.Pracs.---Representation and Presentation of Product Manufa
cturing Information (PMI)---4.0---2014-10-13'),
/* implementation_level */ '2;1');

FILE_NAME(
/* name */ '10 quadrante per taglio.step',
/* time_stamp */ '2025-01-26T15:52:39+01:00',
/* author */ (''),
/* organization */ (''),
/* preprocessor_version */ 'ST-DEVELOPER v20',
/* originating_system */ 'Autodesk Translation Framework v13.20.0.188',

/* authorisation */ '');

FILE_SCHEMA (('AP242_MANAGED_MODEL_BASED_3D_ENGINEERING_MIM_LF { 1 0 10303 442 1 1 4 }'));
ENDSEC;

DATA;
#10=MECHANICAL_DESIGN_GEOMETRIC_PRESENTATION_REPRESENTATION('',(#13),#2727);
#11=SHAPE_REPRESENTATION_RELATIONSHIP('SRR','None',#2734,#12);
#12=ADVANCED_BREP_SHAPE_REPRESENTATION('',(#14),#2726);
#13=STYLED_ITEM('',(#2744),#14);
#14=MANIFOLD_SOLID_BREP('Corpo1',#1627);
#15=CYLINDRICAL_SURFACE('',#1708,2.5);
#16=CYLINDRICAL_SURFACE('',#1711,2.5);
#17=CYLINDRICAL_SURFACE('',#1721,2.5);
#18=CYLINDRICAL_SURFACE('',#1724,2.5);
#19=CYLINDRICAL_SURFACE('',#1734,2.5);
#20=CYLINDRICAL_SURFACE('',#1737,2.5);
#21=CYLINDRICAL_SURFACE('',#1747,58.);
#22=CYLINDRICAL_SURFACE('',#1750,6.);
#23=CYLINDRICAL_SURFACE('',#1753,6.);
#24=CYLINDRICAL_SURFACE('',#1757,6.00000000000001);
#25=CYLINDRICAL_SURFACE('',#1759,58.);
#26=CYLINDRICAL_SURFACE('',#1762,6.00000000000001);
#27=CYLINDRICAL_SURFACE('',#1767,58.);
#28=CYLINDRICAL_SURFACE('',#1770,6.);
#29=CYLINDRICAL_SURFACE('',#1773,6.);
#30=CYLINDRICAL_SURFACE('',#1777,12.5);
#31=CYLINDRICAL_SURFACE('',#1779,35.);
#32=CYLINDRICAL_SURFACE('',#1781,19.);
#33=CYLINDRICAL_SURFACE('',#1783,60.);
#34=FACE_BOUND('',#201,.T.);
#35=FACE_BOUND('',#202,.T.);
#36=FACE_BOUND('',#203,.T.);
#37=FACE_BOUND('',#204,.T.);
#38=FACE_BOUND('',#205,.T.);
#39=FACE_BOUND('',#206,.T.);
#40=FACE_BOUND('',#207,.T.);
#41=FACE_BOUND('',#208,.T.);
#42=FACE_BOUND('',#209,.T.);
#43=FACE_BOUND('',#210,.T.);
#44=FACE_BOUND('',#211,.T.);
#45=FACE_BOUND('',#212,.T.);
#46=FACE_BOUND('',#296,.T.);
#47=FACE_BOUND('',#297,.T.);
#48=CIRCLE('',#1645,19.);
#49=CIRCLE('',#1647,60.);
#50=CIRCLE('',#1648,19.);
#51=CIRCLE('',#1649,35.);
#52=CIRCLE('',#1650,19.);
#53=CIRCLE('',#1651,19.);
#54=CIRCLE('',#1652,12.5);
#55=CIRCLE('',#1657,19.);
#56=CIRCLE('',#1709,2.5);
#57=CIRCLE('',#1710,2.5);
#58=CIRCLE('',#1712,2.5);
#59=CIRCLE('',#1713,2.5);
#60=CIRCLE('',#1715,60.);
#61=CIRCLE('',#1716,58.);
#62=CIRCLE('',#1718,58.);
#63=CIRCLE('',#1719,6.00000000000001);
#64=CIRCLE('',#1720,60.);
#65=CIRCLE('',#1722,2.5);
#66=CIRCLE('',#1723,2.5);
#67=CIRCLE('',#1725,2.5);
#68=CIRCLE('',#1726,2.5);
#69=CIRCLE('',#1728,60.);
#70=CIRCLE('',#1729,58.);
#71=CIRCLE('',#1731,58.);
#72=CIRCLE('',#1732,6.);
#73=CIRCLE('',#1733,60.);
#74=CIRCLE('',#1735,2.5);
#75=CIRCLE('',#1736,2.5);
#76=CIRCLE('',#1738,2.5);
#77=CIRCLE('',#1739,2.5);
#78=CIRCLE('',#1741,60.);
#79=CIRCLE('',#1742,58.);
#80=CIRCLE('',#1744,58.);
#81=CIRCLE('',#1745,6.);
#82=CIRCLE('',#1746,60.);
#83=CIRCLE('',#1748,58.);
#84=CIRCLE('',#1749,58.);
#85=CIRCLE('',#1751,6.);
#86=CIRCLE('',#1752,6.);
#87=CIRCLE('',#1754,6.);
#88=CIRCLE('',#1756,60.);
#89=CIRCLE('',#1758,6.00000000000001);
#90=CIRCLE('',#1760,58.);
#91=CIRCLE('',#1761,58.);
#92=CIRCLE('',#1763,6.00000000000001);
#93=CIRCLE('',#1764,6.00000000000001);
#94=CIRCLE('',#1766,60.);
#95=CIRCLE('',#1768,58.);
#96=CIRCLE('',#1769,58.);
#97=CIRCLE('',#1771,6.);
#98=CIRCLE('',#1772,6.);
#99=CIRCLE('',#1774,6.);
#100=CIRCLE('',#1776,60.);
#101=CIRCLE('',#1778,12.5);
#102=CIRCLE('',#1780,35.);
#103=CIRCLE('',#1782,19.);
#104=CIRCLE('',#1784,60.);
#105=CIRCLE('',#1785,60.);
#106=CIRCLE('',#1786,60.);
#107=CIRCLE('',#1787,60.);
#108=FACE_OUTER_BOUND('',#196,.T.);
#109=FACE_OUTER_BOUND('',#197,.T.);
#110=FACE_OUTER_BOUND('',#198,.T.);
#111=FACE_OUTER_BOUND('',#199,.T.);
#112=FACE_OUTER_BOUND('',#200,.T.);
#113=FACE_OUTER_BOUND('',#213,.T.);
#114=FACE_OUTER_BOUND('',#214,.T.);
#115=FACE_OUTER_BOUND('',#215,.T.);
#116=FACE_OUTER_BOUND('',#216,.T.);
#117=FACE_OUTER_BOUND('',#217,.T.);
#118=FACE_OUTER_BOUND('',#218,.T.);
#119=FACE_OUTER_BOUND('',#219,.T.);
#120=FACE_OUTER_BOUND('',#220,.T.);
#121=FACE_OUTER_BOUND('',#221,.T.);
#122=FACE_OUTER_BOUND('',#222,.T.);
#123=FACE_OUTER_BOUND('',#223,.T.);
#124=FACE_OUTER_BOUND('',#224,.T.);
#125=FACE_OUTER_BOUND('',#225,.T.);
#126=FACE_OUTER_BOUND('',#226,.T.);
#127=FACE_OUTER_BOUND('',#227,.T.);
#128=FACE_OUTER_BOUND('',#228,.T.);
#129=FACE_OUTER_BOUND('',#229,.T.);
#130=FACE_OUTER_BOUND('',#230,.T.);
#131=FACE_OUTER_BOUND('',#231,.T.);
#132=FACE_OUTER_BOUND('',#232,.T.);
#133=FACE_OUTER_BOUND('',#233,.T.);
#134=FACE_OUTER_BOUND('',#234,.T.);
#135=FACE_OUTER_BOUND('',#235,.T.);
#136=FACE_OUTER_BOUND('',#236,.T.);
#137=FACE_OUTER_BOUND('',#237,.T.);
#138=FACE_OUTER_BOUND('',#238,.T.);
#139=FACE_OUTER_BOUND('',#239,.T.);
#140=FACE_OUTER_BOUND('',#240,.T.);
#141=FACE_OUTER_BOUND('',#241,.T.);
#142=FACE_OUTER_BOUND('',#242,.T.);
#143=FACE_OUTER_BOUND('',#243,.T.);
#144=FACE_OUTER_BOUND('',#244,.T.);
#145=FACE_OUTER_BOUND('',#245,.T.);
#146=FACE_OUTER_BOUND('',#246,.T.);
#147=FACE_OUTER_BOUND('',#247,.T.);
#148=FACE_OUTER_BOUND('',#248,.T.);
#149=FACE_OUTER_BOUND('',#249,.T.);
#150=FACE_OUTER_BOUND('',#250,.T.);
#151=FACE_OUTER_BOUND('',#251,.T.);
#152=FACE_OUTER_BOUND('',#252,.T.);
#153=FACE_OUTER_BOUND('',#253,.T.);
#154=FACE_OUTER_BOUND('',#254,.T.);
#155=FACE_OUTER_BOUND('',#255,.T.);
#156=FACE_OUTER_BOUND('',#256,.T.);
#157=FACE_OUTER_BOUND('',#257,.T.);
#158=FACE_OUTER_BOUND('',#258,.T.);
#159=FACE_OUTER_BOUND('',#259,.T.);
#160=FACE_OUTER_BOUND('',#260,.T.);
#161=FACE_OUTER_BOUND('',#261,.T.);
#162=FACE_OUTER_BOUND('',#262,.T.);
#163=FACE_OUTER_BOUND('',#263,.T.);
#164=FACE_OUTER_BOUND('',#264,.T.);
#165=FACE_OUTER_BOUND('',#265,.T.);
#166=FACE_OUTER_BOUND('',#266,.T.);
#167=FACE_OUTER_BOUND('',#267,.T.);
#168=FACE_OUTER_BOUND('',#268,.T.);
#169=FACE_OUTER_BOUND('',#269,.T.);
#170=FACE_OUTER_BOUND('',#270,.T.);
#171=FACE_OUTER_BOUND('',#271,.T.);
#172=FACE_OUTER_BOUND('',#272,.T.);
#173=FACE_OUTER_BOUND('',#273,.T.);
#174=FACE_OUTER_BOUND('',#274,.T.);
#175=FACE_OUTER_BOUND('',#275,.T.);
#176=FACE_OUTER_BOUND('',#276,.T.);
#177=FACE_OUTER_BOUND('',#277,.T.);
#178=FACE_OUTER_BOUND('',#278,.T.);
#179=FACE_OUTER_BOUND('',#279,.T.);
#180=FACE_OUTER_BOUND('',#280,.T.);
#181=FACE_OUTER_BOUND('',#281,.T.);
#182=FACE_OUTER_BOUND('',#282,.T.);
#183=FACE_OUTER_BOUND('',#283,.T.);
#184=FACE_OUTER_BOUND('',#284,.T.);
#185=FACE_OUTER_BOUND('',#285,.T.);
#186=FACE_OUTER_BOUND('',#286,.T.);
#187=FACE_OUTER_BOUND('',#287,.T.);
#188=FACE_OUTER_BOUND('',#288,.T.);
#189=FACE_OUTER_BOUND('',#289,.T.);
#190=FACE_OUTER_BOUND('',#290,.T.);
#191=FACE_OUTER_BOUND('',#291,.T.);
#192=FACE_OUTER_BOUND('',#292,.T.);
#193=FACE_OUTER_BOUND('',#293,.T.);
#194=FACE_OUTER_BOUND('',#294,.T.);
#195=FACE_OUTER_BOUND('',#295,.T.);
#196=EDGE_LOOP('',(#1014,#1015,#1016,#1017));
#197=EDGE_LOOP('',(#1018,#1019,#1020,#1021));
#198=EDGE_LOOP('',(#1022,#1023,#1024,#1025));
#199=EDGE_LOOP('',(#1026,#1027,#1028,#1029));
#200=EDGE_LOOP('',(#1030));
#201=EDGE_LOOP('',(#1031,#1032,#1033,#1034));
#202=EDGE_LOOP('',(#1035,#1036,#1037,#1038));
#203=EDGE_LOOP('',(#1039,#1040,#1041,#1042));
#204=EDGE_LOOP('',(#1043,#1044,#1045,#1046));
#205=EDGE_LOOP('',(#1047,#1048,#1049,#1050));
#206=EDGE_LOOP('',(#1051,#1052,#1053,#1054));
#207=EDGE_LOOP('',(#1055,#1056,#1057,#1058));
#208=EDGE_LOOP('',(#1059,#1060,#1061,#1062));
#209=EDGE_LOOP('',(#1063,#1064,#1065,#1066));
#210=EDGE_LOOP('',(#1067,#1068,#1069,#1070));
#211=EDGE_LOOP('',(#1071,#1072,#1073,#1074,#1075,#1076,#1077,#1078,#1079,
#1080));
#212=EDGE_LOOP('',(#1081));
#213=EDGE_LOOP('',(#1082,#1083,#1084,#1085));
#214=EDGE_LOOP('',(#1086,#1087,#1088,#1089));
#215=EDGE_LOOP('',(#1090,#1091,#1092,#1093));
#216=EDGE_LOOP('',(#1094,#1095,#1096,#1097));
#217=EDGE_LOOP('',(#1098,#1099,#1100,#1101));
#218=EDGE_LOOP('',(#1102,#1103,#1104,#1105));
#219=EDGE_LOOP('',(#1106,#1107,#1108,#1109));
#220=EDGE_LOOP('',(#1110,#1111,#1112,#1113));
#221=EDGE_LOOP('',(#1114,#1115,#1116,#1117));
#222=EDGE_LOOP('',(#1118,#1119,#1120,#1121));
#223=EDGE_LOOP('',(#1122,#1123,#1124,#1125));
#224=EDGE_LOOP('',(#1126,#1127,#1128,#1129));
#225=EDGE_LOOP('',(#1130,#1131,#1132,#1133));
#226=EDGE_LOOP('',(#1134,#1135,#1136,#1137));
#227=EDGE_LOOP('',(#1138,#1139,#1140,#1141));
#228=EDGE_LOOP('',(#1142,#1143,#1144,#1145));
#229=EDGE_LOOP('',(#1146,#1147,#1148,#1149));
#230=EDGE_LOOP('',(#1150,#1151,#1152,#1153));
#231=EDGE_LOOP('',(#1154,#1155,#1156,#1157));
#232=EDGE_LOOP('',(#1158,#1159,#1160,#1161));
#233=EDGE_LOOP('',(#1162,#1163,#1164,#1165));
#234=EDGE_LOOP('',(#1166,#1167,#1168,#1169));
#235=EDGE_LOOP('',(#1170,#1171,#1172,#1173));
#236=EDGE_LOOP('',(#1174,#1175,#1176,#1177));
#237=EDGE_LOOP('',(#1178,#1179,#1180,#1181));
#238=EDGE_LOOP('',(#1182,#1183,#1184,#1185));
#239=EDGE_LOOP('',(#1186,#1187,#1188,#1189));
#240=EDGE_LOOP('',(#1190,#1191,#1192,#1193));
#241=EDGE_LOOP('',(#1194,#1195,#1196,#1197));
#242=EDGE_LOOP('',(#1198,#1199,#1200,#1201));
#243=EDGE_LOOP('',(#1202,#1203,#1204,#1205));
#244=EDGE_LOOP('',(#1206,#1207,#1208,#1209));
#245=EDGE_LOOP('',(#1210,#1211,#1212,#1213));
#246=EDGE_LOOP('',(#1214,#1215,#1216,#1217));
#247=EDGE_LOOP('',(#1218,#1219,#1220,#1221));
#248=EDGE_LOOP('',(#1222,#1223,#1224,#1225));
#249=EDGE_LOOP('',(#1226,#1227,#1228,#1229));
#250=EDGE_LOOP('',(#1230,#1231,#1232,#1233));
#251=EDGE_LOOP('',(#1234,#1235,#1236,#1237));
#252=EDGE_LOOP('',(#1238,#1239,#1240,#1241));
#253=EDGE_LOOP('',(#1242,#1243,#1244,#1245));
#254=EDGE_LOOP('',(#1246,#1247,#1248,#1249));
#255=EDGE_LOOP('',(#1250,#1251,#1252,#1253));
#256=EDGE_LOOP('',(#1254,#1255,#1256,#1257));
#257=EDGE_LOOP('',(#1258,#1259,#1260,#1261));
#258=EDGE_LOOP('',(#1262,#1263,#1264,#1265));
#259=EDGE_LOOP('',(#1266,#1267,#1268,#1269));
#260=EDGE_LOOP('',(#1270,#1271,#1272,#1273));
#261=EDGE_LOOP('',(#1274,#1275,#1276,#1277));
#262=EDGE_LOOP('',(#1278,#1279,#1280,#1281));
#263=EDGE_LOOP('',(#1282,#1283,#1284,#1285));
#264=EDGE_LOOP('',(#1286,#1287,#1288,#1289));
#265=EDGE_LOOP('',(#1290,#1291,#1292,#1293));
#266=EDGE_LOOP('',(#1294,#1295,#1296,#1297));
#267=EDGE_LOOP('',(#1298,#1299,#1300,#1301));
#268=EDGE_LOOP('',(#1302,#1303,#1304,#1305));
#269=EDGE_LOOP('',(#1306,#1307,#1308,#1309));
#270=EDGE_LOOP('',(#1310,#1311,#1312,#1313));
#271=EDGE_LOOP('',(#1314,#1315,#1316,#1317));
#272=EDGE_LOOP('',(#1318,#1319,#1320,#1321));
#273=EDGE_LOOP('',(#1322,#1323,#1324,#1325));
#274=EDGE_LOOP('',(#1326,#1327,#1328,#1329));
#275=EDGE_LOOP('',(#1330,#1331,#1332,#1333));
#276=EDGE_LOOP('',(#1334,#1335,#1336,#1337));
#277=EDGE_LOOP('',(#1338,#1339,#1340,#1341));
#278=EDGE_LOOP('',(#1342,#1343,#1344,#1345));
#279=EDGE_LOOP('',(#1346,#1347,#1348,#1349,#1350,#1351,#1352,#1353));
#280=EDGE_LOOP('',(#1354,#1355,#1356,#1357));
#281=EDGE_LOOP('',(#1358,#1359,#1360,#1361));
#282=EDGE_LOOP('',(#1362,#1363,#1364,#1365));
#283=EDGE_LOOP('',(#1366,#1367,#1368,#1369));
#284=EDGE_LOOP('',(#1370,#1371,#1372,#1373,#1374,#1375,#1376,#1377));
#285=EDGE_LOOP('',(#1378,#1379,#1380,#1381));
#286=EDGE_LOOP('',(#1382,#1383,#1384,#1385));
#287=EDGE_LOOP('',(#1386,#1387,#1388,#1389,#1390,#1391,#1392,#1393));
#288=EDGE_LOOP('',(#1394,#1395,#1396,#1397));
#289=EDGE_LOOP('',(#1398,#1399,#1400,#1401));
#290=EDGE_LOOP('',(#1402,#1403,#1404,#1405));
#291=EDGE_LOOP('',(#1406,#1407,#1408,#1409));
#292=EDGE_LOOP('',(#1410,#1411,#1412,#1413));
#293=EDGE_LOOP('',(#1414,#1415,#1416,#1417,#1418,#1419,#1420,#1421,#1422,
#1423,#1424,#1425));
#294=EDGE_LOOP('',(#1426,#1427,#1428,#1429,#1430,#1431,#1432,#1433,#1434,
#1435,#1436,#1437,#1438,#1439,#1440,#1441,#1442,#1443,#1444,#1445,#1446,
#1447,#1448,#1449,#1450,#1451,#1452,#1453));
#295=EDGE_LOOP('',(#1454,#1455,#1456,#1457,#1458,#1459,#1460,#1461,#1462,
#1463,#1464,#1465,#1466));
#296=EDGE_LOOP('',(#1467,#1468));
#297=EDGE_LOOP('',(#1469));
#298=LINE('',#2259,#466);
#299=LINE('',#2261,#467);
#300=LINE('',#2263,#468);
#301=LINE('',#2264,#469);
#302=LINE('',#2268,#470);
#303=LINE('',#2270,#471);
#304=LINE('',#2272,#472);
#305=LINE('',#2273,#473);
#306=LINE('',#2275,#474);
#307=LINE('',#2276,#475);
#308=LINE('',#2284,#476);
#309=LINE('',#2286,#477);
#310=LINE('',#2288,#478);
#311=LINE('',#2289,#479);
#312=LINE('',#2292,#480);
#313=LINE('',#2294,#481);
#314=LINE('',#2296,#482);
#315=LINE('',#2297,#483);
#316=LINE('',#2300,#484);
#317=LINE('',#2302,#485);
#318=LINE('',#2304,#486);
#319=LINE('',#2305,#487);
#320=LINE('',#2308,#488);
#321=LINE('',#2310,#489);
#322=LINE('',#2312,#490);
#323=LINE('',#2313,#491);
#324=LINE('',#2316,#492);
#325=LINE('',#2318,#493);
#326=LINE('',#2320,#494);
#327=LINE('',#2321,#495);
#328=LINE('',#2324,#496);
#329=LINE('',#2326,#497);
#330=LINE('',#2328,#498);
#331=LINE('',#2329,#499);
#332=LINE('',#2332,#500);
#333=LINE('',#2334,#501);
#334=LINE('',#2336,#502);
#335=LINE('',#2337,#503);
#336=LINE('',#2340,#504);
#337=LINE('',#2342,#505);
#338=LINE('',#2344,#506);
#339=LINE('',#2345,#507);
#340=LINE('',#2348,#508);
#341=LINE('',#2350,#509);
#342=LINE('',#2352,#510);
#343=LINE('',#2353,#511);
#344=LINE('',#2356,#512);
#345=LINE('',#2358,#513);
#346=LINE('',#2360,#514);
#347=LINE('',#2361,#515);
#348=LINE('',#2369,#516);
#349=LINE('',#2371,#517);
#350=LINE('',#2373,#518);
#351=LINE('',#2379,#519);
#352=LINE('',#2381,#520);
#353=LINE('',#2382,#521);
#354=LINE('',#2385,#522);
#355=LINE('',#2387,#523);
#356=LINE('',#2388,#524);
#357=LINE('',#2390,#525);
#358=LINE('',#2395,#526);
#359=LINE('',#2397,#527);
#360=LINE('',#2398,#528);
#361=LINE('',#2401,#529);
#362=LINE('',#2402,#530);
#363=LINE('',#2405,#531);
#364=LINE('',#2406,#532);
#365=LINE('',#2408,#533);
#366=LINE('',#2412,#534);
#367=LINE('',#2414,#535);
#368=LINE('',#2415,#536);
#369=LINE('',#2418,#537);
#370=LINE('',#2419,#538);
#371=LINE('',#2422,#539);
#372=LINE('',#2423,#540);
#373=LINE('',#2425,#541);
#374=LINE('',#2429,#542);
#375=LINE('',#2431,#543);
#376=LINE('',#2432,#544);
#377=LINE('',#2435,#545);
#378=LINE('',#2436,#546);
#379=LINE('',#2439,#547);
#380=LINE('',#2440,#548);
#381=LINE('',#2442,#549);
#382=LINE('',#2446,#550);
#383=LINE('',#2448,#551);
#384=LINE('',#2449,#552);
#385=LINE('',#2452,#553);
#386=LINE('',#2453,#554);
#387=LINE('',#2456,#555);
#388=LINE('',#2457,#556);
#389=LINE('',#2459,#557);
#390=LINE('',#2463,#558);
#391=LINE('',#2465,#559);
#392=LINE('',#2466,#560);
#393=LINE('',#2469,#561);
#394=LINE('',#2470,#562);
#395=LINE('',#2473,#563);
#396=LINE('',#2474,#564);
#397=LINE('',#2476,#565);
#398=LINE('',#2480,#566);
#399=LINE('',#2482,#567);
#400=LINE('',#2483,#568);
#401=LINE('',#2486,#569);
#402=LINE('',#2487,#570);
#403=LINE('',#2490,#571);
#404=LINE('',#2491,#572);
#405=LINE('',#2493,#573);
#406=LINE('',#2497,#574);
#407=LINE('',#2499,#575);
#408=LINE('',#2500,#576);
#409=LINE('',#2503,#577);
#410=LINE('',#2504,#578);
#411=LINE('',#2507,#579);
#412=LINE('',#2508,#580);
#413=LINE('',#2510,#581);
#414=LINE('',#2514,#582);
#415=LINE('',#2516,#583);
#416=LINE('',#2517,#584);
#417=LINE('',#2520,#585);
#418=LINE('',#2521,#586);
#419=LINE('',#2524,#587);
#420=LINE('',#2525,#588);
#421=LINE('',#2527,#589);
#422=LINE('',#2531,#590);
#423=LINE('',#2533,#591);
#424=LINE('',#2534,#592);
#425=LINE('',#2537,#593);
#426=LINE('',#2538,#594);
#427=LINE('',#2541,#595);
#428=LINE('',#2542,#596);
#429=LINE('',#2544,#597);
#430=LINE('',#2548,#598);
#431=LINE('',#2550,#599);
#432=LINE('',#2551,#600);
#433=LINE('',#2554,#601);
#434=LINE('',#2555,#602);
#435=LINE('',#2558,#603);
#436=LINE('',#2559,#604);
#437=LINE('',#2561,#605);
#438=LINE('',#2568,#606);
#439=LINE('',#2571,#607);
#440=LINE('',#2577,#608);
#441=LINE('',#2580,#609);
#442=LINE('',#2595,#610);
#443=LINE('',#2598,#611);
#444=LINE('',#2604,#612);
#445=LINE('',#2607,#613);
#446=LINE('',#2622,#614);
#447=LINE('',#2625,#615);
#448=LINE('',#2631,#616);
#449=LINE('',#2634,#617);
#450=LINE('',#2648,#618);
#451=LINE('',#2651,#619);
#452=LINE('',#2657,#620);
#453=LINE('',#2661,#621);
#454=LINE('',#2668,#622);
#455=LINE('',#2669,#623);
#456=LINE('',#2675,#624);
#457=LINE('',#2681,#625);
#458=LINE('',#2688,#626);
#459=LINE('',#2691,#627);
#460=LINE('',#2697,#628);
#461=LINE('',#2701,#629);
#462=LINE('',#2707,#630);
#463=LINE('',#2710,#631);
#464=LINE('',#2713,#632);
#465=LINE('',#2720,#633);
#466=VECTOR('',#1793,10.);
#467=VECTOR('',#1794,10.);
#468=VECTOR('',#1795,10.);
#469=VECTOR('',#1796,10.);
#470=VECTOR('',#1799,10.);
#471=VECTOR('',#1800,10.);
#472=VECTOR('',#1801,10.);
#473=VECTOR('',#1802,10.);
#474=VECTOR('',#1805,10.);
#475=VECTOR('',#1806,10.);
#476=VECTOR('',#1815,10.);
#477=VECTOR('',#1816,10.);
#478=VECTOR('',#1817,10.);
#479=VECTOR('',#1818,10.);
#480=VECTOR('',#1819,10.);
#481=VECTOR('',#1820,10.);
#482=VECTOR('',#1821,10.);
#483=VECTOR('',#1822,10.);
#484=VECTOR('',#1823,10.);
#485=VECTOR('',#1824,10.);
#486=VECTOR('',#1825,10.);
#487=VECTOR('',#1826,10.);
#488=VECTOR('',#1827,10.);
#489=VECTOR('',#1828,10.);
#490=VECTOR('',#1829,10.);
#491=VECTOR('',#1830,10.);
#492=VECTOR('',#1831,10.);
#493=VECTOR('',#1832,10.);
#494=VECTOR('',#1833,10.);
#495=VECTOR('',#1834,10.);
#496=VECTOR('',#1835,10.);
#497=VECTOR('',#1836,10.);
#498=VECTOR('',#1837,10.);
#499=VECTOR('',#1838,10.);
#500=VECTOR('',#1839,10.);
#501=VECTOR('',#1840,10.);
#502=VECTOR('',#1841,10.);
#503=VECTOR('',#1842,10.);
#504=VECTOR('',#1843,10.);
#505=VECTOR('',#1844,10.);
#506=VECTOR('',#1845,10.);
#507=VECTOR('',#1846,10.);
#508=VECTOR('',#1847,10.);
#509=VECTOR('',#1848,10.);
#510=VECTOR('',#1849,10.);
#511=VECTOR('',#1850,10.);
#512=VECTOR('',#1851,10.);
#513=VECTOR('',#1852,10.);
#514=VECTOR('',#1853,10.);
#515=VECTOR('',#1854,10.);
#516=VECTOR('',#1861,10.);
#517=VECTOR('',#1862,10.);
#518=VECTOR('',#1863,10.);
#519=VECTOR('',#1870,10.);
#520=VECTOR('',#1871,10.);
#521=VECTOR('',#1872,10.);
#522=VECTOR('',#1875,10.);
#523=VECTOR('',#1876,10.);
#524=VECTOR('',#1877,10.);
#525=VECTOR('',#1880,10.);
#526=VECTOR('',#1887,10.);
#527=VECTOR('',#1888,10.);
#528=VECTOR('',#1889,10.);
#529=VECTOR('',#1892,10.);
#530=VECTOR('',#1893,10.);
#531=VECTOR('',#1896,10.);
#532=VECTOR('',#1897,10.);
#533=VECTOR('',#1900,10.);
#534=VECTOR('',#1905,10.);
#535=VECTOR('',#1906,10.);
#536=VECTOR('',#1907,10.);
#537=VECTOR('',#1910,10.);
#538=VECTOR('',#1911,10.);
#539=VECTOR('',#1914,10.);
#540=VECTOR('',#1915,10.);
#541=VECTOR('',#1918,10.);
#542=VECTOR('',#1923,10.);
#543=VECTOR('',#1924,10.);
#544=VECTOR('',#1925,10.);
#545=VECTOR('',#1928,10.);
#546=VECTOR('',#1929,10.);
#547=VECTOR('',#1932,10.);
#548=VECTOR('',#1933,10.);
#549=VECTOR('',#1936,10.);
#550=VECTOR('',#1941,10.);
#551=VECTOR('',#1942,10.);
#552=VECTOR('',#1943,10.);
#553=VECTOR('',#1946,10.);
#554=VECTOR('',#1947,10.);
#555=VECTOR('',#1950,10.);
#556=VECTOR('',#1951,10.);
#557=VECTOR('',#1954,10.);
#558=VECTOR('',#1959,10.);
#559=VECTOR('',#1960,10.);
#560=VECTOR('',#1961,10.);
#561=VECTOR('',#1964,10.);
#562=VECTOR('',#1965,10.);
#563=VECTOR('',#1968,10.);
#564=VECTOR('',#1969,10.);
#565=VECTOR('',#1972,10.);
#566=VECTOR('',#1977,10.);
#567=VECTOR('',#1978,10.);
#568=VECTOR('',#1979,10.);
#569=VECTOR('',#1982,10.);
#570=VECTOR('',#1983,10.);
#571=VECTOR('',#1986,10.);
#572=VECTOR('',#1987,10.);
#573=VECTOR('',#1990,10.);
#574=VECTOR('',#1995,10.);
#575=VECTOR('',#1996,10.);
#576=VECTOR('',#1997,10.);
#577=VECTOR('',#2000,10.);
#578=VECTOR('',#2001,10.);
#579=VECTOR('',#2004,10.);
#580=VECTOR('',#2005,10.);
#581=VECTOR('',#2008,10.);
#582=VECTOR('',#2013,10.);
#583=VECTOR('',#2014,10.);
#584=VECTOR('',#2015,10.);
#585=VECTOR('',#2018,10.);
#586=VECTOR('',#2019,10.);
#587=VECTOR('',#2022,10.);
#588=VECTOR('',#2023,10.);
#589=VECTOR('',#2026,10.);
#590=VECTOR('',#2031,10.);
#591=VECTOR('',#2032,10.);
#592=VECTOR('',#2033,10.);
#593=VECTOR('',#2036,10.);
#594=VECTOR('',#2037,10.);
#595=VECTOR('',#2040,10.);
#596=VECTOR('',#2041,10.);
#597=VECTOR('',#2044,10.);
#598=VECTOR('',#2049,10.);
#599=VECTOR('',#2050,10.);
#600=VECTOR('',#2051,10.);
#601=VECTOR('',#2054,10.);
#602=VECTOR('',#2055,10.);
#603=VECTOR('',#2058,10.);
#604=VECTOR('',#2059,10.);
#605=VECTOR('',#2062,10.);
#606=VECTOR('',#2069,10.);
#607=VECTOR('',#2072,10.);
#608=VECTOR('',#2077,10.);
#609=VECTOR('',#2080,10.);
#610=VECTOR('',#2099,10.);
#611=VECTOR('',#2102,10.);
#612=VECTOR('',#2107,10.);
#613=VECTOR('',#2110,10.);
#614=VECTOR('',#2129,10.);
#615=VECTOR('',#2132,10.);
#616=VECTOR('',#2137,10.);
#617=VECTOR('',#2140,10.);
#618=VECTOR('',#2159,10.);
#619=VECTOR('',#2162,10.);
#620=VECTOR('',#2169,10.);
#621=VECTOR('',#2174,10.);
#622=VECTOR('',#2183,10.);
#623=VECTOR('',#2184,10.);
#624=VECTOR('',#2191,10.);
#625=VECTOR('',#2198,10.);
#626=VECTOR('',#2207,10.);
#627=VECTOR('',#2210,10.);
#628=VECTOR('',#2217,10.);
#629=VECTOR('',#2222,10.);
#630=VECTOR('',#2231,12.5);
#631=VECTOR('',#2234,10.);
#632=VECTOR('',#2237,10.);
#633=VECTOR('',#2248,60.);
#634=VERTEX_POINT('',#2257);
#635=VERTEX_POINT('',#2258);
#636=VERTEX_POINT('',#2260);
#637=VERTEX_POINT('',#2262);
#638=VERTEX_POINT('',#2266);
#639=VERTEX_POINT('',#2267);
#640=VERTEX_POINT('',#2269);
#641=VERTEX_POINT('',#2271);
#642=VERTEX_POINT('',#2280);
#643=VERTEX_POINT('',#2282);
#644=VERTEX_POINT('',#2283);
#645=VERTEX_POINT('',#2285);
#646=VERTEX_POINT('',#2287);
#647=VERTEX_POINT('',#2290);
#648=VERTEX_POINT('',#2291);
#649=VERTEX_POINT('',#2293);
#650=VERTEX_POINT('',#2295);
#651=VERTEX_POINT('',#2298);
#652=VERTEX_POINT('',#2299);
#653=VERTEX_POINT('',#2301);
#654=VERTEX_POINT('',#2303);
#655=VERTEX_POINT('',#2306);
#656=VERTEX_POINT('',#2307);
#657=VERTEX_POINT('',#2309);
#658=VERTEX_POINT('',#2311);
#659=VERTEX_POINT('',#2314);
#660=VERTEX_POINT('',#2315);
#661=VERTEX_POINT('',#2317);
#662=VERTEX_POINT('',#2319);
#663=VERTEX_POINT('',#2322);
#664=VERTEX_POINT('',#2323);
#665=VERTEX_POINT('',#2325);
#666=VERTEX_POINT('',#2327);
#667=VERTEX_POINT('',#2330);
#668=VERTEX_POINT('',#2331);
#669=VERTEX_POINT('',#2333);
#670=VERTEX_POINT('',#2335);
#671=VERTEX_POINT('',#2338);
#672=VERTEX_POINT('',#2339);
#673=VERTEX_POINT('',#2341);
#674=VERTEX_POINT('',#2343);
#675=VERTEX_POINT('',#2346);
#676=VERTEX_POINT('',#2347);
#677=VERTEX_POINT('',#2349);
#678=VERTEX_POINT('',#2351);
#679=VERTEX_POINT('',#2354);
#680=VERTEX_POINT('',#2355);
#681=VERTEX_POINT('',#2357);
#682=VERTEX_POINT('',#2359);
#683=VERTEX_POINT('',#2362);
#684=VERTEX_POINT('',#2364);
#685=VERTEX_POINT('',#2366);
#686=VERTEX_POINT('',#2368);
#687=VERTEX_POINT('',#2370);
#688=VERTEX_POINT('',#2372);
#689=VERTEX_POINT('',#2375);
#690=VERTEX_POINT('',#2378);
#691=VERTEX_POINT('',#2380);
#692=VERTEX_POINT('',#2384);
#693=VERTEX_POINT('',#2386);
#694=VERTEX_POINT('',#2394);
#695=VERTEX_POINT('',#2396);
#696=VERTEX_POINT('',#2400);
#697=VERTEX_POINT('',#2404);
#698=VERTEX_POINT('',#2411);
#699=VERTEX_POINT('',#2413);
#700=VERTEX_POINT('',#2417);
#701=VERTEX_POINT('',#2421);
#702=VERTEX_POINT('',#2428);
#703=VERTEX_POINT('',#2430);
#704=VERTEX_POINT('',#2434);
#705=VERTEX_POINT('',#2438);
#706=VERTEX_POINT('',#2445);
#707=VERTEX_POINT('',#2447);
#708=VERTEX_POINT('',#2451);
#709=VERTEX_POINT('',#2455);
#710=VERTEX_POINT('',#2462);
#711=VERTEX_POINT('',#2464);
#712=VERTEX_POINT('',#2468);
#713=VERTEX_POINT('',#2472);
#714=VERTEX_POINT('',#2479);
#715=VERTEX_POINT('',#2481);
#716=VERTEX_POINT('',#2485);
#717=VERTEX_POINT('',#2489);
#718=VERTEX_POINT('',#2496);
#719=VERTEX_POINT('',#2498);
#720=VERTEX_POINT('',#2502);
#721=VERTEX_POINT('',#2506);
#722=VERTEX_POINT('',#2513);
#723=VERTEX_POINT('',#2515);
#724=VERTEX_POINT('',#2519);
#725=VERTEX_POINT('',#2523);
#726=VERTEX_POINT('',#2530);
#727=VERTEX_POINT('',#2532);
#728=VERTEX_POINT('',#2536);
#729=VERTEX_POINT('',#2540);
#730=VERTEX_POINT('',#2547);
#731=VERTEX_POINT('',#2549);
#732=VERTEX_POINT('',#2553);
#733=VERTEX_POINT('',#2557);
#734=VERTEX_POINT('',#2564);
#735=VERTEX_POINT('',#2565);
#736=VERTEX_POINT('',#2567);
#737=VERTEX_POINT('',#2569);
#738=VERTEX_POINT('',#2573);
#739=VERTEX_POINT('',#2574);
#740=VERTEX_POINT('',#2576);
#741=VERTEX_POINT('',#2578);
#742=VERTEX_POINT('',#2585);
#743=VERTEX_POINT('',#2587);
#744=VERTEX_POINT('',#2591);
#745=VERTEX_POINT('',#2592);
#746=VERTEX_POINT('',#2594);
#747=VERTEX_POINT('',#2596);
#748=VERTEX_POINT('',#2600);
#749=VERTEX_POINT('',#2601);
#750=VERTEX_POINT('',#2603);
#751=VERTEX_POINT('',#2605);
#752=VERTEX_POINT('',#2612);
#753=VERTEX_POINT('',#2614);
#754=VERTEX_POINT('',#2618);
#755=VERTEX_POINT('',#2619);
#756=VERTEX_POINT('',#2621);
#757=VERTEX_POINT('',#2623);
#758=VERTEX_POINT('',#2627);
#759=VERTEX_POINT('',#2628);
#760=VERTEX_POINT('',#2630);
#761=VERTEX_POINT('',#2632);
#762=VERTEX_POINT('',#2639);
#763=VERTEX_POINT('',#2641);
#764=VERTEX_POINT('',#2645);
#765=VERTEX_POINT('',#2646);
#766=VERTEX_POINT('',#2649);
#767=VERTEX_POINT('',#2653);
#768=VERTEX_POINT('',#2655);
#769=VERTEX_POINT('',#2659);
#770=VERTEX_POINT('',#2665);
#771=VERTEX_POINT('',#2666);
#772=VERTEX_POINT('',#2671);
#773=VERTEX_POINT('',#2673);
#774=VERTEX_POINT('',#2677);
#775=VERTEX_POINT('',#2679);
#776=VERTEX_POINT('',#2685);
#777=VERTEX_POINT('',#2686);
#778=VERTEX_POINT('',#2689);
#779=VERTEX_POINT('',#2693);
#780=VERTEX_POINT('',#2695);
#781=VERTEX_POINT('',#2699);
#782=VERTEX_POINT('',#2705);
#783=VERTEX_POINT('',#2709);
#784=VERTEX_POINT('',#2711);
#785=VERTEX_POINT('',#2718);
#786=EDGE_CURVE('',#634,#635,#298,.T.);
#787=EDGE_CURVE('',#634,#636,#299,.T.);
#788=EDGE_CURVE('',#637,#636,#300,.T.);
#789=EDGE_CURVE('',#635,#637,#301,.T.);
#790=EDGE_CURVE('',#638,#639,#302,.T.);
#791=EDGE_CURVE('',#640,#638,#303,.T.);
#792=EDGE_CURVE('',#640,#641,#304,.T.);
#793=EDGE_CURVE('',#641,#639,#305,.T.);
#794=EDGE_CURVE('',#637,#640,#306,.T.);
#795=EDGE_CURVE('',#636,#641,#307,.T.);
#796=EDGE_CURVE('',#639,#634,#48,.T.);
#797=EDGE_CURVE('',#642,#642,#49,.T.);
#798=EDGE_CURVE('',#643,#644,#308,.T.);
#799=EDGE_CURVE('',#644,#645,#309,.T.);
#800=EDGE_CURVE('',#645,#646,#310,.T.);
#801=EDGE_CURVE('',#646,#643,#311,.T.);
#802=EDGE_CURVE('',#647,#648,#312,.T.);
#803=EDGE_CURVE('',#648,#649,#313,.T.);
#804=EDGE_CURVE('',#649,#650,#314,.T.);
#805=EDGE_CURVE('',#650,#647,#315,.T.);
#806=EDGE_CURVE('',#651,#652,#316,.T.);
#807=EDGE_CURVE('',#652,#653,#317,.T.);
#808=EDGE_CURVE('',#653,#654,#318,.T.);
#809=EDGE_CURVE('',#654,#651,#319,.T.);
#810=EDGE_CURVE('',#655,#656,#320,.T.);
#811=EDGE_CURVE('',#656,#657,#321,.T.);
#812=EDGE_CURVE('',#657,#658,#322,.T.);
#813=EDGE_CURVE('',#658,#655,#323,.T.);
#814=EDGE_CURVE('',#659,#660,#324,.T.);
#815=EDGE_CURVE('',#660,#661,#325,.T.);
#816=EDGE_CURVE('',#661,#662,#326,.T.);
#817=EDGE_CURVE('',#662,#659,#327,.T.);
#818=EDGE_CURVE('',#663,#664,#328,.T.);
#819=EDGE_CURVE('',#664,#665,#329,.T.);
#820=EDGE_CURVE('',#665,#666,#330,.T.);
#821=EDGE_CURVE('',#666,#663,#331,.T.);
#822=EDGE_CURVE('',#667,#668,#332,.T.);
#823=EDGE_CURVE('',#668,#669,#333,.T.);
#824=EDGE_CURVE('',#669,#670,#334,.T.);
#825=EDGE_CURVE('',#670,#667,#335,.T.);
#826=EDGE_CURVE('',#671,#672,#336,.T.);
#827=EDGE_CURVE('',#672,#673,#337,.T.);
#828=EDGE_CURVE('',#673,#674,#338,.T.);
#829=EDGE_CURVE('',#674,#671,#339,.T.);
#830=EDGE_CURVE('',#675,#676,#340,.T.);
#831=EDGE_CURVE('',#676,#677,#341,.T.);
#832=EDGE_CURVE('',#677,#678,#342,.T.);
#833=EDGE_CURVE('',#678,#675,#343,.T.);
#834=EDGE_CURVE('',#679,#680,#344,.T.);
#835=EDGE_CURVE('',#680,#681,#345,.T.);
#836=EDGE_CURVE('',#681,#682,#346,.T.);
#837=EDGE_CURVE('',#682,#679,#347,.T.);
#838=EDGE_CURVE('',#683,#638,#50,.T.);
#839=EDGE_CURVE('',#684,#683,#51,.T.);
#840=EDGE_CURVE('',#685,#684,#52,.T.);
#841=EDGE_CURVE('',#685,#686,#348,.T.);
#842=EDGE_CURVE('',#686,#687,#349,.T.);
#843=EDGE_CURVE('',#687,#688,#350,.T.);
#844=EDGE_CURVE('',#635,#688,#53,.T.);
#845=EDGE_CURVE('',#689,#689,#54,.T.);
#846=EDGE_CURVE('',#690,#685,#351,.T.);
#847=EDGE_CURVE('',#690,#691,#352,.T.);
#848=EDGE_CURVE('',#686,#691,#353,.T.);
#849=EDGE_CURVE('',#688,#692,#354,.T.);
#850=EDGE_CURVE('',#687,#693,#355,.T.);
#851=EDGE_CURVE('',#693,#692,#356,.T.);
#852=EDGE_CURVE('',#691,#693,#357,.T.);
#853=EDGE_CURVE('',#692,#690,#55,.T.);
#854=EDGE_CURVE('',#643,#694,#358,.T.);
#855=EDGE_CURVE('',#694,#695,#359,.T.);
#856=EDGE_CURVE('',#644,#695,#360,.T.);
#857=EDGE_CURVE('',#646,#696,#361,.T.);
#858=EDGE_CURVE('',#696,#694,#362,.T.);
#859=EDGE_CURVE('',#645,#697,#363,.T.);
#860=EDGE_CURVE('',#697,#696,#364,.T.);
#861=EDGE_CURVE('',#695,#697,#365,.T.);
#862=EDGE_CURVE('',#647,#698,#366,.T.);
#863=EDGE_CURVE('',#698,#699,#367,.T.);
#864=EDGE_CURVE('',#648,#699,#368,.T.);
#865=EDGE_CURVE('',#650,#700,#369,.T.);
#866=EDGE_CURVE('',#700,#698,#370,.T.);
#867=EDGE_CURVE('',#649,#701,#371,.T.);
#868=EDGE_CURVE('',#701,#700,#372,.T.);
#869=EDGE_CURVE('',#699,#701,#373,.T.);
#870=EDGE_CURVE('',#651,#702,#374,.T.);
#871=EDGE_CURVE('',#702,#703,#375,.T.);
#872=EDGE_CURVE('',#652,#703,#376,.T.);
#873=EDGE_CURVE('',#654,#704,#377,.T.);
#874=EDGE_CURVE('',#704,#702,#378,.T.);
#875=EDGE_CURVE('',#653,#705,#379,.T.);
#876=EDGE_CURVE('',#705,#704,#380,.T.);
#877=EDGE_CURVE('',#703,#705,#381,.T.);
#878=EDGE_CURVE('',#655,#706,#382,.T.);
#879=EDGE_CURVE('',#706,#707,#383,.T.);
#880=EDGE_CURVE('',#656,#707,#384,.T.);
#881=EDGE_CURVE('',#658,#708,#385,.T.);
#882=EDGE_CURVE('',#708,#706,#386,.T.);
#883=EDGE_CURVE('',#657,#709,#387,.T.);
#884=EDGE_CURVE('',#709,#708,#388,.T.);
#885=EDGE_CURVE('',#707,#709,#389,.T.);
#886=EDGE_CURVE('',#659,#710,#390,.T.);
#887=EDGE_CURVE('',#710,#711,#391,.T.);
#888=EDGE_CURVE('',#660,#711,#392,.T.);
#889=EDGE_CURVE('',#662,#712,#393,.T.);
#890=EDGE_CURVE('',#712,#710,#394,.T.);
#891=EDGE_CURVE('',#661,#713,#395,.T.);
#892=EDGE_CURVE('',#713,#712,#396,.T.);
#893=EDGE_CURVE('',#711,#713,#397,.T.);
#894=EDGE_CURVE('',#663,#714,#398,.T.);
#895=EDGE_CURVE('',#714,#715,#399,.T.);
#896=EDGE_CURVE('',#664,#715,#400,.T.);
#897=EDGE_CURVE('',#666,#716,#401,.T.);
#898=EDGE_CURVE('',#716,#714,#402,.T.);
#899=EDGE_CURVE('',#665,#717,#403,.T.);
#900=EDGE_CURVE('',#717,#716,#404,.T.);
#901=EDGE_CURVE('',#715,#717,#405,.T.);
#902=EDGE_CURVE('',#667,#718,#406,.T.);
#903=EDGE_CURVE('',#718,#719,#407,.T.);
#904=EDGE_CURVE('',#668,#719,#408,.T.);
#905=EDGE_CURVE('',#670,#720,#409,.T.);
#906=EDGE_CURVE('',#720,#718,#410,.T.);
#907=EDGE_CURVE('',#669,#721,#411,.T.);
#908=EDGE_CURVE('',#721,#720,#412,.T.);
#909=EDGE_CURVE('',#719,#721,#413,.T.);
#910=EDGE_CURVE('',#671,#722,#414,.T.);
#911=EDGE_CURVE('',#722,#723,#415,.T.);
#912=EDGE_CURVE('',#672,#723,#416,.T.);
#913=EDGE_CURVE('',#674,#724,#417,.T.);
#914=EDGE_CURVE('',#724,#722,#418,.T.);
#915=EDGE_CURVE('',#673,#725,#419,.T.);
#916=EDGE_CURVE('',#725,#724,#420,.T.);
#917=EDGE_CURVE('',#723,#725,#421,.T.);
#918=EDGE_CURVE('',#675,#726,#422,.T.);
#919=EDGE_CURVE('',#726,#727,#423,.T.);
#920=EDGE_CURVE('',#676,#727,#424,.T.);
#921=EDGE_CURVE('',#678,#728,#425,.T.);
#922=EDGE_CURVE('',#728,#726,#426,.T.);
#923=EDGE_CURVE('',#677,#729,#427,.T.);
#924=EDGE_CURVE('',#729,#728,#428,.T.);
#925=EDGE_CURVE('',#727,#729,#429,.T.);
#926=EDGE_CURVE('',#679,#730,#430,.T.);
#927=EDGE_CURVE('',#730,#731,#431,.T.);
#928=EDGE_CURVE('',#680,#731,#432,.T.);
#929=EDGE_CURVE('',#682,#732,#433,.T.);
#930=EDGE_CURVE('',#732,#730,#434,.T.);
#931=EDGE_CURVE('',#681,#733,#435,.T.);
#932=EDGE_CURVE('',#733,#732,#436,.T.);
#933=EDGE_CURVE('',#731,#733,#437,.T.);
#934=EDGE_CURVE('',#734,#735,#56,.T.);
#935=EDGE_CURVE('',#734,#736,#438,.T.);
#936=EDGE_CURVE('',#737,#736,#57,.T.);
#937=EDGE_CURVE('',#735,#737,#439,.T.);
#938=EDGE_CURVE('',#738,#739,#58,.T.);
#939=EDGE_CURVE('',#738,#740,#440,.T.);
#940=EDGE_CURVE('',#741,#740,#59,.T.);
#941=EDGE_CURVE('',#739,#741,#441,.T.);
#942=EDGE_CURVE('',#740,#737,#60,.T.);
#943=EDGE_CURVE('',#736,#741,#61,.T.);
#944=EDGE_CURVE('',#739,#742,#62,.T.);
#945=EDGE_CURVE('',#742,#743,#63,.T.);
#946=EDGE_CURVE('',#743,#738,#64,.T.);
#947=EDGE_CURVE('',#744,#745,#65,.T.);
#948=EDGE_CURVE('',#744,#746,#442,.T.);
#949=EDGE_CURVE('',#747,#746,#66,.T.);
#950=EDGE_CURVE('',#745,#747,#443,.T.);
#951=EDGE_CURVE('',#748,#749,#67,.T.);
#952=EDGE_CURVE('',#748,#750,#444,.T.);
#953=EDGE_CURVE('',#751,#750,#68,.T.);
#954=EDGE_CURVE('',#749,#751,#445,.T.);
#955=EDGE_CURVE('',#750,#747,#69,.T.);
#956=EDGE_CURVE('',#746,#751,#70,.T.);
#957=EDGE_CURVE('',#749,#752,#71,.T.);
#958=EDGE_CURVE('',#752,#753,#72,.T.);
#959=EDGE_CURVE('',#753,#748,#73,.T.);
#960=EDGE_CURVE('',#754,#755,#74,.T.);
#961=EDGE_CURVE('',#754,#756,#446,.T.);
#962=EDGE_CURVE('',#757,#756,#75,.T.);
#963=EDGE_CURVE('',#755,#757,#447,.T.);
#964=EDGE_CURVE('',#758,#759,#76,.T.);
#965=EDGE_CURVE('',#758,#760,#448,.T.);
#966=EDGE_CURVE('',#761,#760,#77,.T.);
#967=EDGE_CURVE('',#759,#761,#449,.T.);
#968=EDGE_CURVE('',#760,#757,#78,.T.);
#969=EDGE_CURVE('',#756,#761,#79,.T.);
#970=EDGE_CURVE('',#759,#762,#80,.T.);
#971=EDGE_CURVE('',#762,#763,#81,.T.);
#972=EDGE_CURVE('',#763,#758,#82,.T.);
#973=EDGE_CURVE('',#764,#765,#83,.T.);
#974=EDGE_CURVE('',#764,#762,#450,.T.);
#975=EDGE_CURVE('',#766,#754,#84,.T.);
#976=EDGE_CURVE('',#765,#766,#451,.T.);
#977=EDGE_CURVE('',#765,#767,#85,.T.);
#978=EDGE_CURVE('',#768,#766,#86,.T.);
#979=EDGE_CURVE('',#767,#768,#452,.T.);
#980=EDGE_CURVE('',#769,#764,#87,.T.);
#981=EDGE_CURVE('',#769,#763,#453,.T.);
#982=EDGE_CURVE('',#755,#768,#88,.T.);
#983=EDGE_CURVE('',#770,#771,#89,.T.);
#984=EDGE_CURVE('',#770,#743,#454,.T.);
#985=EDGE_CURVE('',#771,#742,#455,.T.);
#986=EDGE_CURVE('',#771,#772,#90,.T.);
#987=EDGE_CURVE('',#773,#734,#91,.T.);
#988=EDGE_CURVE('',#772,#773,#456,.T.);
#989=EDGE_CURVE('',#772,#774,#92,.T.);
#990=EDGE_CURVE('',#775,#773,#93,.T.);
#991=EDGE_CURVE('',#774,#775,#457,.T.);
#992=EDGE_CURVE('',#735,#775,#94,.T.);
#993=EDGE_CURVE('',#776,#777,#95,.T.);
#994=EDGE_CURVE('',#776,#752,#458,.T.);
#995=EDGE_CURVE('',#778,#744,#96,.T.);
#996=EDGE_CURVE('',#777,#778,#459,.T.);
#997=EDGE_CURVE('',#777,#779,#97,.T.);
#998=EDGE_CURVE('',#780,#778,#98,.T.);
#999=EDGE_CURVE('',#779,#780,#460,.T.);
#1000=EDGE_CURVE('',#781,#776,#99,.T.);
#1001=EDGE_CURVE('',#781,#753,#461,.T.);
#1002=EDGE_CURVE('',#745,#780,#100,.T.);
#1003=EDGE_CURVE('',#782,#782,#101,.T.);
#1004=EDGE_CURVE('',#782,#689,#462,.T.);
#1005=EDGE_CURVE('',#683,#783,#463,.T.);
#1006=EDGE_CURVE('',#784,#783,#102,.T.);
#1007=EDGE_CURVE('',#684,#784,#464,.T.);
#1008=EDGE_CURVE('',#783,#784,#103,.T.);
#1009=EDGE_CURVE('',#779,#770,#104,.T.);
#1010=EDGE_CURVE('',#785,#781,#105,.T.);
#1011=EDGE_CURVE('',#785,#642,#465,.T.);
#1012=EDGE_CURVE('',#767,#785,#106,.T.);
#1013=EDGE_CURVE('',#774,#769,#107,.T.);
#1014=ORIENTED_EDGE('',*,*,#786,.F.);
#1015=ORIENTED_EDGE('',*,*,#787,.T.);
#1016=ORIENTED_EDGE('',*,*,#788,.F.);
#1017=ORIENTED_EDGE('',*,*,#789,.F.);
#1018=ORIENTED_EDGE('',*,*,#790,.F.);
#1019=ORIENTED_EDGE('',*,*,#791,.F.);
#1020=ORIENTED_EDGE('',*,*,#792,.T.);
#1021=ORIENTED_EDGE('',*,*,#793,.T.);
#1022=ORIENTED_EDGE('',*,*,#794,.F.);
#1023=ORIENTED_EDGE('',*,*,#788,.T.);
#1024=ORIENTED_EDGE('',*,*,#795,.T.);
#1025=ORIENTED_EDGE('',*,*,#792,.F.);
#1026=ORIENTED_EDGE('',*,*,#796,.F.);
#1027=ORIENTED_EDGE('',*,*,#793,.F.);
#1028=ORIENTED_EDGE('',*,*,#795,.F.);
#1029=ORIENTED_EDGE('',*,*,#787,.F.);
#1030=ORIENTED_EDGE('',*,*,#797,.F.);
#1031=ORIENTED_EDGE('',*,*,#798,.T.);
#1032=ORIENTED_EDGE('',*,*,#799,.T.);
#1033=ORIENTED_EDGE('',*,*,#800,.T.);
#1034=ORIENTED_EDGE('',*,*,#801,.T.);
#1035=ORIENTED_EDGE('',*,*,#802,.T.);
#1036=ORIENTED_EDGE('',*,*,#803,.T.);
#1037=ORIENTED_EDGE('',*,*,#804,.T.);
#1038=ORIENTED_EDGE('',*,*,#805,.T.);
#1039=ORIENTED_EDGE('',*,*,#806,.T.);
#1040=ORIENTED_EDGE('',*,*,#807,.T.);
#1041=ORIENTED_EDGE('',*,*,#808,.T.);
#1042=ORIENTED_EDGE('',*,*,#809,.T.);
#1043=ORIENTED_EDGE('',*,*,#810,.T.);
#1044=ORIENTED_EDGE('',*,*,#811,.T.);
#1045=ORIENTED_EDGE('',*,*,#812,.T.);
#1046=ORIENTED_EDGE('',*,*,#813,.T.);
#1047=ORIENTED_EDGE('',*,*,#814,.T.);
#1048=ORIENTED_EDGE('',*,*,#815,.T.);
#1049=ORIENTED_EDGE('',*,*,#816,.T.);
#1050=ORIENTED_EDGE('',*,*,#817,.T.);
#1051=ORIENTED_EDGE('',*,*,#818,.T.);
#1052=ORIENTED_EDGE('',*,*,#819,.T.);
#1053=ORIENTED_EDGE('',*,*,#820,.T.);
#1054=ORIENTED_EDGE('',*,*,#821,.T.);
#1055=ORIENTED_EDGE('',*,*,#822,.T.);
#1056=ORIENTED_EDGE('',*,*,#823,.T.);
#1057=ORIENTED_EDGE('',*,*,#824,.T.);
#1058=ORIENTED_EDGE('',*,*,#825,.T.);
#1059=ORIENTED_EDGE('',*,*,#826,.T.);
#1060=ORIENTED_EDGE('',*,*,#827,.T.);
#1061=ORIENTED_EDGE('',*,*,#828,.T.);
#1062=ORIENTED_EDGE('',*,*,#829,.T.);
#1063=ORIENTED_EDGE('',*,*,#830,.T.);
#1064=ORIENTED_EDGE('',*,*,#831,.T.);
#1065=ORIENTED_EDGE('',*,*,#832,.T.);
#1066=ORIENTED_EDGE('',*,*,#833,.T.);
#1067=ORIENTED_EDGE('',*,*,#834,.T.);
#1068=ORIENTED_EDGE('',*,*,#835,.T.);
#1069=ORIENTED_EDGE('',*,*,#836,.T.);
#1070=ORIENTED_EDGE('',*,*,#837,.T.);
#1071=ORIENTED_EDGE('',*,*,#789,.T.);
#1072=ORIENTED_EDGE('',*,*,#794,.T.);
#1073=ORIENTED_EDGE('',*,*,#791,.T.);
#1074=ORIENTED_EDGE('',*,*,#838,.F.);
#1075=ORIENTED_EDGE('',*,*,#839,.F.);
#1076=ORIENTED_EDGE('',*,*,#840,.F.);
#1077=ORIENTED_EDGE('',*,*,#841,.T.);
#1078=ORIENTED_EDGE('',*,*,#842,.T.);
#1079=ORIENTED_EDGE('',*,*,#843,.T.);
#1080=ORIENTED_EDGE('',*,*,#844,.F.);
#1081=ORIENTED_EDGE('',*,*,#845,.F.);
#1082=ORIENTED_EDGE('',*,*,#846,.F.);
#1083=ORIENTED_EDGE('',*,*,#847,.T.);
#1084=ORIENTED_EDGE('',*,*,#848,.F.);
#1085=ORIENTED_EDGE('',*,*,#841,.F.);
#1086=ORIENTED_EDGE('',*,*,#849,.F.);
#1087=ORIENTED_EDGE('',*,*,#843,.F.);
#1088=ORIENTED_EDGE('',*,*,#850,.T.);
#1089=ORIENTED_EDGE('',*,*,#851,.T.);
#1090=ORIENTED_EDGE('',*,*,#842,.F.);
#1091=ORIENTED_EDGE('',*,*,#848,.T.);
#1092=ORIENTED_EDGE('',*,*,#852,.T.);
#1093=ORIENTED_EDGE('',*,*,#850,.F.);
#1094=ORIENTED_EDGE('',*,*,#853,.F.);
#1095=ORIENTED_EDGE('',*,*,#851,.F.);
#1096=ORIENTED_EDGE('',*,*,#852,.F.);
#1097=ORIENTED_EDGE('',*,*,#847,.F.);
#1098=ORIENTED_EDGE('',*,*,#798,.F.);
#1099=ORIENTED_EDGE('',*,*,#854,.T.);
#1100=ORIENTED_EDGE('',*,*,#855,.T.);
#1101=ORIENTED_EDGE('',*,*,#856,.F.);
#1102=ORIENTED_EDGE('',*,*,#801,.F.);
#1103=ORIENTED_EDGE('',*,*,#857,.T.);
#1104=ORIENTED_EDGE('',*,*,#858,.T.);
#1105=ORIENTED_EDGE('',*,*,#854,.F.);
#1106=ORIENTED_EDGE('',*,*,#800,.F.);
#1107=ORIENTED_EDGE('',*,*,#859,.T.);
#1108=ORIENTED_EDGE('',*,*,#860,.T.);
#1109=ORIENTED_EDGE('',*,*,#857,.F.);
#1110=ORIENTED_EDGE('',*,*,#799,.F.);
#1111=ORIENTED_EDGE('',*,*,#856,.T.);
#1112=ORIENTED_EDGE('',*,*,#861,.T.);
#1113=ORIENTED_EDGE('',*,*,#859,.F.);
#1114=ORIENTED_EDGE('',*,*,#861,.F.);
#1115=ORIENTED_EDGE('',*,*,#855,.F.);
#1116=ORIENTED_EDGE('',*,*,#858,.F.);
#1117=ORIENTED_EDGE('',*,*,#860,.F.);
#1118=ORIENTED_EDGE('',*,*,#802,.F.);
#1119=ORIENTED_EDGE('',*,*,#862,.T.);
#1120=ORIENTED_EDGE('',*,*,#863,.T.);
#1121=ORIENTED_EDGE('',*,*,#864,.F.);
#1122=ORIENTED_EDGE('',*,*,#805,.F.);
#1123=ORIENTED_EDGE('',*,*,#865,.T.);
#1124=ORIENTED_EDGE('',*,*,#866,.T.);
#1125=ORIENTED_EDGE('',*,*,#862,.F.);
#1126=ORIENTED_EDGE('',*,*,#804,.F.);
#1127=ORIENTED_EDGE('',*,*,#867,.T.);
#1128=ORIENTED_EDGE('',*,*,#868,.T.);
#1129=ORIENTED_EDGE('',*,*,#865,.F.);
#1130=ORIENTED_EDGE('',*,*,#803,.F.);
#1131=ORIENTED_EDGE('',*,*,#864,.T.);
#1132=ORIENTED_EDGE('',*,*,#869,.T.);
#1133=ORIENTED_EDGE('',*,*,#867,.F.);
#1134=ORIENTED_EDGE('',*,*,#869,.F.);
#1135=ORIENTED_EDGE('',*,*,#863,.F.);
#1136=ORIENTED_EDGE('',*,*,#866,.F.);
#1137=ORIENTED_EDGE('',*,*,#868,.F.);
#1138=ORIENTED_EDGE('',*,*,#806,.F.);
#1139=ORIENTED_EDGE('',*,*,#870,.T.);
#1140=ORIENTED_EDGE('',*,*,#871,.T.);
#1141=ORIENTED_EDGE('',*,*,#872,.F.);
#1142=ORIENTED_EDGE('',*,*,#809,.F.);
#1143=ORIENTED_EDGE('',*,*,#873,.T.);
#1144=ORIENTED_EDGE('',*,*,#874,.T.);
#1145=ORIENTED_EDGE('',*,*,#870,.F.);
#1146=ORIENTED_EDGE('',*,*,#808,.F.);
#1147=ORIENTED_EDGE('',*,*,#875,.T.);
#1148=ORIENTED_EDGE('',*,*,#876,.T.);
#1149=ORIENTED_EDGE('',*,*,#873,.F.);
#1150=ORIENTED_EDGE('',*,*,#807,.F.);
#1151=ORIENTED_EDGE('',*,*,#872,.T.);
#1152=ORIENTED_EDGE('',*,*,#877,.T.);
#1153=ORIENTED_EDGE('',*,*,#875,.F.);
#1154=ORIENTED_EDGE('',*,*,#877,.F.);
#1155=ORIENTED_EDGE('',*,*,#871,.F.);
#1156=ORIENTED_EDGE('',*,*,#874,.F.);
#1157=ORIENTED_EDGE('',*,*,#876,.F.);
#1158=ORIENTED_EDGE('',*,*,#810,.F.);
#1159=ORIENTED_EDGE('',*,*,#878,.T.);
#1160=ORIENTED_EDGE('',*,*,#879,.T.);
#1161=ORIENTED_EDGE('',*,*,#880,.F.);
#1162=ORIENTED_EDGE('',*,*,#813,.F.);
#1163=ORIENTED_EDGE('',*,*,#881,.T.);
#1164=ORIENTED_EDGE('',*,*,#882,.T.);
#1165=ORIENTED_EDGE('',*,*,#878,.F.);
#1166=ORIENTED_EDGE('',*,*,#812,.F.);
#1167=ORIENTED_EDGE('',*,*,#883,.T.);
#1168=ORIENTED_EDGE('',*,*,#884,.T.);
#1169=ORIENTED_EDGE('',*,*,#881,.F.);
#1170=ORIENTED_EDGE('',*,*,#811,.F.);
#1171=ORIENTED_EDGE('',*,*,#880,.T.);
#1172=ORIENTED_EDGE('',*,*,#885,.T.);
#1173=ORIENTED_EDGE('',*,*,#883,.F.);
#1174=ORIENTED_EDGE('',*,*,#885,.F.);
#1175=ORIENTED_EDGE('',*,*,#879,.F.);
#1176=ORIENTED_EDGE('',*,*,#882,.F.);
#1177=ORIENTED_EDGE('',*,*,#884,.F.);
#1178=ORIENTED_EDGE('',*,*,#814,.F.);
#1179=ORIENTED_EDGE('',*,*,#886,.T.);
#1180=ORIENTED_EDGE('',*,*,#887,.T.);
#1181=ORIENTED_EDGE('',*,*,#888,.F.);
#1182=ORIENTED_EDGE('',*,*,#817,.F.);
#1183=ORIENTED_EDGE('',*,*,#889,.T.);
#1184=ORIENTED_EDGE('',*,*,#890,.T.);
#1185=ORIENTED_EDGE('',*,*,#886,.F.);
#1186=ORIENTED_EDGE('',*,*,#816,.F.);
#1187=ORIENTED_EDGE('',*,*,#891,.T.);
#1188=ORIENTED_EDGE('',*,*,#892,.T.);
#1189=ORIENTED_EDGE('',*,*,#889,.F.);
#1190=ORIENTED_EDGE('',*,*,#815,.F.);
#1191=ORIENTED_EDGE('',*,*,#888,.T.);
#1192=ORIENTED_EDGE('',*,*,#893,.T.);
#1193=ORIENTED_EDGE('',*,*,#891,.F.);
#1194=ORIENTED_EDGE('',*,*,#893,.F.);
#1195=ORIENTED_EDGE('',*,*,#887,.F.);
#1196=ORIENTED_EDGE('',*,*,#890,.F.);
#1197=ORIENTED_EDGE('',*,*,#892,.F.);
#1198=ORIENTED_EDGE('',*,*,#818,.F.);
#1199=ORIENTED_EDGE('',*,*,#894,.T.);
#1200=ORIENTED_EDGE('',*,*,#895,.T.);
#1201=ORIENTED_EDGE('',*,*,#896,.F.);
#1202=ORIENTED_EDGE('',*,*,#821,.F.);
#1203=ORIENTED_EDGE('',*,*,#897,.T.);
#1204=ORIENTED_EDGE('',*,*,#898,.T.);
#1205=ORIENTED_EDGE('',*,*,#894,.F.);
#1206=ORIENTED_EDGE('',*,*,#820,.F.);
#1207=ORIENTED_EDGE('',*,*,#899,.T.);
#1208=ORIENTED_EDGE('',*,*,#900,.T.);
#1209=ORIENTED_EDGE('',*,*,#897,.F.);
#1210=ORIENTED_EDGE('',*,*,#819,.F.);
#1211=ORIENTED_EDGE('',*,*,#896,.T.);
#1212=ORIENTED_EDGE('',*,*,#901,.T.);
#1213=ORIENTED_EDGE('',*,*,#899,.F.);
#1214=ORIENTED_EDGE('',*,*,#901,.F.);
#1215=ORIENTED_EDGE('',*,*,#895,.F.);
#1216=ORIENTED_EDGE('',*,*,#898,.F.);
#1217=ORIENTED_EDGE('',*,*,#900,.F.);
#1218=ORIENTED_EDGE('',*,*,#822,.F.);
#1219=ORIENTED_EDGE('',*,*,#902,.T.);
#1220=ORIENTED_EDGE('',*,*,#903,.T.);
#1221=ORIENTED_EDGE('',*,*,#904,.F.);
#1222=ORIENTED_EDGE('',*,*,#825,.F.);
#1223=ORIENTED_EDGE('',*,*,#905,.T.);
#1224=ORIENTED_EDGE('',*,*,#906,.T.);
#1225=ORIENTED_EDGE('',*,*,#902,.F.);
#1226=ORIENTED_EDGE('',*,*,#824,.F.);
#1227=ORIENTED_EDGE('',*,*,#907,.T.);
#1228=ORIENTED_EDGE('',*,*,#908,.T.);
#1229=ORIENTED_EDGE('',*,*,#905,.F.);
#1230=ORIENTED_EDGE('',*,*,#823,.F.);
#1231=ORIENTED_EDGE('',*,*,#904,.T.);
#1232=ORIENTED_EDGE('',*,*,#909,.T.);
#1233=ORIENTED_EDGE('',*,*,#907,.F.);
#1234=ORIENTED_EDGE('',*,*,#909,.F.);
#1235=ORIENTED_EDGE('',*,*,#903,.F.);
#1236=ORIENTED_EDGE('',*,*,#906,.F.);
#1237=ORIENTED_EDGE('',*,*,#908,.F.);
#1238=ORIENTED_EDGE('',*,*,#826,.F.);
#1239=ORIENTED_EDGE('',*,*,#910,.T.);
#1240=ORIENTED_EDGE('',*,*,#911,.T.);
#1241=ORIENTED_EDGE('',*,*,#912,.F.);
#1242=ORIENTED_EDGE('',*,*,#829,.F.);
#1243=ORIENTED_EDGE('',*,*,#913,.T.);
#1244=ORIENTED_EDGE('',*,*,#914,.T.);
#1245=ORIENTED_EDGE('',*,*,#910,.F.);
#1246=ORIENTED_EDGE('',*,*,#828,.F.);
#1247=ORIENTED_EDGE('',*,*,#915,.T.);
#1248=ORIENTED_EDGE('',*,*,#916,.T.);
#1249=ORIENTED_EDGE('',*,*,#913,.F.);
#1250=ORIENTED_EDGE('',*,*,#827,.F.);
#1251=ORIENTED_EDGE('',*,*,#912,.T.);
#1252=ORIENTED_EDGE('',*,*,#917,.T.);
#1253=ORIENTED_EDGE('',*,*,#915,.F.);
#1254=ORIENTED_EDGE('',*,*,#917,.F.);
#1255=ORIENTED_EDGE('',*,*,#911,.F.);
#1256=ORIENTED_EDGE('',*,*,#914,.F.);
#1257=ORIENTED_EDGE('',*,*,#916,.F.);
#1258=ORIENTED_EDGE('',*,*,#830,.F.);
#1259=ORIENTED_EDGE('',*,*,#918,.T.);
#1260=ORIENTED_EDGE('',*,*,#919,.T.);
#1261=ORIENTED_EDGE('',*,*,#920,.F.);
#1262=ORIENTED_EDGE('',*,*,#833,.F.);
#1263=ORIENTED_EDGE('',*,*,#921,.T.);
#1264=ORIENTED_EDGE('',*,*,#922,.T.);
#1265=ORIENTED_EDGE('',*,*,#918,.F.);
#1266=ORIENTED_EDGE('',*,*,#832,.F.);
#1267=ORIENTED_EDGE('',*,*,#923,.T.);
#1268=ORIENTED_EDGE('',*,*,#924,.T.);
#1269=ORIENTED_EDGE('',*,*,#921,.F.);
#1270=ORIENTED_EDGE('',*,*,#831,.F.);
#1271=ORIENTED_EDGE('',*,*,#920,.T.);
#1272=ORIENTED_EDGE('',*,*,#925,.T.);
#1273=ORIENTED_EDGE('',*,*,#923,.F.);
#1274=ORIENTED_EDGE('',*,*,#925,.F.);
#1275=ORIENTED_EDGE('',*,*,#919,.F.);
#1276=ORIENTED_EDGE('',*,*,#922,.F.);
#1277=ORIENTED_EDGE('',*,*,#924,.F.);
#1278=ORIENTED_EDGE('',*,*,#834,.F.);
#1279=ORIENTED_EDGE('',*,*,#926,.T.);
#1280=ORIENTED_EDGE('',*,*,#927,.T.);
#1281=ORIENTED_EDGE('',*,*,#928,.F.);
#1282=ORIENTED_EDGE('',*,*,#837,.F.);
#1283=ORIENTED_EDGE('',*,*,#929,.T.);
#1284=ORIENTED_EDGE('',*,*,#930,.T.);
#1285=ORIENTED_EDGE('',*,*,#926,.F.);
#1286=ORIENTED_EDGE('',*,*,#836,.F.);
#1287=ORIENTED_EDGE('',*,*,#931,.T.);
#1288=ORIENTED_EDGE('',*,*,#932,.T.);
#1289=ORIENTED_EDGE('',*,*,#929,.F.);
#1290=ORIENTED_EDGE('',*,*,#835,.F.);
#1291=ORIENTED_EDGE('',*,*,#928,.T.);
#1292=ORIENTED_EDGE('',*,*,#933,.T.);
#1293=ORIENTED_EDGE('',*,*,#931,.F.);
#1294=ORIENTED_EDGE('',*,*,#933,.F.);
#1295=ORIENTED_EDGE('',*,*,#927,.F.);
#1296=ORIENTED_EDGE('',*,*,#930,.F.);
#1297=ORIENTED_EDGE('',*,*,#932,.F.);
#1298=ORIENTED_EDGE('',*,*,#934,.F.);
#1299=ORIENTED_EDGE('',*,*,#935,.T.);
#1300=ORIENTED_EDGE('',*,*,#936,.F.);
#1301=ORIENTED_EDGE('',*,*,#937,.F.);
#1302=ORIENTED_EDGE('',*,*,#938,.F.);
#1303=ORIENTED_EDGE('',*,*,#939,.T.);
#1304=ORIENTED_EDGE('',*,*,#940,.F.);
#1305=ORIENTED_EDGE('',*,*,#941,.F.);
#1306=ORIENTED_EDGE('',*,*,#940,.T.);
#1307=ORIENTED_EDGE('',*,*,#942,.T.);
#1308=ORIENTED_EDGE('',*,*,#936,.T.);
#1309=ORIENTED_EDGE('',*,*,#943,.T.);
#1310=ORIENTED_EDGE('',*,*,#938,.T.);
#1311=ORIENTED_EDGE('',*,*,#944,.T.);
#1312=ORIENTED_EDGE('',*,*,#945,.T.);
#1313=ORIENTED_EDGE('',*,*,#946,.T.);
#1314=ORIENTED_EDGE('',*,*,#947,.F.);
#1315=ORIENTED_EDGE('',*,*,#948,.T.);
#1316=ORIENTED_EDGE('',*,*,#949,.F.);
#1317=ORIENTED_EDGE('',*,*,#950,.F.);
#1318=ORIENTED_EDGE('',*,*,#951,.F.);
#1319=ORIENTED_EDGE('',*,*,#952,.T.);
#1320=ORIENTED_EDGE('',*,*,#953,.F.);
#1321=ORIENTED_EDGE('',*,*,#954,.F.);
#1322=ORIENTED_EDGE('',*,*,#953,.T.);
#1323=ORIENTED_EDGE('',*,*,#955,.T.);
#1324=ORIENTED_EDGE('',*,*,#949,.T.);
#1325=ORIENTED_EDGE('',*,*,#956,.T.);
#1326=ORIENTED_EDGE('',*,*,#951,.T.);
#1327=ORIENTED_EDGE('',*,*,#957,.T.);
#1328=ORIENTED_EDGE('',*,*,#958,.T.);
#1329=ORIENTED_EDGE('',*,*,#959,.T.);
#1330=ORIENTED_EDGE('',*,*,#960,.F.);
#1331=ORIENTED_EDGE('',*,*,#961,.T.);
#1332=ORIENTED_EDGE('',*,*,#962,.F.);
#1333=ORIENTED_EDGE('',*,*,#963,.F.);
#1334=ORIENTED_EDGE('',*,*,#964,.F.);
#1335=ORIENTED_EDGE('',*,*,#965,.T.);
#1336=ORIENTED_EDGE('',*,*,#966,.F.);
#1337=ORIENTED_EDGE('',*,*,#967,.F.);
#1338=ORIENTED_EDGE('',*,*,#966,.T.);
#1339=ORIENTED_EDGE('',*,*,#968,.T.);
#1340=ORIENTED_EDGE('',*,*,#962,.T.);
#1341=ORIENTED_EDGE('',*,*,#969,.T.);
#1342=ORIENTED_EDGE('',*,*,#964,.T.);
#1343=ORIENTED_EDGE('',*,*,#970,.T.);
#1344=ORIENTED_EDGE('',*,*,#971,.T.);
#1345=ORIENTED_EDGE('',*,*,#972,.T.);
#1346=ORIENTED_EDGE('',*,*,#973,.F.);
#1347=ORIENTED_EDGE('',*,*,#974,.T.);
#1348=ORIENTED_EDGE('',*,*,#970,.F.);
#1349=ORIENTED_EDGE('',*,*,#967,.T.);
#1350=ORIENTED_EDGE('',*,*,#969,.F.);
#1351=ORIENTED_EDGE('',*,*,#961,.F.);
#1352=ORIENTED_EDGE('',*,*,#975,.F.);
#1353=ORIENTED_EDGE('',*,*,#976,.F.);
#1354=ORIENTED_EDGE('',*,*,#977,.F.);
#1355=ORIENTED_EDGE('',*,*,#976,.T.);
#1356=ORIENTED_EDGE('',*,*,#978,.F.);
#1357=ORIENTED_EDGE('',*,*,#979,.F.);
#1358=ORIENTED_EDGE('',*,*,#980,.F.);
#1359=ORIENTED_EDGE('',*,*,#981,.T.);
#1360=ORIENTED_EDGE('',*,*,#971,.F.);
#1361=ORIENTED_EDGE('',*,*,#974,.F.);
#1362=ORIENTED_EDGE('',*,*,#960,.T.);
#1363=ORIENTED_EDGE('',*,*,#982,.T.);
#1364=ORIENTED_EDGE('',*,*,#978,.T.);
#1365=ORIENTED_EDGE('',*,*,#975,.T.);
#1366=ORIENTED_EDGE('',*,*,#983,.F.);
#1367=ORIENTED_EDGE('',*,*,#984,.T.);
#1368=ORIENTED_EDGE('',*,*,#945,.F.);
#1369=ORIENTED_EDGE('',*,*,#985,.F.);
#1370=ORIENTED_EDGE('',*,*,#986,.F.);
#1371=ORIENTED_EDGE('',*,*,#985,.T.);
#1372=ORIENTED_EDGE('',*,*,#944,.F.);
#1373=ORIENTED_EDGE('',*,*,#941,.T.);
#1374=ORIENTED_EDGE('',*,*,#943,.F.);
#1375=ORIENTED_EDGE('',*,*,#935,.F.);
#1376=ORIENTED_EDGE('',*,*,#987,.F.);
#1377=ORIENTED_EDGE('',*,*,#988,.F.);
#1378=ORIENTED_EDGE('',*,*,#989,.F.);
#1379=ORIENTED_EDGE('',*,*,#988,.T.);
#1380=ORIENTED_EDGE('',*,*,#990,.F.);
#1381=ORIENTED_EDGE('',*,*,#991,.F.);
#1382=ORIENTED_EDGE('',*,*,#934,.T.);
#1383=ORIENTED_EDGE('',*,*,#992,.T.);
#1384=ORIENTED_EDGE('',*,*,#990,.T.);
#1385=ORIENTED_EDGE('',*,*,#987,.T.);
#1386=ORIENTED_EDGE('',*,*,#993,.F.);
#1387=ORIENTED_EDGE('',*,*,#994,.T.);
#1388=ORIENTED_EDGE('',*,*,#957,.F.);
#1389=ORIENTED_EDGE('',*,*,#954,.T.);
#1390=ORIENTED_EDGE('',*,*,#956,.F.);
#1391=ORIENTED_EDGE('',*,*,#948,.F.);
#1392=ORIENTED_EDGE('',*,*,#995,.F.);
#1393=ORIENTED_EDGE('',*,*,#996,.F.);
#1394=ORIENTED_EDGE('',*,*,#997,.F.);
#1395=ORIENTED_EDGE('',*,*,#996,.T.);
#1396=ORIENTED_EDGE('',*,*,#998,.F.);
#1397=ORIENTED_EDGE('',*,*,#999,.F.);
#1398=ORIENTED_EDGE('',*,*,#1000,.F.);
#1399=ORIENTED_EDGE('',*,*,#1001,.T.);
#1400=ORIENTED_EDGE('',*,*,#958,.F.);
#1401=ORIENTED_EDGE('',*,*,#994,.F.);
#1402=ORIENTED_EDGE('',*,*,#947,.T.);
#1403=ORIENTED_EDGE('',*,*,#1002,.T.);
#1404=ORIENTED_EDGE('',*,*,#998,.T.);
#1405=ORIENTED_EDGE('',*,*,#995,.T.);
#1406=ORIENTED_EDGE('',*,*,#1003,.F.);
#1407=ORIENTED_EDGE('',*,*,#1004,.T.);
#1408=ORIENTED_EDGE('',*,*,#845,.T.);
#1409=ORIENTED_EDGE('',*,*,#1004,.F.);
#1410=ORIENTED_EDGE('',*,*,#839,.T.);
#1411=ORIENTED_EDGE('',*,*,#1005,.T.);
#1412=ORIENTED_EDGE('',*,*,#1006,.F.);
#1413=ORIENTED_EDGE('',*,*,#1007,.F.);
#1414=ORIENTED_EDGE('',*,*,#786,.T.);
#1415=ORIENTED_EDGE('',*,*,#844,.T.);
#1416=ORIENTED_EDGE('',*,*,#849,.T.);
#1417=ORIENTED_EDGE('',*,*,#853,.T.);
#1418=ORIENTED_EDGE('',*,*,#846,.T.);
#1419=ORIENTED_EDGE('',*,*,#840,.T.);
#1420=ORIENTED_EDGE('',*,*,#1007,.T.);
#1421=ORIENTED_EDGE('',*,*,#1008,.F.);
#1422=ORIENTED_EDGE('',*,*,#1005,.F.);
#1423=ORIENTED_EDGE('',*,*,#838,.T.);
#1424=ORIENTED_EDGE('',*,*,#790,.T.);
#1425=ORIENTED_EDGE('',*,*,#796,.T.);
#1426=ORIENTED_EDGE('',*,*,#1009,.F.);
#1427=ORIENTED_EDGE('',*,*,#999,.T.);
#1428=ORIENTED_EDGE('',*,*,#1002,.F.);
#1429=ORIENTED_EDGE('',*,*,#950,.T.);
#1430=ORIENTED_EDGE('',*,*,#955,.F.);
#1431=ORIENTED_EDGE('',*,*,#952,.F.);
#1432=ORIENTED_EDGE('',*,*,#959,.F.);
#1433=ORIENTED_EDGE('',*,*,#1001,.F.);
#1434=ORIENTED_EDGE('',*,*,#1010,.F.);
#1435=ORIENTED_EDGE('',*,*,#1011,.T.);
#1436=ORIENTED_EDGE('',*,*,#797,.T.);
#1437=ORIENTED_EDGE('',*,*,#1011,.F.);
#1438=ORIENTED_EDGE('',*,*,#1012,.F.);
#1439=ORIENTED_EDGE('',*,*,#979,.T.);
#1440=ORIENTED_EDGE('',*,*,#982,.F.);
#1441=ORIENTED_EDGE('',*,*,#963,.T.);
#1442=ORIENTED_EDGE('',*,*,#968,.F.);
#1443=ORIENTED_EDGE('',*,*,#965,.F.);
#1444=ORIENTED_EDGE('',*,*,#972,.F.);
#1445=ORIENTED_EDGE('',*,*,#981,.F.);
#1446=ORIENTED_EDGE('',*,*,#1013,.F.);
#1447=ORIENTED_EDGE('',*,*,#991,.T.);
#1448=ORIENTED_EDGE('',*,*,#992,.F.);
#1449=ORIENTED_EDGE('',*,*,#937,.T.);
#1450=ORIENTED_EDGE('',*,*,#942,.F.);
#1451=ORIENTED_EDGE('',*,*,#939,.F.);
#1452=ORIENTED_EDGE('',*,*,#946,.F.);
#1453=ORIENTED_EDGE('',*,*,#984,.F.);
#1454=ORIENTED_EDGE('',*,*,#977,.T.);
#1455=ORIENTED_EDGE('',*,*,#1012,.T.);
#1456=ORIENTED_EDGE('',*,*,#1010,.T.);
#1457=ORIENTED_EDGE('',*,*,#1000,.T.);
#1458=ORIENTED_EDGE('',*,*,#993,.T.);
#1459=ORIENTED_EDGE('',*,*,#997,.T.);
#1460=ORIENTED_EDGE('',*,*,#1009,.T.);
#1461=ORIENTED_EDGE('',*,*,#983,.T.);
#1462=ORIENTED_EDGE('',*,*,#986,.T.);
#1463=ORIENTED_EDGE('',*,*,#989,.T.);
#1464=ORIENTED_EDGE('',*,*,#1013,.T.);
#1465=ORIENTED_EDGE('',*,*,#980,.T.);
#1466=ORIENTED_EDGE('',*,*,#973,.T.);
#1467=ORIENTED_EDGE('',*,*,#1008,.T.);
#1468=ORIENTED_EDGE('',*,*,#1006,.T.);
#1469=ORIENTED_EDGE('',*,*,#1003,.T.);
#1470=PLANE('',#1641);
#1471=PLANE('',#1642);
#1472=PLANE('',#1643);
#1473=PLANE('',#1644);
#1474=PLANE('',#1646);
#1475=PLANE('',#1653);
#1476=PLANE('',#1654);
#1477=PLANE('',#1655);
#1478=PLANE('',#1656);
#1479=PLANE('',#1658);
#1480=PLANE('',#1659);
#1481=PLANE('',#1660);
#1482=PLANE('',#1661);
#1483=PLANE('',#1662);
#1484=PLANE('',#1663);
#1485=PLANE('',#1664);
#1486=PLANE('',#1665);
#1487=PLANE('',#1666);
#1488=PLANE('',#1667);
#1489=PLANE('',#1668);
#1490=PLANE('',#1669);
#1491=PLANE('',#1670);
#1492=PLANE('',#1671);
#1493=PLANE('',#1672);
#1494=PLANE('',#1673);
#1495=PLANE('',#1674);
#1496=PLANE('',#1675);
#1497=PLANE('',#1676);
#1498=PLANE('',#1677);
#1499=PLANE('',#1678);
#1500=PLANE('',#1679);
#1501=PLANE('',#1680);
#1502=PLANE('',#1681);
#1503=PLANE('',#1682);
#1504=PLANE('',#1683);
#1505=PLANE('',#1684);
#1506=PLANE('',#1685);
#1507=PLANE('',#1686);
#1508=PLANE('',#1687);
#1509=PLANE('',#1688);
#1510=PLANE('',#1689);
#1511=PLANE('',#1690);
#1512=PLANE('',#1691);
#1513=PLANE('',#1692);
#1514=PLANE('',#1693);
#1515=PLANE('',#1694);
#1516=PLANE('',#1695);
#1517=PLANE('',#1696);
#1518=PLANE('',#1697);
#1519=PLANE('',#1698);
#1520=PLANE('',#1699);
#1521=PLANE('',#1700);
#1522=PLANE('',#1701);
#1523=PLANE('',#1702);
#1524=PLANE('',#1703);
#1525=PLANE('',#1704);
#1526=PLANE('',#1705);
#1527=PLANE('',#1706);
#1528=PLANE('',#1707);
#1529=PLANE('',#1714);
#1530=PLANE('',#1717);
#1531=PLANE('',#1727);
#1532=PLANE('',#1730);
#1533=PLANE('',#1740);
#1534=PLANE('',#1743);
#1535=PLANE('',#1755);
#1536=PLANE('',#1765);
#1537=PLANE('',#1775);
#1538=PLANE('',#1788);
#1539=ADVANCED_FACE('',(#108),#1470,.F.);
#1540=ADVANCED_FACE('',(#109),#1471,.F.);
#1541=ADVANCED_FACE('',(#110),#1472,.F.);
#1542=ADVANCED_FACE('',(#111),#1473,.F.);
#1543=ADVANCED_FACE('',(#112,#34,#35,#36,#37,#38,#39,#40,#41,#42,#43,#44,
#45),#1474,.F.);
#1544=ADVANCED_FACE('',(#113),#1475,.F.);
#1545=ADVANCED_FACE('',(#114),#1476,.F.);
#1546=ADVANCED_FACE('',(#115),#1477,.F.);
#1547=ADVANCED_FACE('',(#116),#1478,.F.);
#1548=ADVANCED_FACE('',(#117),#1479,.F.);
#1549=ADVANCED_FACE('',(#118),#1480,.F.);
#1550=ADVANCED_FACE('',(#119),#1481,.F.);
#1551=ADVANCED_FACE('',(#120),#1482,.F.);
#1552=ADVANCED_FACE('',(#121),#1483,.F.);
#1553=ADVANCED_FACE('',(#122),#1484,.F.);
#1554=ADVANCED_FACE('',(#123),#1485,.F.);
#1555=ADVANCED_FACE('',(#124),#1486,.F.);
#1556=ADVANCED_FACE('',(#125),#1487,.F.);
#1557=ADVANCED_FACE('',(#126),#1488,.F.);
#1558=ADVANCED_FACE('',(#127),#1489,.F.);
#1559=ADVANCED_FACE('',(#128),#1490,.F.);
#1560=ADVANCED_FACE('',(#129),#1491,.F.);
#1561=ADVANCED_FACE('',(#130),#1492,.F.);
#1562=ADVANCED_FACE('',(#131),#1493,.F.);
#1563=ADVANCED_FACE('',(#132),#1494,.F.);
#1564=ADVANCED_FACE('',(#133),#1495,.F.);
#1565=ADVANCED_FACE('',(#134),#1496,.F.);
#1566=ADVANCED_FACE('',(#135),#1497,.F.);
#1567=ADVANCED_FACE('',(#136),#1498,.F.);
#1568=ADVANCED_FACE('',(#137),#1499,.F.);
#1569=ADVANCED_FACE('',(#138),#1500,.F.);
#1570=ADVANCED_FACE('',(#139),#1501,.F.);
#1571=ADVANCED_FACE('',(#140),#1502,.F.);
#1572=ADVANCED_FACE('',(#141),#1503,.F.);
#1573=ADVANCED_FACE('',(#142),#1504,.F.);
#1574=ADVANCED_FACE('',(#143),#1505,.F.);
#1575=ADVANCED_FACE('',(#144),#1506,.F.);
#1576=ADVANCED_FACE('',(#145),#1507,.F.);
#1577=ADVANCED_FACE('',(#146),#1508,.F.);
#1578=ADVANCED_FACE('',(#147),#1509,.F.);
#1579=ADVANCED_FACE('',(#148),#1510,.F.);
#1580=ADVANCED_FACE('',(#149),#1511,.F.);
#1581=ADVANCED_FACE('',(#150),#1512,.F.);
#1582=ADVANCED_FACE('',(#151),#1513,.F.);
#1583=ADVANCED_FACE('',(#152),#1514,.F.);
#1584=ADVANCED_FACE('',(#153),#1515,.F.);
#1585=ADVANCED_FACE('',(#154),#1516,.F.);
#1586=ADVANCED_FACE('',(#155),#1517,.F.);
#1587=ADVANCED_FACE('',(#156),#1518,.F.);
#1588=ADVANCED_FACE('',(#157),#1519,.F.);
#1589=ADVANCED_FACE('',(#158),#1520,.F.);
#1590=ADVANCED_FACE('',(#159),#1521,.F.);
#1591=ADVANCED_FACE('',(#160),#1522,.F.);
#1592=ADVANCED_FACE('',(#161),#1523,.F.);
#1593=ADVANCED_FACE('',(#162),#1524,.F.);
#1594=ADVANCED_FACE('',(#163),#1525,.F.);
#1595=ADVANCED_FACE('',(#164),#1526,.F.);
#1596=ADVANCED_FACE('',(#165),#1527,.F.);
#1597=ADVANCED_FACE('',(#166),#1528,.F.);
#1598=ADVANCED_FACE('',(#167),#15,.T.);
#1599=ADVANCED_FACE('',(#168),#16,.T.);
#1600=ADVANCED_FACE('',(#169),#1529,.T.);
#1601=ADVANCED_FACE('',(#170),#1530,.T.);
#1602=ADVANCED_FACE('',(#171),#17,.T.);
#1603=ADVANCED_FACE('',(#172),#18,.T.);
#1604=ADVANCED_FACE('',(#173),#1531,.T.);
#1605=ADVANCED_FACE('',(#174),#1532,.T.);
#1606=ADVANCED_FACE('',(#175),#19,.T.);
#1607=ADVANCED_FACE('',(#176),#20,.T.);
#1608=ADVANCED_FACE('',(#177),#1533,.T.);
#1609=ADVANCED_FACE('',(#178),#1534,.T.);
#1610=ADVANCED_FACE('',(#179),#21,.F.);
#1611=ADVANCED_FACE('',(#180),#22,.T.);
#1612=ADVANCED_FACE('',(#181),#23,.T.);
#1613=ADVANCED_FACE('',(#182),#1535,.T.);
#1614=ADVANCED_FACE('',(#183),#24,.T.);
#1615=ADVANCED_FACE('',(#184),#25,.F.);
#1616=ADVANCED_FACE('',(#185),#26,.T.);
#1617=ADVANCED_FACE('',(#186),#1536,.T.);
#1618=ADVANCED_FACE('',(#187),#27,.F.);
#1619=ADVANCED_FACE('',(#188),#28,.T.);
#1620=ADVANCED_FACE('',(#189),#29,.T.);
#1621=ADVANCED_FACE('',(#190),#1537,.T.);
#1622=ADVANCED_FACE('',(#191),#30,.F.);
#1623=ADVANCED_FACE('',(#192),#31,.T.);
#1624=ADVANCED_FACE('',(#193),#32,.F.);
#1625=ADVANCED_FACE('',(#194),#33,.T.);
#1626=ADVANCED_FACE('',(#195,#46,#47),#1538,.T.);
#1627=CLOSED_SHELL('',(#1539,#1540,#1541,#1542,#1543,#1544,#1545,#1546,
#1547,#1548,#1549,#1550,#1551,#1552,#1553,#1554,#1555,#1556,#1557,#1558,
#1559,#1560,#1561,#1562,#1563,#1564,#1565,#1566,#1567,#1568,#1569,#1570,
#1571,#1572,#1573,#1574,#1575,#1576,#1577,#1578,#1579,#1580,#1581,#1582,
#1583,#1584,#1585,#1586,#1587,#1588,#1589,#1590,#1591,#1592,#1593,#1594,
#1595,#1596,#1597,#1598,#1599,#1600,#1601,#1602,#1603,#1604,#1605,#1606,
#1607,#1608,#1609,#1610,#1611,#1612,#1613,#1614,#1615,#1616,#1617,#1618,
#1619,#1620,#1621,#1622,#1623,#1624,#1625,#1626));
#1628=DERIVED_UNIT_ELEMENT(#1630,1.);
#1629=DERIVED_UNIT_ELEMENT(#2729,-3.);
#1630=(
MASS_UNIT()
NAMED_UNIT(*)
SI_UNIT(.KILO.,.GRAM.)
);
#1631=DERIVED_UNIT((#1628,#1629));
#1632=MEASURE_REPRESENTATION_ITEM('density measure',
POSITIVE_RATIO_MEASURE(7850.),#1631);
#1633=PROPERTY_DEFINITION_REPRESENTATION(#1638,#1635);
#1634=PROPERTY_DEFINITION_REPRESENTATION(#1639,#1636);
#1635=REPRESENTATION('material name',(#1637),#2726);
#1636=REPRESENTATION('density',(#1632),#2726);
#1637=DESCRIPTIVE_REPRESENTATION_ITEM('Acciaio','Acciaio');
#1638=PROPERTY_DEFINITION('material property','material name',#2736);
#1639=PROPERTY_DEFINITION('material property','density of part',#2736);
#1640=AXIS2_PLACEMENT_3D('',#2255,#1789,#1790);
#1641=AXIS2_PLACEMENT_3D('',#2256,#1791,#1792);
#1642=AXIS2_PLACEMENT_3D('',#2265,#1797,#1798);
#1643=AXIS2_PLACEMENT_3D('',#2274,#1803,#1804);
#1644=AXIS2_PLACEMENT_3D('',#2277,#1807,#1808);
#1645=AXIS2_PLACEMENT_3D('',#2278,#1809,#1810);
#1646=AXIS2_PLACEMENT_3D('',#2279,#1811,#1812);
#1647=AXIS2_PLACEMENT_3D('',#2281,#1813,#1814);
#1648=AXIS2_PLACEMENT_3D('',#2363,#1855,#1856);
#1649=AXIS2_PLACEMENT_3D('',#2365,#1857,#1858);
#1650=AXIS2_PLACEMENT_3D('',#2367,#1859,#1860);
#1651=AXIS2_PLACEMENT_3D('',#2374,#1864,#1865);
#1652=AXIS2_PLACEMENT_3D('',#2376,#1866,#1867);
#1653=AXIS2_PLACEMENT_3D('',#2377,#1868,#1869);
#1654=AXIS2_PLACEMENT_3D('',#2383,#1873,#1874);
#1655=AXIS2_PLACEMENT_3D('',#2389,#1878,#1879);
#1656=AXIS2_PLACEMENT_3D('',#2391,#1881,#1882);
#1657=AXIS2_PLACEMENT_3D('',#2392,#1883,#1884);
#1658=AXIS2_PLACEMENT_3D('',#2393,#1885,#1886);
#1659=AXIS2_PLACEMENT_3D('',#2399,#1890,#1891);
#1660=AXIS2_PLACEMENT_3D('',#2403,#1894,#1895);
#1661=AXIS2_PLACEMENT_3D('',#2407,#1898,#1899);
#1662=AXIS2_PLACEMENT_3D('',#2409,#1901,#1902);
#1663=AXIS2_PLACEMENT_3D('',#2410,#1903,#1904);
#1664=AXIS2_PLACEMENT_3D('',#2416,#1908,#1909);
#1665=AXIS2_PLACEMENT_3D('',#2420,#1912,#1913);
#1666=AXIS2_PLACEMENT_3D('',#2424,#1916,#1917);
#1667=AXIS2_PLACEMENT_3D('',#2426,#1919,#1920);
#1668=AXIS2_PLACEMENT_3D('',#2427,#1921,#1922);
#1669=AXIS2_PLACEMENT_3D('',#2433,#1926,#1927);
#1670=AXIS2_PLACEMENT_3D('',#2437,#1930,#1931);
#1671=AXIS2_PLACEMENT_3D('',#2441,#1934,#1935);
#1672=AXIS2_PLACEMENT_3D('',#2443,#1937,#1938);
#1673=AXIS2_PLACEMENT_3D('',#2444,#1939,#1940);
#1674=AXIS2_PLACEMENT_3D('',#2450,#1944,#1945);
#1675=AXIS2_PLACEMENT_3D('',#2454,#1948,#1949);
#1676=AXIS2_PLACEMENT_3D('',#2458,#1952,#1953);
#1677=AXIS2_PLACEMENT_3D('',#2460,#1955,#1956);
#1678=AXIS2_PLACEMENT_3D('',#2461,#1957,#1958);
#1679=AXIS2_PLACEMENT_3D('',#2467,#1962,#1963);
#1680=AXIS2_PLACEMENT_3D('',#2471,#1966,#1967);
#1681=AXIS2_PLACEMENT_3D('',#2475,#1970,#1971);
#1682=AXIS2_PLACEMENT_3D('',#2477,#1973,#1974);
#1683=AXIS2_PLACEMENT_3D('',#2478,#1975,#1976);
#1684=AXIS2_PLACEMENT_3D('',#2484,#1980,#1981);
#1685=AXIS2_PLACEMENT_3D('',#2488,#1984,#1985);
#1686=AXIS2_PLACEMENT_3D('',#2492,#1988,#1989);
#1687=AXIS2_PLACEMENT_3D('',#2494,#1991,#1992);
#1688=AXIS2_PLACEMENT_3D('',#2495,#1993,#1994);
#1689=AXIS2_PLACEMENT_3D('',#2501,#1998,#1999);
#1690=AXIS2_PLACEMENT_3D('',#2505,#2002,#2003);
#1691=AXIS2_PLACEMENT_3D('',#2509,#2006,#2007);
#1692=AXIS2_PLACEMENT_3D('',#2511,#2009,#2010);
#1693=AXIS2_PLACEMENT_3D('',#2512,#2011,#2012);
#1694=AXIS2_PLACEMENT_3D('',#2518,#2016,#2017);
#1695=AXIS2_PLACEMENT_3D('',#2522,#2020,#2021);
#1696=AXIS2_PLACEMENT_3D('',#2526,#2024,#2025);
#1697=AXIS2_PLACEMENT_3D('',#2528,#2027,#2028);
#1698=AXIS2_PLACEMENT_3D('',#2529,#2029,#2030);
#1699=AXIS2_PLACEMENT_3D('',#2535,#2034,#2035);
#1700=AXIS2_PLACEMENT_3D('',#2539,#2038,#2039);
#1701=AXIS2_PLACEMENT_3D('',#2543,#2042,#2043);
#1702=AXIS2_PLACEMENT_3D('',#2545,#2045,#2046);
#1703=AXIS2_PLACEMENT_3D('',#2546,#2047,#2048);
#1704=AXIS2_PLACEMENT_3D('',#2552,#2052,#2053);
#1705=AXIS2_PLACEMENT_3D('',#2556,#2056,#2057);
#1706=AXIS2_PLACEMENT_3D('',#2560,#2060,#2061);
#1707=AXIS2_PLACEMENT_3D('',#2562,#2063,#2064);
#1708=AXIS2_PLACEMENT_3D('',#2563,#2065,#2066);
#1709=AXIS2_PLACEMENT_3D('',#2566,#2067,#2068);
#1710=AXIS2_PLACEMENT_3D('',#2570,#2070,#2071);
#1711=AXIS2_PLACEMENT_3D('',#2572,#2073,#2074);
#1712=AXIS2_PLACEMENT_3D('',#2575,#2075,#2076);
#1713=AXIS2_PLACEMENT_3D('',#2579,#2078,#2079);
#1714=AXIS2_PLACEMENT_3D('',#2581,#2081,#2082);
#1715=AXIS2_PLACEMENT_3D('',#2582,#2083,#2084);
#1716=AXIS2_PLACEMENT_3D('',#2583,#2085,#2086);
#1717=AXIS2_PLACEMENT_3D('',#2584,#2087,#2088);
#1718=AXIS2_PLACEMENT_3D('',#2586,#2089,#2090);
#1719=AXIS2_PLACEMENT_3D('',#2588,#2091,#2092);
#1720=AXIS2_PLACEMENT_3D('',#2589,#2093,#2094);
#1721=AXIS2_PLACEMENT_3D('',#2590,#2095,#2096);
#1722=AXIS2_PLACEMENT_3D('',#2593,#2097,#2098);
#1723=AXIS2_PLACEMENT_3D('',#2597,#2100,#2101);
#1724=AXIS2_PLACEMENT_3D('',#2599,#2103,#2104);
#1725=AXIS2_PLACEMENT_3D('',#2602,#2105,#2106);
#1726=AXIS2_PLACEMENT_3D('',#2606,#2108,#2109);
#1727=AXIS2_PLACEMENT_3D('',#2608,#2111,#2112);
#1728=AXIS2_PLACEMENT_3D('',#2609,#2113,#2114);
#1729=AXIS2_PLACEMENT_3D('',#2610,#2115,#2116);
#1730=AXIS2_PLACEMENT_3D('',#2611,#2117,#2118);
#1731=AXIS2_PLACEMENT_3D('',#2613,#2119,#2120);
#1732=AXIS2_PLACEMENT_3D('',#2615,#2121,#2122);
#1733=AXIS2_PLACEMENT_3D('',#2616,#2123,#2124);
#1734=AXIS2_PLACEMENT_3D('',#2617,#2125,#2126);
#1735=AXIS2_PLACEMENT_3D('',#2620,#2127,#2128);
#1736=AXIS2_PLACEMENT_3D('',#2624,#2130,#2131);
#1737=AXIS2_PLACEMENT_3D('',#2626,#2133,#2134);
#1738=AXIS2_PLACEMENT_3D('',#2629,#2135,#2136);
#1739=AXIS2_PLACEMENT_3D('',#2633,#2138,#2139);
#1740=AXIS2_PLACEMENT_3D('',#2635,#2141,#2142);
#1741=AXIS2_PLACEMENT_3D('',#2636,#2143,#2144);
#1742=AXIS2_PLACEMENT_3D('',#2637,#2145,#2146);
#1743=AXIS2_PLACEMENT_3D('',#2638,#2147,#2148);
#1744=AXIS2_PLACEMENT_3D('',#2640,#2149,#2150);
#1745=AXIS2_PLACEMENT_3D('',#2642,#2151,#2152);
#1746=AXIS2_PLACEMENT_3D('',#2643,#2153,#2154);
#1747=AXIS2_PLACEMENT_3D('',#2644,#2155,#2156);
#1748=AXIS2_PLACEMENT_3D('',#2647,#2157,#2158);
#1749=AXIS2_PLACEMENT_3D('',#2650,#2160,#2161);
#1750=AXIS2_PLACEMENT_3D('',#2652,#2163,#2164);
#1751=AXIS2_PLACEMENT_3D('',#2654,#2165,#2166);
#1752=AXIS2_PLACEMENT_3D('',#2656,#2167,#2168);
#1753=AXIS2_PLACEMENT_3D('',#2658,#2170,#2171);
#1754=AXIS2_PLACEMENT_3D('',#2660,#2172,#2173);
#1755=AXIS2_PLACEMENT_3D('',#2662,#2175,#2176);
#1756=AXIS2_PLACEMENT_3D('',#2663,#2177,#2178);
#1757=AXIS2_PLACEMENT_3D('',#2664,#2179,#2180);
#1758=AXIS2_PLACEMENT_3D('',#2667,#2181,#2182);
#1759=AXIS2_PLACEMENT_3D('',#2670,#2185,#2186);
#1760=AXIS2_PLACEMENT_3D('',#2672,#2187,#2188);
#1761=AXIS2_PLACEMENT_3D('',#2674,#2189,#2190);
#1762=AXIS2_PLACEMENT_3D('',#2676,#2192,#2193);
#1763=AXIS2_PLACEMENT_3D('',#2678,#2194,#2195);
#1764=AXIS2_PLACEMENT_3D('',#2680,#2196,#2197);
#1765=AXIS2_PLACEMENT_3D('',#2682,#2199,#2200);
#1766=AXIS2_PLACEMENT_3D('',#2683,#2201,#2202);
#1767=AXIS2_PLACEMENT_3D('',#2684,#2203,#2204);
#1768=AXIS2_PLACEMENT_3D('',#2687,#2205,#2206);
#1769=AXIS2_PLACEMENT_3D('',#2690,#2208,#2209);
#1770=AXIS2_PLACEMENT_3D('',#2692,#2211,#2212);
#1771=AXIS2_PLACEMENT_3D('',#2694,#2213,#2214);
#1772=AXIS2_PLACEMENT_3D('',#2696,#2215,#2216);
#1773=AXIS2_PLACEMENT_3D('',#2698,#2218,#2219);
#1774=AXIS2_PLACEMENT_3D('',#2700,#2220,#2221);
#1775=AXIS2_PLACEMENT_3D('',#2702,#2223,#2224);
#1776=AXIS2_PLACEMENT_3D('',#2703,#2225,#2226);
#1777=AXIS2_PLACEMENT_3D('',#2704,#2227,#2228);
#1778=AXIS2_PLACEMENT_3D('',#2706,#2229,#2230);
#1779=AXIS2_PLACEMENT_3D('',#2708,#2232,#2233);
#1780=AXIS2_PLACEMENT_3D('',#2712,#2235,#2236);
#1781=AXIS2_PLACEMENT_3D('',#2714,#2238,#2239);
#1782=AXIS2_PLACEMENT_3D('',#2715,#2240,#2241);
#1783=AXIS2_PLACEMENT_3D('',#2716,#2242,#2243);
#1784=AXIS2_PLACEMENT_3D('',#2717,#2244,#2245);
#1785=AXIS2_PLACEMENT_3D('',#2719,#2246,#2247);
#1786=AXIS2_PLACEMENT_3D('',#2721,#2249,#2250);
#1787=AXIS2_PLACEMENT_3D('',#2722,#2251,#2252);
#1788=AXIS2_PLACEMENT_3D('',#2723,#2253,#2254);
#1789=DIRECTION('axis',(0.,0.,1.));
#1790=DIRECTION('refdir',(1.,0.,0.));
#1791=DIRECTION('center_axis',(0.5,0.866025403784438,0.));
#1792=DIRECTION('ref_axis',(-0.866025403784438,0.5,0.));
#1793=DIRECTION('',(0.,0.,-1.));
#1794=DIRECTION('',(-0.866025403784438,0.5,0.));
#1795=DIRECTION('',(0.,0.,1.));
#1796=DIRECTION('',(-0.866025403784438,0.5,0.));
#1797=DIRECTION('center_axis',(-0.5,-0.866025403784438,0.));
#1798=DIRECTION('ref_axis',(0.866025403784438,-0.5,0.));
#1799=DIRECTION('',(0.,0.,1.));
#1800=DIRECTION('',(0.866025403784438,-0.5,0.));
#1801=DIRECTION('',(0.,0.,1.));
#1802=DIRECTION('',(0.866025403784438,-0.5,0.));
#1803=DIRECTION('center_axis',(-0.866025403784438,0.5,0.));
#1804=DIRECTION('ref_axis',(-0.5,-0.866025403784438,0.));
#1805=DIRECTION('',(-0.5,-0.866025403784438,0.));
#1806=DIRECTION('',(-0.5,-0.866025403784438,0.));
#1807=DIRECTION('center_axis',(0.,0.,1.));
#1808=DIRECTION('ref_axis',(0.866025403784438,-0.5,0.));
#1809=DIRECTION('center_axis',(0.,0.,-1.));
#1810=DIRECTION('ref_axis',(1.,0.,0.));
#1811=DIRECTION('center_axis',(0.,0.,1.));
#1812=DIRECTION('ref_axis',(1.,0.,0.));
#1813=DIRECTION('center_axis',(0.,0.,1.));
#1814=DIRECTION('ref_axis',(1.,0.,0.));
#1815=DIRECTION('',(1.83697019872103E-16,1.,0.));
#1816=DIRECTION('',(-1.,1.83697019872103E-16,0.));
#1817=DIRECTION('',(-1.83697019872103E-16,-1.,0.));
#1818=DIRECTION('',(1.,-1.83697019872103E-16,0.));
#1819=DIRECTION('',(0.5,0.866025403784438,0.));
#1820=DIRECTION('',(-0.866025403784438,0.5,0.));
#1821=DIRECTION('',(-0.5,-0.866025403784438,0.));
#1822=DIRECTION('',(0.866025403784438,-0.5,0.));
#1823=DIRECTION('',(0.866025403784439,0.5,0.));
#1824=DIRECTION('',(-0.5,0.866025403784439,0.));
#1825=DIRECTION('',(-0.866025403784439,-0.5,0.));
#1826=DIRECTION('',(0.5,-0.866025403784439,0.));
#1827=DIRECTION('',(1.,-1.22464679914735E-16,0.));
#1828=DIRECTION('',(1.22464679914735E-16,1.,0.));
#1829=DIRECTION('',(-1.,1.22464679914735E-16,0.));
#1830=DIRECTION('',(-1.22464679914735E-16,-1.,0.));
#1831=DIRECTION('',(0.866025403784438,-0.5,0.));
#1832=DIRECTION('',(0.5,0.866025403784438,0.));
#1833=DIRECTION('',(-0.866025403784438,0.5,0.));
#1834=DIRECTION('',(-0.5,-0.866025403784438,0.));
#1835=DIRECTION('',(0.5,-0.866025403784439,0.));
#1836=DIRECTION('',(0.866025403784439,0.5,0.));
#1837=DIRECTION('',(-0.5,0.866025403784439,0.));
#1838=DIRECTION('',(-0.866025403784439,-0.5,0.));
#1839=DIRECTION('',(-6.12323399573677E-17,-1.,0.));
#1840=DIRECTION('',(1.,-6.12323399573677E-17,0.));
#1841=DIRECTION('',(6.12323399573677E-17,1.,0.));
#1842=DIRECTION('',(-1.,6.12323399573677E-17,0.));
#1843=DIRECTION('',(-0.5,-0.866025403784439,0.));
#1844=DIRECTION('',(0.866025403784439,-0.5,0.));
#1845=DIRECTION('',(0.5,0.866025403784439,0.));
#1846=DIRECTION('',(-0.866025403784439,0.5,0.));
#1847=DIRECTION('',(-0.866025403784439,-0.5,0.));
#1848=DIRECTION('',(0.5,-0.866025403784439,0.));
#1849=DIRECTION('',(0.866025403784439,0.5,0.));
#1850=DIRECTION('',(-0.5,0.866025403784439,0.));
#1851=DIRECTION('',(-1.,0.,0.));
#1852=DIRECTION('',(0.,-1.,0.));
#1853=DIRECTION('',(1.,0.,0.));
#1854=DIRECTION('',(0.,1.,0.));
#1855=DIRECTION('center_axis',(0.,0.,-1.));
#1856=DIRECTION('ref_axis',(1.,0.,0.));
#1857=DIRECTION('center_axis',(0.,0.,1.));
#1858=DIRECTION('ref_axis',(1.,0.,0.));
#1859=DIRECTION('center_axis',(0.,0.,-1.));
#1860=DIRECTION('ref_axis',(1.,0.,0.));
#1861=DIRECTION('',(-0.499999999999999,0.866025403784439,0.));
#1862=DIRECTION('',(-0.866025403784439,-0.499999999999999,0.));
#1863=DIRECTION('',(0.499999999999999,-0.866025403784439,0.));
#1864=DIRECTION('center_axis',(0.,0.,-1.));
#1865=DIRECTION('ref_axis',(1.,0.,0.));
#1866=DIRECTION('center_axis',(0.,0.,-1.));
#1867=DIRECTION('ref_axis',(1.,0.,0.));
#1868=DIRECTION('center_axis',(0.866025403784439,0.499999999999999,0.));
#1869=DIRECTION('ref_axis',(-0.499999999999999,0.866025403784439,0.));
#1870=DIRECTION('',(0.,0.,-1.));
#1871=DIRECTION('',(-0.499999999999999,0.866025403784439,0.));
#1872=DIRECTION('',(0.,0.,1.));
#1873=DIRECTION('center_axis',(-0.866025403784439,-0.499999999999999,0.));
#1874=DIRECTION('ref_axis',(0.499999999999999,-0.866025403784439,0.));
#1875=DIRECTION('',(0.,0.,1.));
#1876=DIRECTION('',(0.,0.,1.));
#1877=DIRECTION('',(0.499999999999999,-0.866025403784439,0.));
#1878=DIRECTION('center_axis',(-0.499999999999999,0.866025403784439,0.));
#1879=DIRECTION('ref_axis',(-0.866025403784439,-0.499999999999999,0.));
#1880=DIRECTION('',(-0.866025403784439,-0.499999999999999,0.));
#1881=DIRECTION('center_axis',(0.,0.,1.));
#1882=DIRECTION('ref_axis',(0.499999999999999,-0.866025403784439,0.));
#1883=DIRECTION('center_axis',(0.,0.,-1.));
#1884=DIRECTION('ref_axis',(1.,0.,0.));
#1885=DIRECTION('center_axis',(1.,-1.83697019872103E-16,0.));
#1886=DIRECTION('ref_axis',(1.83697019872103E-16,1.,0.));
#1887=DIRECTION('',(0.,0.,1.));
#1888=DIRECTION('',(1.83697019872103E-16,1.,0.));
#1889=DIRECTION('',(0.,0.,1.));
#1890=DIRECTION('center_axis',(-1.83697019872103E-16,-1.,0.));
#1891=DIRECTION('ref_axis',(1.,-1.83697019872103E-16,0.));
#1892=DIRECTION('',(0.,0.,1.));
#1893=DIRECTION('',(1.,-1.83697019872103E-16,0.));
#1894=DIRECTION('center_axis',(-1.,1.83697019872103E-16,0.));
#1895=DIRECTION('ref_axis',(-1.83697019872103E-16,-1.,0.));
#1896=DIRECTION('',(0.,0.,1.));
#1897=DIRECTION('',(-1.83697019872103E-16,-1.,0.));
#1898=DIRECTION('center_axis',(1.83697019872103E-16,1.,0.));
#1899=DIRECTION('ref_axis',(-1.,1.83697019872103E-16,0.));
#1900=DIRECTION('',(-1.,1.83697019872103E-16,0.));
#1901=DIRECTION('center_axis',(0.,0.,1.));
#1902=DIRECTION('ref_axis',(-1.83697019872103E-16,-1.,0.));
#1903=DIRECTION('center_axis',(0.866025403784438,-0.5,0.));
#1904=DIRECTION('ref_axis',(0.5,0.866025403784438,0.));
#1905=DIRECTION('',(0.,0.,1.));
#1906=DIRECTION('',(0.5,0.866025403784438,0.));
#1907=DIRECTION('',(0.,0.,1.));
#1908=DIRECTION('center_axis',(-0.5,-0.866025403784438,0.));
#1909=DIRECTION('ref_axis',(0.866025403784438,-0.5,0.));
#1910=DIRECTION('',(0.,0.,1.));
#1911=DIRECTION('',(0.866025403784438,-0.5,0.));
#1912=DIRECTION('center_axis',(-0.866025403784438,0.5,0.));
#1913=DIRECTION('ref_axis',(-0.5,-0.866025403784438,0.));
#1914=DIRECTION('',(0.,0.,1.));
#1915=DIRECTION('',(-0.5,-0.866025403784438,0.));
#1916=DIRECTION('center_axis',(0.5,0.866025403784438,0.));
#1917=DIRECTION('ref_axis',(-0.866025403784438,0.5,0.));
#1918=DIRECTION('',(-0.866025403784438,0.5,0.));
#1919=DIRECTION('center_axis',(0.,0.,1.));
#1920=DIRECTION('ref_axis',(-0.5,-0.866025403784438,0.));
#1921=DIRECTION('center_axis',(0.5,-0.866025403784439,0.));
#1922=DIRECTION('ref_axis',(0.866025403784439,0.5,0.));
#1923=DIRECTION('',(0.,0.,1.));
#1924=DIRECTION('',(0.866025403784439,0.5,0.));
#1925=DIRECTION('',(0.,0.,1.));
#1926=DIRECTION('center_axis',(-0.866025403784439,-0.5,0.));
#1927=DIRECTION('ref_axis',(0.5,-0.866025403784439,0.));
#1928=DIRECTION('',(0.,0.,1.));
#1929=DIRECTION('',(0.5,-0.866025403784439,0.));
#1930=DIRECTION('center_axis',(-0.5,0.866025403784439,0.));
#1931=DIRECTION('ref_axis',(-0.866025403784439,-0.5,0.));
#1932=DIRECTION('',(0.,0.,1.));
#1933=DIRECTION('',(-0.866025403784439,-0.5,0.));
#1934=DIRECTION('center_axis',(0.866025403784439,0.5,0.));
#1935=DIRECTION('ref_axis',(-0.5,0.866025403784439,0.));
#1936=DIRECTION('',(-0.5,0.866025403784439,0.));
#1937=DIRECTION('center_axis',(0.,0.,1.));
#1938=DIRECTION('ref_axis',(-0.866025403784439,-0.5,0.));
#1939=DIRECTION('center_axis',(-1.22464679914735E-16,-1.,0.));
#1940=DIRECTION('ref_axis',(1.,-1.22464679914735E-16,0.));
#1941=DIRECTION('',(0.,0.,1.));
#1942=DIRECTION('',(1.,-1.22464679914735E-16,0.));
#1943=DIRECTION('',(0.,0.,1.));
#1944=DIRECTION('center_axis',(-1.,1.22464679914735E-16,0.));
#1945=DIRECTION('ref_axis',(-1.22464679914735E-16,-1.,0.));
#1946=DIRECTION('',(0.,0.,1.));
#1947=DIRECTION('',(-1.22464679914735E-16,-1.,0.));
#1948=DIRECTION('center_axis',(1.22464679914735E-16,1.,0.));
#1949=DIRECTION('ref_axis',(-1.,1.22464679914735E-16,0.));
#1950=DIRECTION('',(0.,0.,1.));
#1951=DIRECTION('',(-1.,1.22464679914735E-16,0.));
#1952=DIRECTION('center_axis',(1.,-1.22464679914735E-16,0.));
#1953=DIRECTION('ref_axis',(1.22464679914735E-16,1.,0.));
#1954=DIRECTION('',(1.22464679914735E-16,1.,0.));
#1955=DIRECTION('center_axis',(0.,0.,1.));
#1956=DIRECTION('ref_axis',(-1.,1.22464679914735E-16,0.));
#1957=DIRECTION('center_axis',(-0.5,-0.866025403784438,0.));
#1958=DIRECTION('ref_axis',(0.866025403784438,-0.5,0.));
#1959=DIRECTION('',(0.,0.,1.));
#1960=DIRECTION('',(0.866025403784438,-0.5,0.));
#1961=DIRECTION('',(0.,0.,1.));
#1962=DIRECTION('center_axis',(-0.866025403784438,0.5,0.));
#1963=DIRECTION('ref_axis',(-0.5,-0.866025403784438,0.));
#1964=DIRECTION('',(0.,0.,1.));
#1965=DIRECTION('',(-0.5,-0.866025403784438,0.));
#1966=DIRECTION('center_axis',(0.5,0.866025403784438,0.));
#1967=DIRECTION('ref_axis',(-0.866025403784438,0.5,0.));
#1968=DIRECTION('',(0.,0.,1.));
#1969=DIRECTION('',(-0.866025403784438,0.5,0.));
#1970=DIRECTION('center_axis',(0.866025403784438,-0.5,0.));
#1971=DIRECTION('ref_axis',(0.5,0.866025403784438,0.));
#1972=DIRECTION('',(0.5,0.866025403784438,0.));
#1973=DIRECTION('center_axis',(0.,0.,1.));
#1974=DIRECTION('ref_axis',(-0.866025403784438,0.5,0.));
#1975=DIRECTION('center_axis',(-0.866025403784439,-0.5,0.));
#1976=DIRECTION('ref_axis',(0.5,-0.866025403784439,0.));
#1977=DIRECTION('',(0.,0.,1.));
#1978=DIRECTION('',(0.5,-0.866025403784439,0.));
#1979=DIRECTION('',(0.,0.,1.));
#1980=DIRECTION('center_axis',(-0.5,0.866025403784439,0.));
#1981=DIRECTION('ref_axis',(-0.866025403784439,-0.5,0.));
#1982=DIRECTION('',(0.,0.,1.));
#1983=DIRECTION('',(-0.866025403784439,-0.5,0.));
#1984=DIRECTION('center_axis',(0.866025403784439,0.5,0.));
#1985=DIRECTION('ref_axis',(-0.5,0.866025403784439,0.));
#1986=DIRECTION('',(0.,0.,1.));
#1987=DIRECTION('',(-0.5,0.866025403784439,0.));
#1988=DIRECTION('center_axis',(0.5,-0.866025403784439,0.));
#1989=DIRECTION('ref_axis',(0.866025403784439,0.5,0.));
#1990=DIRECTION('',(0.866025403784439,0.5,0.));
#1991=DIRECTION('center_axis',(0.,0.,1.));
#1992=DIRECTION('ref_axis',(-0.5,0.866025403784439,0.));
#1993=DIRECTION('center_axis',(-1.,6.12323399573677E-17,0.));
#1994=DIRECTION('ref_axis',(-6.12323399573677E-17,-1.,0.));
#1995=DIRECTION('',(0.,0.,1.));
#1996=DIRECTION('',(-6.12323399573677E-17,-1.,0.));
#1997=DIRECTION('',(0.,0.,1.));
#1998=DIRECTION('center_axis',(6.12323399573677E-17,1.,0.));
#1999=DIRECTION('ref_axis',(-1.,6.12323399573677E-17,0.));
#2000=DIRECTION('',(0.,0.,1.));
#2001=DIRECTION('',(-1.,6.12323399573677E-17,0.));
#2002=DIRECTION('center_axis',(1.,-6.12323399573677E-17,0.));
#2003=DIRECTION('ref_axis',(6.12323399573677E-17,1.,0.));
#2004=DIRECTION('',(0.,0.,1.));
#2005=DIRECTION('',(6.12323399573677E-17,1.,0.));
#2006=DIRECTION('center_axis',(-6.12323399573677E-17,-1.,0.));
#2007=DIRECTION('ref_axis',(1.,-6.12323399573677E-17,0.));
#2008=DIRECTION('',(1.,-6.12323399573677E-17,0.));
#2009=DIRECTION('center_axis',(0.,0.,1.));
#2010=DIRECTION('ref_axis',(6.12323399573677E-17,1.,0.));
#2011=DIRECTION('center_axis',(-0.866025403784439,0.5,0.));
#2012=DIRECTION('ref_axis',(-0.5,-0.866025403784439,0.));
#2013=DIRECTION('',(0.,0.,1.));
#2014=DIRECTION('',(-0.5,-0.866025403784439,0.));
#2015=DIRECTION('',(0.,0.,1.));
#2016=DIRECTION('center_axis',(0.5,0.866025403784439,0.));
#2017=DIRECTION('ref_axis',(-0.866025403784439,0.5,0.));
#2018=DIRECTION('',(0.,0.,1.));
#2019=DIRECTION('',(-0.866025403784439,0.5,0.));
#2020=DIRECTION('center_axis',(0.866025403784439,-0.5,0.));
#2021=DIRECTION('ref_axis',(0.5,0.866025403784439,0.));
#2022=DIRECTION('',(0.,0.,1.));
#2023=DIRECTION('',(0.5,0.866025403784439,0.));
#2024=DIRECTION('center_axis',(-0.5,-0.866025403784439,0.));
#2025=DIRECTION('ref_axis',(0.866025403784439,-0.5,0.));
#2026=DIRECTION('',(0.866025403784439,-0.5,0.));
#2027=DIRECTION('center_axis',(0.,0.,1.));
#2028=DIRECTION('ref_axis',(0.5,0.866025403784439,0.));
#2029=DIRECTION('center_axis',(-0.5,0.866025403784439,0.));
#2030=DIRECTION('ref_axis',(-0.866025403784439,-0.5,0.));
#2031=DIRECTION('',(0.,0.,1.));
#2032=DIRECTION('',(-0.866025403784439,-0.5,0.));
#2033=DIRECTION('',(0.,0.,1.));
#2034=DIRECTION('center_axis',(0.866025403784439,0.5,0.));
#2035=DIRECTION('ref_axis',(-0.5,0.866025403784439,0.));
#2036=DIRECTION('',(0.,0.,1.));
#2037=DIRECTION('',(-0.5,0.866025403784439,0.));
#2038=DIRECTION('center_axis',(0.5,-0.866025403784439,0.));
#2039=DIRECTION('ref_axis',(0.866025403784439,0.5,0.));
#2040=DIRECTION('',(0.,0.,1.));
#2041=DIRECTION('',(0.866025403784439,0.5,0.));
#2042=DIRECTION('center_axis',(-0.866025403784439,-0.5,0.));
#2043=DIRECTION('ref_axis',(0.5,-0.866025403784439,0.));
#2044=DIRECTION('',(0.5,-0.866025403784439,0.));
#2045=DIRECTION('center_axis',(0.,0.,1.));
#2046=DIRECTION('ref_axis',(0.866025403784439,0.5,0.));
#2047=DIRECTION('center_axis',(0.,1.,0.));
#2048=DIRECTION('ref_axis',(-1.,0.,0.));
#2049=DIRECTION('',(0.,0.,1.));
#2050=DIRECTION('',(-1.,0.,0.));
#2051=DIRECTION('',(0.,0.,1.));
#2052=DIRECTION('center_axis',(1.,0.,0.));
#2053=DIRECTION('ref_axis',(0.,1.,0.));
#2054=DIRECTION('',(0.,0.,1.));
#2055=DIRECTION('',(0.,1.,0.));
#2056=DIRECTION('center_axis',(0.,-1.,0.));
#2057=DIRECTION('ref_axis',(1.,0.,0.));
#2058=DIRECTION('',(0.,0.,1.));
#2059=DIRECTION('',(1.,0.,0.));
#2060=DIRECTION('center_axis',(-1.,0.,0.));
#2061=DIRECTION('ref_axis',(0.,-1.,0.));
#2062=DIRECTION('',(0.,-1.,0.));
#2063=DIRECTION('center_axis',(0.,0.,1.));
#2064=DIRECTION('ref_axis',(1.,0.,0.));
#2065=DIRECTION('center_axis',(0.,0.,1.));
#2066=DIRECTION('ref_axis',(0.5,0.866025403784438,0.));
#2067=DIRECTION('center_axis',(0.,0.,-1.));
#2068=DIRECTION('ref_axis',(0.5,0.866025403784438,0.));
#2069=DIRECTION('',(0.,0.,1.));
#2070=DIRECTION('center_axis',(0.,0.,1.));
#2071=DIRECTION('ref_axis',(0.5,0.866025403784438,0.));
#2072=DIRECTION('',(0.,0.,1.));
#2073=DIRECTION('center_axis',(0.,0.,1.));
#2074=DIRECTION('ref_axis',(-0.675886998421087,-0.737005268207313,0.));
#2075=DIRECTION('center_axis',(0.,0.,-1.));
#2076=DIRECTION('ref_axis',(0.5,0.866025403784438,0.));
#2077=DIRECTION('',(0.,0.,1.));
#2078=DIRECTION('center_axis',(0.,0.,1.));
#2079=DIRECTION('ref_axis',(0.5,0.866025403784438,0.));
#2080=DIRECTION('',(0.,0.,1.));
#2081=DIRECTION('center_axis',(0.,0.,1.));
#2082=DIRECTION('ref_axis',(0.5,0.866025403784438,0.));
#2083=DIRECTION('center_axis',(0.,0.,1.));
#2084=DIRECTION('ref_axis',(0.935246665273561,-0.353996716220198,0.));
#2085=DIRECTION('center_axis',(0.,0.,-1.));
#2086=DIRECTION('ref_axis',(0.936694485060866,-0.3501477426124,0.));
#2087=DIRECTION('center_axis',(0.,0.,1.));
#2088=DIRECTION('ref_axis',(-1.,0.,0.));
#2089=DIRECTION('center_axis',(0.,0.,-1.));
#2090=DIRECTION('ref_axis',(-1.,0.,0.));
#2091=DIRECTION('center_axis',(0.,0.,1.));
#2092=DIRECTION('ref_axis',(-1.,0.,0.));
#2093=DIRECTION('center_axis',(0.,0.,1.));
#2094=DIRECTION('ref_axis',(-1.,0.,0.));
#2095=DIRECTION('center_axis',(0.,0.,1.));
#2096=DIRECTION('ref_axis',(0.5,-0.866025403784439,0.));
#2097=DIRECTION('center_axis',(0.,0.,-1.));
#2098=DIRECTION('ref_axis',(0.5,-0.866025403784439,0.));
#2099=DIRECTION('',(0.,0.,1.));
#2100=DIRECTION('center_axis',(0.,0.,1.));
#2101=DIRECTION('ref_axis',(0.5,-0.866025403784439,0.));
#2102=DIRECTION('',(0.,0.,1.));
#2103=DIRECTION('center_axis',(0.,0.,1.));
#2104=DIRECTION('ref_axis',(-0.300321785779954,0.95383794482393,0.));
#2105=DIRECTION('center_axis',(0.,0.,-1.));
#2106=DIRECTION('ref_axis',(0.5,-0.866025403784439,0.));
#2107=DIRECTION('',(0.,0.,1.));
#2108=DIRECTION('center_axis',(0.,0.,1.));
#2109=DIRECTION('ref_axis',(0.5,-0.866025403784439,0.));
#2110=DIRECTION('',(0.,0.,1.));
#2111=DIRECTION('center_axis',(0.,0.,1.));
#2112=DIRECTION('ref_axis',(0.5,-0.866025403784439,0.));
#2113=DIRECTION('center_axis',(0.,0.,1.));
#2114=DIRECTION('ref_axis',(-0.774193481739743,-0.632949012821487,0.));
#2115=DIRECTION('center_axis',(0.,0.,-1.));
#2116=DIRECTION('ref_axis',(-0.771584082710546,-0.636127348341293,0.));
#2117=DIRECTION('center_axis',(0.,0.,1.));
#2118=DIRECTION('ref_axis',(-1.,0.,0.));
#2119=DIRECTION('center_axis',(0.,0.,-1.));
#2120=DIRECTION('ref_axis',(-1.,0.,0.));
#2121=DIRECTION('center_axis',(0.,0.,1.));
#2122=DIRECTION('ref_axis',(-1.,0.,0.));
#2123=DIRECTION('center_axis',(0.,0.,1.));
#2124=DIRECTION('ref_axis',(-1.,0.,0.));
#2125=DIRECTION('center_axis',(0.,0.,1.));
#2126=DIRECTION('ref_axis',(-1.,0.,0.));
#2127=DIRECTION('center_axis',(0.,0.,-1.));
#2128=DIRECTION('ref_axis',(-1.,0.,0.));
#2129=DIRECTION('',(0.,0.,1.));
#2130=DIRECTION('center_axis',(0.,0.,1.));
#2131=DIRECTION('ref_axis',(-1.,0.,0.));
#2132=DIRECTION('',(0.,0.,1.));
#2133=DIRECTION('center_axis',(0.,0.,1.));
#2134=DIRECTION('ref_axis',(0.97620878420104,-0.216832676616617,0.));
#2135=DIRECTION('center_axis',(0.,0.,-1.));
#2136=DIRECTION('ref_axis',(-1.,0.,0.));
#2137=DIRECTION('',(0.,0.,1.));
#2138=DIRECTION('center_axis',(0.,0.,1.));
#2139=DIRECTION('ref_axis',(-1.,0.,0.));
#2140=DIRECTION('',(0.,0.,1.));
#2141=DIRECTION('center_axis',(0.,0.,1.));
#2142=DIRECTION('ref_axis',(-1.,0.,0.));
#2143=DIRECTION('center_axis',(0.,0.,1.));
#2144=DIRECTION('ref_axis',(-0.161053183533819,0.986945729041684,0.));
#2145=DIRECTION('center_axis',(0.,0.,-1.));
#2146=DIRECTION('ref_axis',(-0.16511040235032,0.986275090953693,0.));
#2147=DIRECTION('center_axis',(0.,0.,1.));
#2148=DIRECTION('ref_axis',(-1.,0.,0.));
#2149=DIRECTION('center_axis',(0.,0.,-1.));
#2150=DIRECTION('ref_axis',(-1.,0.,0.));
#2151=DIRECTION('center_axis',(0.,0.,1.));
#2152=DIRECTION('ref_axis',(-1.,0.,0.));
#2153=DIRECTION('center_axis',(0.,0.,1.));
#2154=DIRECTION('ref_axis',(-1.,0.,0.));
#2155=DIRECTION('center_axis',(0.,0.,1.));
#2156=DIRECTION('ref_axis',(-1.,0.,0.));
#2157=DIRECTION('center_axis',(0.,0.,1.));
#2158=DIRECTION('ref_axis',(-1.,0.,0.));
#2159=DIRECTION('',(0.,0.,1.));
#2160=DIRECTION('center_axis',(0.,0.,-1.));
#2161=DIRECTION('ref_axis',(-1.,0.,0.));
#2162=DIRECTION('',(0.,0.,1.));
#2163=DIRECTION('center_axis',(0.,0.,1.));
#2164=DIRECTION('ref_axis',(-1.,0.,0.));
#2165=DIRECTION('center_axis',(0.,0.,-1.));
#2166=DIRECTION('ref_axis',(-1.,0.,0.));
#2167=DIRECTION('center_axis',(0.,0.,1.));
#2168=DIRECTION('ref_axis',(-1.,0.,0.));
#2169=DIRECTION('',(0.,0.,1.));
#2170=DIRECTION('center_axis',(0.,0.,1.));
#2171=DIRECTION('ref_axis',(0.999071707604829,0.0430781042244428,0.));
#2172=DIRECTION('center_axis',(0.,0.,-1.));
#2173=DIRECTION('ref_axis',(-1.,0.,0.));
#2174=DIRECTION('',(0.,0.,1.));
#2175=DIRECTION('center_axis',(0.,0.,1.));
#2176=DIRECTION('ref_axis',(-1.,0.,0.));
#2177=DIRECTION('center_axis',(0.,0.,1.));
#2178=DIRECTION('ref_axis',(-1.,0.,0.));
#2179=DIRECTION('center_axis',(0.,0.,1.));
#2180=DIRECTION('ref_axis',(-1.,0.,0.));
#2181=DIRECTION('center_axis',(0.,0.,-1.));
#2182=DIRECTION('ref_axis',(-1.,0.,0.));
#2183=DIRECTION('',(0.,0.,1.));
#2184=DIRECTION('',(0.,0.,1.));
#2185=DIRECTION('center_axis',(0.,0.,1.));
#2186=DIRECTION('ref_axis',(-1.,0.,0.));
#2187=DIRECTION('center_axis',(0.,0.,1.));
#2188=DIRECTION('ref_axis',(-1.,0.,0.));
#2189=DIRECTION('center_axis',(0.,0.,-1.));
#2190=DIRECTION('ref_axis',(-1.,0.,0.));
#2191=DIRECTION('',(0.,0.,1.));
#2192=DIRECTION('center_axis',(0.,0.,1.));
#2193=DIRECTION('ref_axis',(-1.,0.,0.));
#2194=DIRECTION('center_axis',(0.,0.,-1.));
#2195=DIRECTION('ref_axis',(-1.,0.,0.));
#2196=DIRECTION('center_axis',(0.,0.,1.));
#2197=DIRECTION('ref_axis',(-1.,0.,0.));
#2198=DIRECTION('',(0.,0.,1.));
#2199=DIRECTION('center_axis',(0.,0.,1.));
#2200=DIRECTION('ref_axis',(-1.,0.,0.));
#2201=DIRECTION('center_axis',(0.,0.,1.));
#2202=DIRECTION('ref_axis',(-1.,0.,0.));
#2203=DIRECTION('center_axis',(0.,0.,1.));
#2204=DIRECTION('ref_axis',(-1.,0.,0.));
#2205=DIRECTION('center_axis',(0.,0.,1.));
#2206=DIRECTION('ref_axis',(-1.,0.,0.));
#2207=DIRECTION('',(0.,0.,1.));
#2208=DIRECTION('center_axis',(0.,0.,-1.));
#2209=DIRECTION('ref_axis',(-1.,0.,0.));
#2210=DIRECTION('',(0.,0.,1.));
#2211=DIRECTION('center_axis',(0.,0.,1.));
#2212=DIRECTION('ref_axis',(-1.,0.,0.));
#2213=DIRECTION('center_axis',(0.,0.,-1.));
#2214=DIRECTION('ref_axis',(-1.,0.,0.));
#2215=DIRECTION('center_axis',(0.,0.,1.));
#2216=DIRECTION('ref_axis',(-1.,0.,0.));
#2217=DIRECTION('',(0.,0.,1.));
#2218=DIRECTION('center_axis',(0.,0.,1.));
#2219=DIRECTION('ref_axis',(-1.,0.,0.));
#2220=DIRECTION('center_axis',(0.,0.,-1.));
#2221=DIRECTION('ref_axis',(-1.,0.,0.));
#2222=DIRECTION('',(0.,0.,1.));
#2223=DIRECTION('center_axis',(0.,0.,1.));
#2224=DIRECTION('ref_axis',(-1.,0.,0.));
#2225=DIRECTION('center_axis',(0.,0.,1.));
#2226=DIRECTION('ref_axis',(-1.,0.,0.));
#2227=DIRECTION('center_axis',(0.,0.,1.));
#2228=DIRECTION('ref_axis',(1.,0.,0.));
#2229=DIRECTION('center_axis',(0.,0.,-1.));
#2230=DIRECTION('ref_axis',(1.,0.,0.));
#2231=DIRECTION('',(0.,0.,-1.));
#2232=DIRECTION('center_axis',(0.,0.,1.));
#2233=DIRECTION('ref_axis',(1.,0.,0.));
#2234=DIRECTION('',(0.,0.,1.));
#2235=DIRECTION('center_axis',(0.,0.,1.));
#2236=DIRECTION('ref_axis',(1.,0.,0.));
#2237=DIRECTION('',(0.,0.,1.));
#2238=DIRECTION('center_axis',(0.,0.,1.));
#2239=DIRECTION('ref_axis',(-0.707106781186547,0.707106781186548,0.));
#2240=DIRECTION('center_axis',(0.,0.,-1.));
#2241=DIRECTION('ref_axis',(1.,0.,0.));
#2242=DIRECTION('center_axis',(0.,0.,1.));
#2243=DIRECTION('ref_axis',(1.,0.,0.));
#2244=DIRECTION('center_axis',(0.,0.,1.));
#2245=DIRECTION('ref_axis',(1.,0.,0.));
#2246=DIRECTION('center_axis',(0.,0.,1.));
#2247=DIRECTION('ref_axis',(1.,0.,0.));
#2248=DIRECTION('',(0.,0.,-1.));
#2249=DIRECTION('center_axis',(0.,0.,1.));
#2250=DIRECTION('ref_axis',(1.,0.,0.));
#2251=DIRECTION('center_axis',(0.,0.,1.));
#2252=DIRECTION('ref_axis',(1.,0.,0.));
#2253=DIRECTION('center_axis',(0.,0.,1.));
#2254=DIRECTION('ref_axis',(1.,0.,0.));
#2255=CARTESIAN_POINT('',(0.,0.,0.));
#2256=CARTESIAN_POINT('Origin',(-39.4371685740842,23.6928203230276,0.));
#2257=CARTESIAN_POINT('',(-42.9664271768198,25.7304387273568,0.2));
#2258=CARTESIAN_POINT('',(-42.9664271768198,25.7304387273568,0.));
#2259=CARTESIAN_POINT('',(-42.9664271768198,25.7304387273568,0.));
#2260=CARTESIAN_POINT('',(-49.8294734194974,29.6928203230276,0.2));
#2261=CARTESIAN_POINT('',(-49.8294734194974,29.6928203230276,0.2));
#2262=CARTESIAN_POINT('',(-49.8294734194974,29.6928203230276,0.));
#2263=CARTESIAN_POINT('',(-49.8294734194974,29.6928203230276,0.));
#2264=CARTESIAN_POINT('',(-19.5185842870421,12.1928203230276,0.));
#2265=CARTESIAN_POINT('Origin',(-50.6294734194974,28.3071796769725,0.));
#2266=CARTESIAN_POINT('',(-43.0412795181014,23.9261338853384,0.));
#2267=CARTESIAN_POINT('',(-43.0412795181014,23.9261338853384,0.2));
#2268=CARTESIAN_POINT('',(-43.0412795181014,23.9261338853384,0.));
#2269=CARTESIAN_POINT('',(-50.6294734194974,28.3071796769725,0.));
#2270=CARTESIAN_POINT('',(-25.5147367097487,13.8071796769725,0.));
#2271=CARTESIAN_POINT('',(-50.6294734194974,28.3071796769725,0.2));
#2272=CARTESIAN_POINT('',(-50.6294734194974,28.3071796769725,0.));
#2273=CARTESIAN_POINT('',(-40.2371685740842,22.3071796769725,0.2));
#2274=CARTESIAN_POINT('Origin',(-49.8294734194974,29.6928203230276,0.));
#2275=CARTESIAN_POINT('',(-50.0294734194974,29.3464101615138,0.));
#2276=CARTESIAN_POINT('',(-50.6294734194974,28.3071796769725,0.2));
#2277=CARTESIAN_POINT('Origin',(-45.0333209967908,26.,0.2));
#2278=CARTESIAN_POINT('Origin',(-24.0416305603426,24.0416305603426,0.2));
#2279=CARTESIAN_POINT('Origin',(0.,0.,0.));
#2280=CARTESIAN_POINT('',(-60.,-7.34788079488412E-15,0.));
#2281=CARTESIAN_POINT('Origin',(0.,0.,0.));
#2282=CARTESIAN_POINT('',(0.800000000000009,46.,0.));
#2283=CARTESIAN_POINT('',(0.800000000000011,58.,0.));
#2284=CARTESIAN_POINT('',(0.800000000000004,23.,0.));
#2285=CARTESIAN_POINT('',(-0.799999999999989,58.,0.));
#2286=CARTESIAN_POINT('',(0.400000000000011,58.,0.));
#2287=CARTESIAN_POINT('',(-0.799999999999992,46.,0.));
#2288=CARTESIAN_POINT('',(-0.799999999999995,29.,0.));
#2289=CARTESIAN_POINT('',(-0.399999999999992,46.,0.));
#2290=CARTESIAN_POINT('',(23.6928203230276,39.4371685740842,0.));
#2291=CARTESIAN_POINT('',(29.6928203230276,49.8294734194974,0.));
#2292=CARTESIAN_POINT('',(12.1928203230276,19.5185842870421,0.));
#2293=CARTESIAN_POINT('',(28.3071796769725,50.6294734194974,0.));
#2294=CARTESIAN_POINT('',(29.3464101615138,50.0294734194974,0.));
#2295=CARTESIAN_POINT('',(22.3071796769725,40.2371685740842,0.));
#2296=CARTESIAN_POINT('',(13.8071796769725,25.5147367097487,0.));
#2297=CARTESIAN_POINT('',(22.6535898384862,40.0371685740842,0.));
#2298=CARTESIAN_POINT('',(40.2371685740842,22.3071796769724,0.));
#2299=CARTESIAN_POINT('',(50.6294734194975,28.3071796769724,0.));
#2300=CARTESIAN_POINT('',(20.3185842870421,10.8071796769724,0.));
#2301=CARTESIAN_POINT('',(49.8294734194975,29.6928203230275,0.));
#2302=CARTESIAN_POINT('',(50.4294734194975,28.6535898384862,0.));
#2303=CARTESIAN_POINT('',(39.4371685740842,23.6928203230275,0.));
#2304=CARTESIAN_POINT('',(24.7147367097487,15.1928203230275,0.));
#2305=CARTESIAN_POINT('',(39.6371685740842,23.3464101615138,0.));
#2306=CARTESIAN_POINT('',(46.,-0.800000000000006,0.));
#2307=CARTESIAN_POINT('',(58.,-0.800000000000007,0.));
#2308=CARTESIAN_POINT('',(23.,-0.800000000000003,0.));
#2309=CARTESIAN_POINT('',(58.,0.799999999999993,0.));
#2310=CARTESIAN_POINT('',(58.,-0.400000000000007,0.));
#2311=CARTESIAN_POINT('',(46.,0.799999999999994,0.));
#2312=CARTESIAN_POINT('',(29.,0.799999999999996,0.));
#2313=CARTESIAN_POINT('',(46.,0.399999999999994,0.));
#2314=CARTESIAN_POINT('',(39.4371685740842,-23.6928203230276,0.));
#2315=CARTESIAN_POINT('',(49.8294734194974,-29.6928203230276,0.));
#2316=CARTESIAN_POINT('',(19.5185842870421,-12.1928203230276,0.));
#2317=CARTESIAN_POINT('',(50.6294734194974,-28.3071796769725,0.));
#2318=CARTESIAN_POINT('',(50.0294734194974,-29.3464101615138,0.));
#2319=CARTESIAN_POINT('',(40.2371685740842,-22.3071796769725,0.));
#2320=CARTESIAN_POINT('',(25.5147367097487,-13.8071796769725,0.));
#2321=CARTESIAN_POINT('',(40.0371685740842,-22.6535898384862,0.));
#2322=CARTESIAN_POINT('',(22.3071796769724,-40.2371685740842,0.));
#2323=CARTESIAN_POINT('',(28.3071796769724,-50.6294734194975,0.));
#2324=CARTESIAN_POINT('',(10.8071796769724,-20.3185842870421,0.));
#2325=CARTESIAN_POINT('',(29.6928203230275,-49.8294734194975,0.));
#2326=CARTESIAN_POINT('',(28.6535898384862,-50.4294734194975,0.));
#2327=CARTESIAN_POINT('',(23.6928203230275,-39.4371685740842,0.));
#2328=CARTESIAN_POINT('',(15.1928203230275,-24.7147367097487,0.));
#2329=CARTESIAN_POINT('',(23.3464101615138,-39.6371685740842,0.));
#2330=CARTESIAN_POINT('',(-0.800000000000003,-46.,0.));
#2331=CARTESIAN_POINT('',(-0.800000000000004,-58.,0.));
#2332=CARTESIAN_POINT('',(-0.800000000000002,-23.,0.));
#2333=CARTESIAN_POINT('',(0.799999999999996,-58.,0.));
#2334=CARTESIAN_POINT('',(-0.400000000000004,-58.,0.));
#2335=CARTESIAN_POINT('',(0.799999999999997,-46.,0.));
#2336=CARTESIAN_POINT('',(0.799999999999998,-29.,0.));
#2337=CARTESIAN_POINT('',(0.399999999999997,-46.,0.));
#2338=CARTESIAN_POINT('',(-23.6928203230276,-39.4371685740842,0.));
#2339=CARTESIAN_POINT('',(-29.6928203230276,-49.8294734194974,0.));
#2340=CARTESIAN_POINT('',(-12.1928203230276,-19.5185842870421,0.));
#2341=CARTESIAN_POINT('',(-28.3071796769725,-50.6294734194974,0.));
#2342=CARTESIAN_POINT('',(-29.3464101615138,-50.0294734194974,0.));
#2343=CARTESIAN_POINT('',(-22.3071796769725,-40.2371685740842,0.));
#2344=CARTESIAN_POINT('',(-13.8071796769725,-25.5147367097487,0.));
#2345=CARTESIAN_POINT('',(-22.6535898384862,-40.0371685740842,0.));
#2346=CARTESIAN_POINT('',(-40.2371685740842,-22.3071796769724,0.));
#2347=CARTESIAN_POINT('',(-50.6294734194975,-28.3071796769724,0.));
#2348=CARTESIAN_POINT('',(-20.3185842870421,-10.8071796769724,0.));
#2349=CARTESIAN_POINT('',(-49.8294734194975,-29.6928203230275,0.));
#2350=CARTESIAN_POINT('',(-50.4294734194975,-28.6535898384862,0.));
#2351=CARTESIAN_POINT('',(-39.4371685740842,-23.6928203230275,0.));
#2352=CARTESIAN_POINT('',(-24.7147367097487,-15.1928203230275,0.));
#2353=CARTESIAN_POINT('',(-39.6371685740842,-23.3464101615138,0.));
#2354=CARTESIAN_POINT('',(-46.,0.8,0.));
#2355=CARTESIAN_POINT('',(-58.,0.8,0.));
#2356=CARTESIAN_POINT('',(-23.,0.8,0.));
#2357=CARTESIAN_POINT('',(-58.,-0.8,0.));
#2358=CARTESIAN_POINT('',(-58.,0.4,0.));
#2359=CARTESIAN_POINT('',(-46.,-0.8,0.));
#2360=CARTESIAN_POINT('',(-29.,-0.8,0.));
#2361=CARTESIAN_POINT('',(-46.,-0.4,0.));
#2362=CARTESIAN_POINT('',(-34.0926399477692,7.91782175801981,0.));
#2363=CARTESIAN_POINT('Origin',(-24.0416305603426,24.0416305603426,0.));
#2364=CARTESIAN_POINT('',(-7.9178217580198,34.0926399477692,0.));
#2365=CARTESIAN_POINT('Origin',(0.,0.,0.));
#2366=CARTESIAN_POINT('',(-23.9261338853383,43.0412795181014,0.));
#2367=CARTESIAN_POINT('Origin',(-24.0416305603426,24.0416305603426,0.));
#2368=CARTESIAN_POINT('',(-28.3071796769724,50.6294734194975,0.));
#2369=CARTESIAN_POINT('',(-10.8071796769724,20.3185842870421,0.));
#2370=CARTESIAN_POINT('',(-29.6928203230275,49.8294734194975,0.));
#2371=CARTESIAN_POINT('',(-28.6535898384862,50.4294734194975,0.));
#2372=CARTESIAN_POINT('',(-25.7304387273567,42.9664271768198,0.));
#2373=CARTESIAN_POINT('',(-15.1928203230275,24.7147367097487,0.));
#2374=CARTESIAN_POINT('Origin',(-24.0416305603426,24.0416305603426,0.));
#2375=CARTESIAN_POINT('',(-12.5,-1.53080849893419E-15,0.));
#2376=CARTESIAN_POINT('Origin',(0.,0.,0.));
#2377=CARTESIAN_POINT('Origin',(-22.3071796769724,40.2371685740842,0.));
#2378=CARTESIAN_POINT('',(-23.9261338853383,43.0412795181014,0.2));
#2379=CARTESIAN_POINT('',(-23.9261338853383,43.0412795181014,0.));
#2380=CARTESIAN_POINT('',(-28.3071796769724,50.6294734194975,0.2));
#2381=CARTESIAN_POINT('',(-28.3071796769724,50.6294734194975,0.2));
#2382=CARTESIAN_POINT('',(-28.3071796769724,50.6294734194975,0.));
#2383=CARTESIAN_POINT('Origin',(-29.6928203230275,49.8294734194975,0.));
#2384=CARTESIAN_POINT('',(-25.7304387273567,42.9664271768198,0.2));
#2385=CARTESIAN_POINT('',(-25.7304387273567,42.9664271768198,0.));
#2386=CARTESIAN_POINT('',(-29.6928203230275,49.8294734194975,0.2));
#2387=CARTESIAN_POINT('',(-29.6928203230275,49.8294734194975,0.));
#2388=CARTESIAN_POINT('',(-23.6928203230275,39.4371685740842,0.2));
#2389=CARTESIAN_POINT('Origin',(-28.3071796769724,50.6294734194975,0.));
#2390=CARTESIAN_POINT('',(-29.6928203230275,49.8294734194975,0.2));
#2391=CARTESIAN_POINT('Origin',(-26.,45.0333209967908,0.2));
#2392=CARTESIAN_POINT('Origin',(-24.0416305603426,24.0416305603426,0.2));
#2393=CARTESIAN_POINT('Origin',(0.800000000000009,46.,0.));
#2394=CARTESIAN_POINT('',(0.800000000000009,46.,0.2));
#2395=CARTESIAN_POINT('',(0.800000000000009,46.,0.));
#2396=CARTESIAN_POINT('',(0.800000000000011,58.,0.2));
#2397=CARTESIAN_POINT('',(0.800000000000011,58.,0.2));
#2398=CARTESIAN_POINT('',(0.800000000000011,58.,0.));
#2399=CARTESIAN_POINT('Origin',(-0.799999999999992,46.,0.));
#2400=CARTESIAN_POINT('',(-0.799999999999992,46.,0.2));
#2401=CARTESIAN_POINT('',(-0.799999999999992,46.,0.));
#2402=CARTESIAN_POINT('',(0.800000000000009,46.,0.2));
#2403=CARTESIAN_POINT('Origin',(-0.799999999999989,58.,0.));
#2404=CARTESIAN_POINT('',(-0.799999999999989,58.,0.2));
#2405=CARTESIAN_POINT('',(-0.799999999999989,58.,0.));
#2406=CARTESIAN_POINT('',(-0.799999999999992,46.,0.2));
#2407=CARTESIAN_POINT('Origin',(0.800000000000011,58.,0.));
#2408=CARTESIAN_POINT('',(-0.799999999999989,58.,0.2));
#2409=CARTESIAN_POINT('Origin',(9.55224503334936E-15,52.,0.2));
#2410=CARTESIAN_POINT('Origin',(23.6928203230276,39.4371685740842,0.));
#2411=CARTESIAN_POINT('',(23.6928203230276,39.4371685740842,0.2));
#2412=CARTESIAN_POINT('',(23.6928203230276,39.4371685740842,0.));
#2413=CARTESIAN_POINT('',(29.6928203230276,49.8294734194974,0.2));
#2414=CARTESIAN_POINT('',(29.6928203230276,49.8294734194974,0.2));
#2415=CARTESIAN_POINT('',(29.6928203230276,49.8294734194974,0.));
#2416=CARTESIAN_POINT('Origin',(22.3071796769725,40.2371685740842,0.));
#2417=CARTESIAN_POINT('',(22.3071796769725,40.2371685740842,0.2));
#2418=CARTESIAN_POINT('',(22.3071796769725,40.2371685740842,0.));
#2419=CARTESIAN_POINT('',(23.6928203230276,39.4371685740842,0.2));
#2420=CARTESIAN_POINT('Origin',(28.3071796769725,50.6294734194974,0.));
#2421=CARTESIAN_POINT('',(28.3071796769725,50.6294734194974,0.2));
#2422=CARTESIAN_POINT('',(28.3071796769725,50.6294734194974,0.));
#2423=CARTESIAN_POINT('',(22.3071796769725,40.2371685740842,0.2));
#2424=CARTESIAN_POINT('Origin',(29.6928203230276,49.8294734194974,0.));
#2425=CARTESIAN_POINT('',(28.3071796769725,50.6294734194974,0.2));
#2426=CARTESIAN_POINT('Origin',(26.,45.0333209967908,0.2));
#2427=CARTESIAN_POINT('Origin',(40.2371685740842,22.3071796769724,0.));
#2428=CARTESIAN_POINT('',(40.2371685740842,22.3071796769724,0.2));
#2429=CARTESIAN_POINT('',(40.2371685740842,22.3071796769724,0.));
#2430=CARTESIAN_POINT('',(50.6294734194975,28.3071796769724,0.2));
#2431=CARTESIAN_POINT('',(50.6294734194975,28.3071796769724,0.2));
#2432=CARTESIAN_POINT('',(50.6294734194975,28.3071796769724,0.));
#2433=CARTESIAN_POINT('Origin',(39.4371685740842,23.6928203230275,0.));
#2434=CARTESIAN_POINT('',(39.4371685740842,23.6928203230275,0.2));
#2435=CARTESIAN_POINT('',(39.4371685740842,23.6928203230275,0.));
#2436=CARTESIAN_POINT('',(40.2371685740842,22.3071796769724,0.2));
#2437=CARTESIAN_POINT('Origin',(49.8294734194975,29.6928203230275,0.));
#2438=CARTESIAN_POINT('',(49.8294734194975,29.6928203230275,0.2));
#2439=CARTESIAN_POINT('',(49.8294734194975,29.6928203230275,0.));
#2440=CARTESIAN_POINT('',(39.4371685740842,23.6928203230275,0.2));
#2441=CARTESIAN_POINT('Origin',(50.6294734194975,28.3071796769724,0.));
#2442=CARTESIAN_POINT('',(49.8294734194975,29.6928203230275,0.2));
#2443=CARTESIAN_POINT('Origin',(45.0333209967908,26.,0.2));
#2444=CARTESIAN_POINT('Origin',(46.,-0.800000000000006,0.));
#2445=CARTESIAN_POINT('',(46.,-0.800000000000006,0.2));
#2446=CARTESIAN_POINT('',(46.,-0.800000000000006,0.));
#2447=CARTESIAN_POINT('',(58.,-0.800000000000007,0.2));
#2448=CARTESIAN_POINT('',(58.,-0.800000000000007,0.2));
#2449=CARTESIAN_POINT('',(58.,-0.800000000000007,0.));
#2450=CARTESIAN_POINT('Origin',(46.,0.799999999999994,0.));
#2451=CARTESIAN_POINT('',(46.,0.799999999999994,0.2));
#2452=CARTESIAN_POINT('',(46.,0.799999999999994,0.));
#2453=CARTESIAN_POINT('',(46.,-0.800000000000006,0.2));
#2454=CARTESIAN_POINT('Origin',(58.,0.799999999999993,0.));
#2455=CARTESIAN_POINT('',(58.,0.799999999999993,0.2));
#2456=CARTESIAN_POINT('',(58.,0.799999999999993,0.));
#2457=CARTESIAN_POINT('',(46.,0.799999999999994,0.2));
#2458=CARTESIAN_POINT('Origin',(58.,-0.800000000000007,0.));
#2459=CARTESIAN_POINT('',(58.,0.799999999999993,0.2));
#2460=CARTESIAN_POINT('Origin',(52.,-6.36816335556624E-15,0.2));
#2461=CARTESIAN_POINT('Origin',(39.4371685740842,-23.6928203230276,0.));
#2462=CARTESIAN_POINT('',(39.4371685740842,-23.6928203230276,0.2));
#2463=CARTESIAN_POINT('',(39.4371685740842,-23.6928203230276,0.));
#2464=CARTESIAN_POINT('',(49.8294734194974,-29.6928203230276,0.2));
#2465=CARTESIAN_POINT('',(49.8294734194974,-29.6928203230276,0.2));
#2466=CARTESIAN_POINT('',(49.8294734194974,-29.6928203230276,0.));
#2467=CARTESIAN_POINT('Origin',(40.2371685740842,-22.3071796769725,0.));
#2468=CARTESIAN_POINT('',(40.2371685740842,-22.3071796769725,0.2));
#2469=CARTESIAN_POINT('',(40.2371685740842,-22.3071796769725,0.));
#2470=CARTESIAN_POINT('',(39.4371685740842,-23.6928203230276,0.2));
#2471=CARTESIAN_POINT('Origin',(50.6294734194974,-28.3071796769725,0.));
#2472=CARTESIAN_POINT('',(50.6294734194974,-28.3071796769725,0.2));
#2473=CARTESIAN_POINT('',(50.6294734194974,-28.3071796769725,0.));
#2474=CARTESIAN_POINT('',(40.2371685740842,-22.3071796769725,0.2));
#2475=CARTESIAN_POINT('Origin',(49.8294734194974,-29.6928203230276,0.));
#2476=CARTESIAN_POINT('',(50.6294734194974,-28.3071796769725,0.2));
#2477=CARTESIAN_POINT('Origin',(45.0333209967908,-26.,0.2));
#2478=CARTESIAN_POINT('Origin',(22.3071796769724,-40.2371685740842,0.));
#2479=CARTESIAN_POINT('',(22.3071796769724,-40.2371685740842,0.2));
#2480=CARTESIAN_POINT('',(22.3071796769724,-40.2371685740842,0.));
#2481=CARTESIAN_POINT('',(28.3071796769724,-50.6294734194975,0.2));
#2482=CARTESIAN_POINT('',(28.3071796769724,-50.6294734194975,0.2));
#2483=CARTESIAN_POINT('',(28.3071796769724,-50.6294734194975,0.));
#2484=CARTESIAN_POINT('Origin',(23.6928203230275,-39.4371685740842,0.));
#2485=CARTESIAN_POINT('',(23.6928203230275,-39.4371685740842,0.2));
#2486=CARTESIAN_POINT('',(23.6928203230275,-39.4371685740842,0.));
#2487=CARTESIAN_POINT('',(22.3071796769724,-40.2371685740842,0.2));
#2488=CARTESIAN_POINT('Origin',(29.6928203230275,-49.8294734194975,0.));
#2489=CARTESIAN_POINT('',(29.6928203230275,-49.8294734194975,0.2));
#2490=CARTESIAN_POINT('',(29.6928203230275,-49.8294734194975,0.));
#2491=CARTESIAN_POINT('',(23.6928203230275,-39.4371685740842,0.2));
#2492=CARTESIAN_POINT('Origin',(28.3071796769724,-50.6294734194975,0.));
#2493=CARTESIAN_POINT('',(29.6928203230275,-49.8294734194975,0.2));
#2494=CARTESIAN_POINT('Origin',(26.,-45.0333209967908,0.2));
#2495=CARTESIAN_POINT('Origin',(-0.800000000000003,-46.,0.));
#2496=CARTESIAN_POINT('',(-0.800000000000003,-46.,0.2));
#2497=CARTESIAN_POINT('',(-0.800000000000003,-46.,0.));
#2498=CARTESIAN_POINT('',(-0.800000000000004,-58.,0.2));
#2499=CARTESIAN_POINT('',(-0.800000000000004,-58.,0.2));
#2500=CARTESIAN_POINT('',(-0.800000000000004,-58.,0.));
#2501=CARTESIAN_POINT('Origin',(0.799999999999997,-46.,0.));
#2502=CARTESIAN_POINT('',(0.799999999999997,-46.,0.2));
#2503=CARTESIAN_POINT('',(0.799999999999997,-46.,0.));
#2504=CARTESIAN_POINT('',(-0.800000000000003,-46.,0.2));
#2505=CARTESIAN_POINT('Origin',(0.799999999999996,-58.,0.));
#2506=CARTESIAN_POINT('',(0.799999999999996,-58.,0.2));
#2507=CARTESIAN_POINT('',(0.799999999999996,-58.,0.));
#2508=CARTESIAN_POINT('',(0.799999999999997,-46.,0.2));
#2509=CARTESIAN_POINT('Origin',(-0.800000000000004,-58.,0.));
#2510=CARTESIAN_POINT('',(0.799999999999996,-58.,0.2));
#2511=CARTESIAN_POINT('Origin',(-3.18408167778312E-15,-52.,0.2));
#2512=CARTESIAN_POINT('Origin',(-23.6928203230276,-39.4371685740842,0.));
#2513=CARTESIAN_POINT('',(-23.6928203230276,-39.4371685740842,0.2));
#2514=CARTESIAN_POINT('',(-23.6928203230276,-39.4371685740842,0.));
#2515=CARTESIAN_POINT('',(-29.6928203230276,-49.8294734194974,0.2));
#2516=CARTESIAN_POINT('',(-29.6928203230276,-49.8294734194974,0.2));
#2517=CARTESIAN_POINT('',(-29.6928203230276,-49.8294734194974,0.));
#2518=CARTESIAN_POINT('Origin',(-22.3071796769725,-40.2371685740842,0.));
#2519=CARTESIAN_POINT('',(-22.3071796769725,-40.2371685740842,0.2));
#2520=CARTESIAN_POINT('',(-22.3071796769725,-40.2371685740842,0.));
#2521=CARTESIAN_POINT('',(-23.6928203230276,-39.4371685740842,0.2));
#2522=CARTESIAN_POINT('Origin',(-28.3071796769725,-50.6294734194974,0.));
#2523=CARTESIAN_POINT('',(-28.3071796769725,-50.6294734194974,0.2));
#2524=CARTESIAN_POINT('',(-28.3071796769725,-50.6294734194974,0.));
#2525=CARTESIAN_POINT('',(-22.3071796769725,-40.2371685740842,0.2));
#2526=CARTESIAN_POINT('Origin',(-29.6928203230276,-49.8294734194974,0.));
#2527=CARTESIAN_POINT('',(-28.3071796769725,-50.6294734194974,0.2));
#2528=CARTESIAN_POINT('Origin',(-26.,-45.0333209967908,0.2));
#2529=CARTESIAN_POINT('Origin',(-40.2371685740842,-22.3071796769724,0.));
#2530=CARTESIAN_POINT('',(-40.2371685740842,-22.3071796769724,0.2));
#2531=CARTESIAN_POINT('',(-40.2371685740842,-22.3071796769724,0.));
#2532=CARTESIAN_POINT('',(-50.6294734194975,-28.3071796769724,0.2));
#2533=CARTESIAN_POINT('',(-50.6294734194975,-28.3071796769724,0.2));
#2534=CARTESIAN_POINT('',(-50.6294734194975,-28.3071796769724,0.));
#2535=CARTESIAN_POINT('Origin',(-39.4371685740842,-23.6928203230275,0.));
#2536=CARTESIAN_POINT('',(-39.4371685740842,-23.6928203230275,0.2));
#2537=CARTESIAN_POINT('',(-39.4371685740842,-23.6928203230275,0.));
#2538=CARTESIAN_POINT('',(-40.2371685740842,-22.3071796769724,0.2));
#2539=CARTESIAN_POINT('Origin',(-49.8294734194975,-29.6928203230275,0.));
#2540=CARTESIAN_POINT('',(-49.8294734194975,-29.6928203230275,0.2));
#2541=CARTESIAN_POINT('',(-49.8294734194975,-29.6928203230275,0.));
#2542=CARTESIAN_POINT('',(-39.4371685740842,-23.6928203230275,0.2));
#2543=CARTESIAN_POINT('Origin',(-50.6294734194975,-28.3071796769724,0.));
#2544=CARTESIAN_POINT('',(-49.8294734194975,-29.6928203230275,0.2));
#2545=CARTESIAN_POINT('Origin',(-45.0333209967908,-26.,0.2));
#2546=CARTESIAN_POINT('Origin',(-46.,0.8,0.));
#2547=CARTESIAN_POINT('',(-46.,0.8,0.2));
#2548=CARTESIAN_POINT('',(-46.,0.8,0.));
#2549=CARTESIAN_POINT('',(-58.,0.8,0.2));
#2550=CARTESIAN_POINT('',(-58.,0.8,0.2));
#2551=CARTESIAN_POINT('',(-58.,0.8,0.));
#2552=CARTESIAN_POINT('Origin',(-46.,-0.8,0.));
#2553=CARTESIAN_POINT('',(-46.,-0.8,0.2));
#2554=CARTESIAN_POINT('',(-46.,-0.8,0.));
#2555=CARTESIAN_POINT('',(-46.,0.8,0.2));
#2556=CARTESIAN_POINT('Origin',(-58.,-0.8,0.));
#2557=CARTESIAN_POINT('',(-58.,-0.8,0.2));
#2558=CARTESIAN_POINT('',(-58.,-0.8,0.));
#2559=CARTESIAN_POINT('',(-46.,-0.8,0.2));
#2560=CARTESIAN_POINT('Origin',(-58.,0.8,0.));
#2561=CARTESIAN_POINT('',(-58.,-0.8,0.2));
#2562=CARTESIAN_POINT('Origin',(-52.,0.,0.2));
#2563=CARTESIAN_POINT('Origin',(57.9555495773441,-15.5291427061513,18.5));
#2564=CARTESIAN_POINT('',(56.3872592184584,-13.582230959249,18.5));
#2565=CARTESIAN_POINT('',(58.5521481197561,-13.1013720870046,18.5));
#2566=CARTESIAN_POINT('Origin',(57.9555495773441,-15.5291427061513,18.5));
#2567=CARTESIAN_POINT('',(56.3872592184584,-13.582230959249,22.));
#2568=CARTESIAN_POINT('',(56.3872592184584,-13.582230959249,18.5));
#2569=CARTESIAN_POINT('',(58.5521481197561,-13.1013720870046,22.));
#2570=CARTESIAN_POINT('Origin',(57.9555495773441,-15.5291427061513,22.));
#2571=CARTESIAN_POINT('',(58.5521481197561,-13.1013720870046,18.5));
#2572=CARTESIAN_POINT('Origin',(57.9555495773441,-15.5291427061513,18.5));
#2573=CARTESIAN_POINT('',(57.2583337613603,-17.9299530080998,18.5));
#2574=CARTESIAN_POINT('',(55.6239144125877,-16.4310725584522,18.5));
#2575=CARTESIAN_POINT('Origin',(57.9555495773441,-15.5291427061513,18.5));
#2576=CARTESIAN_POINT('',(57.2583337613603,-17.9299530080998,22.));
#2577=CARTESIAN_POINT('',(57.2583337613603,-17.9299530080998,18.5));
#2578=CARTESIAN_POINT('',(55.6239144125877,-16.4310725584522,22.));
#2579=CARTESIAN_POINT('Origin',(57.9555495773441,-15.5291427061513,22.));
#2580=CARTESIAN_POINT('',(55.6239144125877,-16.4310725584522,18.5));
#2581=CARTESIAN_POINT('Origin',(57.1794592571079,-15.1383339497184,22.));
#2582=CARTESIAN_POINT('Origin',(-1.7406969962942E-14,-1.50710192986316E-14,
22.));
#2583=CARTESIAN_POINT('Origin',(-1.7406969962942E-14,-1.50710192986316E-14,
22.));
#2584=CARTESIAN_POINT('Origin',(56.7725119380157,-15.3844728396816,18.5));
#2585=CARTESIAN_POINT('',(54.3282801335302,-20.3085690715192,18.5));
#2586=CARTESIAN_POINT('Origin',(2.17553705550116E-14,-7.53936854150464E-15,
18.5));
#2587=CARTESIAN_POINT('',(56.1147999164137,-21.2398029732118,18.5));
#2588=CARTESIAN_POINT('Origin',(57.9555495773441,-15.5291427061513,18.5));
#2589=CARTESIAN_POINT('Origin',(2.17553705550116E-14,-7.53936854150464E-15,
18.5));
#2590=CARTESIAN_POINT('Origin',(-42.4264068711929,-42.4264068711928,18.5));
#2591=CARTESIAN_POINT('',(-39.9561866600063,-42.0416834533387,18.5));
#2592=CARTESIAN_POINT('',(-40.6221951116564,-44.1569616743557,18.5));
#2593=CARTESIAN_POINT('Origin',(-42.4264068711929,-42.4264068711928,18.5));
#2594=CARTESIAN_POINT('',(-39.9561866600063,-42.0416834533387,22.));
#2595=CARTESIAN_POINT('',(-39.9561866600063,-42.0416834533387,18.5));
#2596=CARTESIAN_POINT('',(-40.6221951116564,-44.1569616743557,22.));
#2597=CARTESIAN_POINT('Origin',(-42.4264068711929,-42.4264068711928,22.));
#2598=CARTESIAN_POINT('',(-40.6221951116564,-44.1569616743557,18.5));
#2599=CARTESIAN_POINT('Origin',(-42.4264068711929,-42.4264068711928,18.5));
#2600=CARTESIAN_POINT('',(-44.1569616743558,-40.6221951116563,18.5));
#2601=CARTESIAN_POINT('',(-42.0416834533388,-39.9561866600062,18.5));
#2602=CARTESIAN_POINT('Origin',(-42.4264068711929,-42.4264068711928,18.5));
#2603=CARTESIAN_POINT('',(-44.1569616743558,-40.6221951116563,22.));
#2604=CARTESIAN_POINT('',(-44.1569616743558,-40.6221951116563,18.5));
#2605=CARTESIAN_POINT('',(-42.0416834533388,-39.9561866600062,22.));
#2606=CARTESIAN_POINT('Origin',(-42.4264068711929,-42.4264068711928,22.));
#2607=CARTESIAN_POINT('',(-42.0416834533388,-39.9561866600062,18.5));
#2608=CARTESIAN_POINT('Origin',(-41.6999113999825,-41.9496973164536,22.));
#2609=CARTESIAN_POINT('Origin',(-4.34840059206952E-15,2.26103878401363E-14,
22.));
#2610=CARTESIAN_POINT('Origin',(-4.34840059206952E-15,2.26103878401363E-14,
22.));
#2611=CARTESIAN_POINT('Origin',(-41.6734975540898,-41.6734975540898,18.5));
#2612=CARTESIAN_POINT('',(-44.7518767972117,-36.895386203795,18.5));
#2613=CARTESIAN_POINT('Origin',(2.17553705550116E-14,-7.53936854150464E-15,
18.5));
#2614=CARTESIAN_POINT('',(-46.4516089043845,-37.9769407692892,18.5));
#2615=CARTESIAN_POINT('Origin',(-42.4264068711928,-42.4264068711928,18.5));
#2616=CARTESIAN_POINT('Origin',(2.17553705550116E-14,-7.53936854150464E-15,
18.5));
#2617=CARTESIAN_POINT('Origin',(-15.5291427061512,57.9555495773441,18.5));
#2618=CARTESIAN_POINT('',(-16.4310725584521,55.6239144125877,18.5));
#2619=CARTESIAN_POINT('',(-17.9299530080997,57.2583337613603,18.5));
#2620=CARTESIAN_POINT('Origin',(-15.5291427061512,57.9555495773441,18.5));
#2621=CARTESIAN_POINT('',(-16.4310725584521,55.6239144125877,22.));
#2622=CARTESIAN_POINT('',(-16.4310725584521,55.6239144125877,18.5));
#2623=CARTESIAN_POINT('',(-17.9299530080997,57.2583337613603,22.));
#2624=CARTESIAN_POINT('Origin',(-15.5291427061512,57.9555495773441,22.));
#2625=CARTESIAN_POINT('',(-17.9299530080997,57.2583337613603,18.5));
#2626=CARTESIAN_POINT('Origin',(-15.5291427061512,57.9555495773441,18.5));
#2627=CARTESIAN_POINT('',(-13.1013720870045,58.5521481197561,18.5));
#2628=CARTESIAN_POINT('',(-13.5822309592489,56.3872592184584,18.5));
#2629=CARTESIAN_POINT('Origin',(-15.5291427061512,57.9555495773441,18.5));
#2630=CARTESIAN_POINT('',(-13.1013720870045,58.5521481197561,22.));
#2631=CARTESIAN_POINT('',(-13.1013720870045,58.5521481197561,18.5));
#2632=CARTESIAN_POINT('',(-13.5822309592489,56.3872592184584,22.));
#2633=CARTESIAN_POINT('Origin',(-15.5291427061512,57.9555495773441,22.));
#2634=CARTESIAN_POINT('',(-13.5822309592489,56.3872592184584,18.5));
#2635=CARTESIAN_POINT('Origin',(-15.4795478571255,57.0880312661719,22.));
#2636=CARTESIAN_POINT('Origin',(2.17553705550116E-14,-7.53936854150464E-15,
22.));
#2637=CARTESIAN_POINT('Origin',(2.17553705550116E-14,-7.53936854150464E-15,
22.));
#2638=CARTESIAN_POINT('Origin',(-15.3844728396815,56.7725119380157,18.5));
#2639=CARTESIAN_POINT('',(-9.57640333631852,57.2039552753142,18.5));
#2640=CARTESIAN_POINT('Origin',(2.17553705550116E-14,-7.53936854150464E-15,
18.5));
#2641=CARTESIAN_POINT('',(-9.66319101202911,59.2167437425011,18.5));
#2642=CARTESIAN_POINT('Origin',(-15.5291427061512,57.9555495773441,18.5));
#2643=CARTESIAN_POINT('Origin',(2.17553705550116E-14,-7.53936854150464E-15,
18.5));
#2644=CARTESIAN_POINT('Origin',(2.17553705550116E-14,-7.53936854150464E-15,
0.8));
#2645=CARTESIAN_POINT('',(-9.57640333631852,57.2039552753142,0.8));
#2646=CARTESIAN_POINT('',(-20.3085690715191,54.3282801335302,0.8));
#2647=CARTESIAN_POINT('Origin',(2.17553705550116E-14,-7.53936854150464E-15,
0.8));
#2648=CARTESIAN_POINT('',(-9.57640333631852,57.2039552753142,0.8));
#2649=CARTESIAN_POINT('',(-20.3085690715191,54.3282801335302,18.5));
#2650=CARTESIAN_POINT('Origin',(2.17553705550116E-14,-7.53936854150464E-15,
18.5));
#2651=CARTESIAN_POINT('',(-20.3085690715191,54.3282801335302,0.8));
#2652=CARTESIAN_POINT('Origin',(-15.5291427061512,57.9555495773441,0.8));
#2653=CARTESIAN_POINT('',(-21.2398029732118,56.1147999164137,0.8));
#2654=CARTESIAN_POINT('Origin',(-15.5291427061512,57.9555495773441,0.8));
#2655=CARTESIAN_POINT('',(-21.2398029732118,56.1147999164137,18.5));
#2656=CARTESIAN_POINT('Origin',(-15.5291427061512,57.9555495773441,18.5));
#2657=CARTESIAN_POINT('',(-21.2398029732118,56.1147999164137,0.8));
#2658=CARTESIAN_POINT('Origin',(-15.5291427061512,57.9555495773441,0.8));
#2659=CARTESIAN_POINT('',(-9.66319101202911,59.2167437425011,0.8));
#2660=CARTESIAN_POINT('Origin',(-15.5291427061512,57.9555495773441,0.8));
#2661=CARTESIAN_POINT('',(-9.66319101202911,59.2167437425011,0.8));
#2662=CARTESIAN_POINT('Origin',(-15.3844728396815,56.7725119380157,18.5));
#2663=CARTESIAN_POINT('Origin',(2.17553705550116E-14,-7.53936854150464E-15,
18.5));
#2664=CARTESIAN_POINT('Origin',(57.9555495773441,-15.5291427061513,0.8));
#2665=CARTESIAN_POINT('',(56.1147999164137,-21.2398029732118,0.8));
#2666=CARTESIAN_POINT('',(54.3282801335302,-20.3085690715192,0.8));
#2667=CARTESIAN_POINT('Origin',(57.9555495773441,-15.5291427061513,0.8));
#2668=CARTESIAN_POINT('',(56.1147999164137,-21.2398029732118,0.8));
#2669=CARTESIAN_POINT('',(54.3282801335302,-20.3085690715192,0.8));
#2670=CARTESIAN_POINT('Origin',(2.17553705550116E-14,-7.53936854150464E-15,
0.8));
#2671=CARTESIAN_POINT('',(57.2039552753142,-9.57640333631855,0.8));
#2672=CARTESIAN_POINT('Origin',(2.17553705550116E-14,-7.53936854150464E-15,
0.8));
#2673=CARTESIAN_POINT('',(57.2039552753142,-9.57640333631855,18.5));
#2674=CARTESIAN_POINT('Origin',(2.17553705550116E-14,-7.53936854150464E-15,
18.5));
#2675=CARTESIAN_POINT('',(57.2039552753142,-9.57640333631855,0.8));
#2676=CARTESIAN_POINT('Origin',(57.9555495773441,-15.5291427061513,0.8));
#2677=CARTESIAN_POINT('',(59.2167437425011,-9.66319101202914,0.8));
#2678=CARTESIAN_POINT('Origin',(57.9555495773441,-15.5291427061513,0.8));
#2679=CARTESIAN_POINT('',(59.2167437425011,-9.66319101202914,18.5));
#2680=CARTESIAN_POINT('Origin',(57.9555495773441,-15.5291427061513,18.5));
#2681=CARTESIAN_POINT('',(59.2167437425011,-9.66319101202914,0.8));
#2682=CARTESIAN_POINT('Origin',(56.7725119380157,-15.3844728396816,18.5));
#2683=CARTESIAN_POINT('Origin',(2.17553705550116E-14,-7.53936854150464E-15,
18.5));
#2684=CARTESIAN_POINT('Origin',(2.17553705550116E-14,-7.53936854150464E-15,
0.8));
#2685=CARTESIAN_POINT('',(-44.7518767972117,-36.895386203795,0.8));
#2686=CARTESIAN_POINT('',(-36.895386203795,-44.7518767972117,0.8));
#2687=CARTESIAN_POINT('Origin',(2.17553705550116E-14,-7.53936854150464E-15,
0.8));
#2688=CARTESIAN_POINT('',(-44.7518767972117,-36.895386203795,0.8));
#2689=CARTESIAN_POINT('',(-36.895386203795,-44.7518767972117,18.5));
#2690=CARTESIAN_POINT('Origin',(2.17553705550116E-14,-7.53936854150464E-15,
18.5));
#2691=CARTESIAN_POINT('',(-36.895386203795,-44.7518767972117,0.8));
#2692=CARTESIAN_POINT('Origin',(-42.4264068711928,-42.4264068711928,0.8));
#2693=CARTESIAN_POINT('',(-37.9769407692892,-46.4516089043845,0.8));
#2694=CARTESIAN_POINT('Origin',(-42.4264068711928,-42.4264068711928,0.8));
#2695=CARTESIAN_POINT('',(-37.9769407692892,-46.4516089043845,18.5));
#2696=CARTESIAN_POINT('Origin',(-42.4264068711928,-42.4264068711928,18.5));
#2697=CARTESIAN_POINT('',(-37.9769407692892,-46.4516089043845,0.8));
#2698=CARTESIAN_POINT('Origin',(-42.4264068711928,-42.4264068711928,0.8));
#2699=CARTESIAN_POINT('',(-46.4516089043845,-37.9769407692892,0.8));
#2700=CARTESIAN_POINT('Origin',(-42.4264068711928,-42.4264068711928,0.8));
#2701=CARTESIAN_POINT('',(-46.4516089043845,-37.9769407692892,0.8));
#2702=CARTESIAN_POINT('Origin',(-41.6734975540898,-41.6734975540898,18.5));
#2703=CARTESIAN_POINT('Origin',(2.17553705550116E-14,-7.53936854150464E-15,
18.5));
#2704=CARTESIAN_POINT('Origin',(0.,0.,0.));
#2705=CARTESIAN_POINT('',(-12.5,-1.11022302462516E-15,0.8));
#2706=CARTESIAN_POINT('Origin',(0.,0.,0.8));
#2707=CARTESIAN_POINT('',(-12.5,-1.53080849893419E-15,0.));
#2708=CARTESIAN_POINT('Origin',(0.,0.,0.));
#2709=CARTESIAN_POINT('',(-34.0926399477692,7.91782175801981,0.8));
#2710=CARTESIAN_POINT('',(-34.0926399477692,7.91782175801981,0.));
#2711=CARTESIAN_POINT('',(-7.9178217580198,34.0926399477692,0.8));
#2712=CARTESIAN_POINT('Origin',(0.,0.,0.8));
#2713=CARTESIAN_POINT('',(-7.9178217580198,34.0926399477692,0.));
#2714=CARTESIAN_POINT('Origin',(-24.0416305603426,24.0416305603426,0.));
#2715=CARTESIAN_POINT('Origin',(-24.0416305603426,24.0416305603426,0.8));
#2716=CARTESIAN_POINT('Origin',(0.,0.,0.));
#2717=CARTESIAN_POINT('Origin',(0.,0.,0.8));
#2718=CARTESIAN_POINT('',(-60.,-7.34788079488412E-15,0.8));
#2719=CARTESIAN_POINT('Origin',(0.,0.,0.8));
#2720=CARTESIAN_POINT('',(-60.,-7.34788079488412E-15,0.));
#2721=CARTESIAN_POINT('Origin',(0.,0.,0.8));
#2722=CARTESIAN_POINT('Origin',(0.,0.,0.8));
#2723=CARTESIAN_POINT('Origin',(0.,0.,0.8));
#2724=UNCERTAINTY_MEASURE_WITH_UNIT(LENGTH_MEASURE(0.01),#2728,
'DISTANCE_ACCURACY_VALUE',
'Maximum model space distance between geometric entities at asserted c
onnectivities');
#2725=UNCERTAINTY_MEASURE_WITH_UNIT(LENGTH_MEASURE(0.01),#2728,
'DISTANCE_ACCURACY_VALUE',
'Maximum model space distance between geometric entities at asserted c
onnectivities');
#2726=(
GEOMETRIC_REPRESENTATION_CONTEXT(3)
GLOBAL_UNCERTAINTY_ASSIGNED_CONTEXT((#2724))
GLOBAL_UNIT_ASSIGNED_CONTEXT((#2728,#2730,#2731))
REPRESENTATION_CONTEXT('','3D')
);
#2727=(
GEOMETRIC_REPRESENTATION_CONTEXT(3)
GLOBAL_UNCERTAINTY_ASSIGNED_CONTEXT((#2725))
GLOBAL_UNIT_ASSIGNED_CONTEXT((#2728,#2730,#2731))
REPRESENTATION_CONTEXT('','3D')
);
#2728=(
LENGTH_UNIT()
NAMED_UNIT(*)
SI_UNIT(.MILLI.,.METRE.)
);
#2729=(
LENGTH_UNIT()
NAMED_UNIT(*)
SI_UNIT($,.METRE.)
);
#2730=(
NAMED_UNIT(*)
PLANE_ANGLE_UNIT()
SI_UNIT($,.RADIAN.)
);
#2731=(
NAMED_UNIT(*)
SI_UNIT($,.STERADIAN.)
SOLID_ANGLE_UNIT()
);
#2732=SHAPE_DEFINITION_REPRESENTATION(#2733,#2734);
#2733=PRODUCT_DEFINITION_SHAPE('',$,#2736);
#2734=SHAPE_REPRESENTATION('',(#1640),#2726);
#2735=PRODUCT_DEFINITION_CONTEXT('part definition',#2740,'design');
#2736=PRODUCT_DEFINITION('10 quadrante','10 quadrante v17',#2737,#2735);
#2737=PRODUCT_DEFINITION_FORMATION('',$,#2742);
#2738=PRODUCT_RELATED_PRODUCT_CATEGORY('10 quadrante v17',
'10 quadrante v17',(#2742));
#2739=APPLICATION_PROTOCOL_DEFINITION('international standard',
'ap242_managed_model_based_3d_engineering',2011,#2740);
#2740=APPLICATION_CONTEXT('Managed model based 3d engineering');
#2741=PRODUCT_CONTEXT('part definition',#2740,'mechanical');
#2742=PRODUCT('10 quadrante','10 quadrante v17',$,(#2741));
#2743=PRESENTATION_STYLE_ASSIGNMENT((#2745));
#2744=PRESENTATION_STYLE_ASSIGNMENT((#2746));
#2745=SURFACE_STYLE_USAGE(.BOTH.,#2747);
#2746=SURFACE_STYLE_USAGE(.BOTH.,#2748);
#2747=SURFACE_SIDE_STYLE('',(#2749));
#2748=SURFACE_SIDE_STYLE('',(#2750));
#2749=SURFACE_STYLE_FILL_AREA(#2751);
#2750=SURFACE_STYLE_FILL_AREA(#2752);
#2751=FILL_AREA_STYLE('Acciaio - Satinato',(#2753));
#2752=FILL_AREA_STYLE('Nylon 6-6 (bianco)',(#2754));
#2753=FILL_AREA_STYLE_COLOUR('Acciaio - Satinato',#2755);
#2754=FILL_AREA_STYLE_COLOUR('Nylon 6-6 (bianco)',#2756);
#2755=COLOUR_RGB('Acciaio - Satinato',0.627450980392157,0.627450980392157,
0.627450980392157);
#2756=COLOUR_RGB('Nylon 6-6 (bianco)',0.972549019607843,0.968627450980392,
0.929411764705882);
ENDSEC;
END-ISO-10303-21;
